model,bins,sample_size,repetitions,defined_repetitions,median_joint_mi_bits,q05_joint_mi_bits,q95_joint_mi_bits,median_joint_mi_error_bits,median_leakage,median_absolute_atom_error_bits,median_occupied_cells,median_singleton_cells,median_fraction_total_variation,median_expected_component_fraction,q05_expected_component_fraction,q95_fraction_total_variation,fraction_expected_component_largest,fraction_expected_component_sole_largest
independent,2,36,200,200,0.3527034735516713,0.18849885809451228,0.5428419961485546,0.3527034735516713,0.6408594770564602,0.3527034735516713,22.0,12.0,,,,,,
independent,2,78,200,200,0.15821211719734324,0.09247343409328813,0.2585718826974964,0.15821211719734324,0.8391020878370177,0.15821211719734324,29.0,7.0,,,,,,
independent,2,90,200,200,0.13630417174688036,0.06736267649887183,0.2433853502927606,0.13630417174688036,0.8622106314228912,0.13630417174688036,31.0,6.0,,,,,,
independent,2,512,200,200,0.019037224248867203,0.010207908708112822,0.03668824873191469,0.019037224248867203,0.980927527973084,0.019037224248867203,32.0,0.0,,,,,,
independent,3,36,200,200,1.3038412750665607,1.0946164557444291,1.4516011598601726,1.3038412750665611,0.15722093315298274,1.303841275066561,33.0,31.0,,,,,,
independent,3,78,200,200,1.0759485789797207,0.9279736341269457,1.2016887898408208,1.0759485789797212,0.3125683855962572,1.0759485789797205,67.0,57.0,,,,,,
independent,3,90,200,200,1.015025205675963,0.8769524570465933,1.1307339280362676,1.0150252056759634,0.35316497675577874,1.015025205675963,75.0,62.0,,,,,,
independent,3,512,200,200,0.26846243088094013,0.225749659533526,0.31215817898615367,0.2684624308809406,0.8303805826178063,0.2684624308809399,214.0,63.0,,,,,,
redundant,2,36,200,200,0.9910760598381068,0.9182958340543756,0.9999999999998845,-0.008923940158137134,1.1650285910433942e-13,0.07227921661679379,8.0,0.0,0.023147748170977714,0.9768522518289138,0.8897910685775485,0.1102089314223494,1.0,1.0
redundant,2,78,200,200,0.9957274520848709,0.9607767884936718,0.9999999999999456,-0.0042725479113729925,5.509319331284311e-14,0.025739769206399088,8.0,0.0,0.008909715210217873,0.9910902847897459,0.9513719817841472,0.04862801821580457,1.0,1.0
redundant,2,90,200,200,0.996791631981589,0.9709505944546214,0.9999999999999525,-0.00320836801465485,4.767048992926547e-14,0.02478184347929952,8.0,0.0,0.008489511198865523,0.9915104888010926,0.9563773915956719,0.04362260840428586,1.0,1.0
redundant,2,512,200,200,0.9992954443621462,0.9946660886725465,0.999988993082344,-0.0007045556340977144,8.893632683840613e-15,0.00428700313411124,8.0,0.0,0.0013805543471519964,0.9986194456528421,0.9923310305854284,0.007668969414571184,1.0,1.0
redundant,3,36,200,200,1.5545851693371198,1.468815341208169,1.5816190528445153,-0.030377331358144022,4.0564490810934826e-13,0.307396598917695,20.0,9.0,0.08697004149232188,0.9130299585067139,0.8156729447132508,0.18432705528574633,1.0,1.0
redundant,3,78,200,200,1.5709656476482263,1.5214827399645117,1.5828541764727841,-0.013996853047037572,2.301686989066406e-13,0.12831944261145503,26.0,4.0,0.03495769702646753,0.9650423029731254,0.9293113112075978,0.07068868879199779,1.0,1.0
redundant,3,90,200,200,1.5735172411196778,1.540733249556882,1.583376455024934,-0.011445259575585953,2.015427765142353e-13,0.1065941607067572,26.0,3.0,0.029043060735497228,0.9709569392641536,0.9372682800577753,0.06273171994187675,1.0,1.0
redundant,3,512,200,200,1.5829335287869837,1.5749932620340181,1.584857831145499,-0.0020289719082803304,3.8253215949861266e-14,0.019283276949592268,27.0,0.0,0.004820362328518077,0.9951796376714179,0.9889055372836991,0.01109446271623651,1.0,1.0
synergistic,2,36,200,200,0.9910760598380173,0.9182958340542984,0.9999999999997955,-0.008923940154950905,2.0518217476179895e-13,0.22355493967439505,15.0,4.0,0.10336651433615264,0.8966334856638472,0.7554500694181313,0.24454993058186833,1.0,1.0
synergistic,2,78,200,200,0.9957274520848232,0.9612366047227736,0.9999999999998973,-0.004272547908145075,1.0337037736445506e-13,0.09964370357531532,16.0,0.0,0.04346813325046507,0.9565318667495348,0.8919561853070531,0.1080438146929467,0.99,0.99
synergistic,2,90,200,200,0.9967916319815471,0.9640787648081401,0.9999999999999105,-0.0032083680114211033,8.97220049835604e-14,0.09615707317636912,16.0,0.0,0.04408436972962623,0.9559156302703735,0.49453863197392184,0.5054613680260779,0.97,0.97
synergistic,2,512,200,200,0.9994605951780544,0.9941694966703144,0.9999889930823362,-0.0005394048149137687,1.6880035186780256e-14,0.01550978621879858,16.0,0.0,0.00711884691829694,0.9928811530817029,0.48622367915514336,0.5137763208448564,0.885,0.885
synergistic,3,36,200,200,1.5545851693369839,1.436551893242539,1.5816190528443412,-0.030377331316764455,5.484371946375521e-13,1.1980084975653047,29.0,22.0,0.37114601444554934,0.6288539855544504,0.5112897225435801,0.4887102774564196,1.0,1.0
synergistic,3,78,200,200,1.5702229114721051,1.530444638089277,1.5842509371379112,-0.014739589181643198,4.117080800163559e-13,0.5284698758418411,50.0,30.0,0.1631356008885898,0.8368643991114101,0.778795208869428,0.22120479113057195,1.0,1.0
synergistic,3,90,200,200,1.5750441411168221,1.5407332495566104,1.5844280702296434,-0.009918359536926102,3.8333124232208053e-13,0.4445387252912044,55.0,30.0,0.13803058493108433,0.8619694150689153,0.8067467021322232,0.19325329786777662,1.0,1.0
synergistic,3,512,200,200,1.5832528571579125,1.5772385403142608,1.584858650267384,-0.0017096434958355777,1.0143619995670984e-13,0.07706410427629311,81.0,1.0,0.02348912450662661,0.9765108754933733,0.6537828633817395,0.3462171366182602,1.0,1.0
unique,2,36,200,200,0.9910760598380175,0.9182958340542992,0.9999999999997953,-0.008923940154950627,2.0518217476179895e-13,0.10420640608983613,15.0,4.0,0.039529334784118866,0.960470665215881,0.5104691563336649,0.48953084366633487,0.99,0.99
unique,2,78,200,200,0.9957274520848229,0.9612366047227734,0.9999999999998973,-0.004272547908145241,1.0347078055293708e-13,0.05030885570075076,16.0,0.0,0.019756118090503837,0.9802438819094961,0.46348496643272014,0.5365150335672797,0.9,0.9
unique,2,90,200,200,0.9967916319815471,0.9709505944545793,0.9999999999999105,-0.0032083680114211033,8.973798957740815e-14,0.04456922225851094,16.0,0.0,0.01761486782775282,0.9823851321722469,0.5053301910428002,0.4946698089571997,0.98,0.98
unique,2,512,200,200,0.9992954443621385,0.9941435574213496,0.9999999999999833,-0.0007045556308296619,1.688449755369869e-14,0.008756726224346374,16.0,0.0,0.0037338398519019076,0.996266160148098,3.292761571104816e-16,0.9999999999999996,0.77,0.77
unique,3,36,200,200,1.560535827618553,1.4591479170264412,1.5816190528443168,-0.02442667303519519,5.492895179027805e-13,0.3458518926336268,29.0,23.0,0.09629106684305039,0.9037089331569496,0.78450274653534,0.21549725346465975,1.0,1.0
unique,3,78,200,200,1.5717982364434873,1.5309928409269673,1.5842509371378881,-0.013164264210261067,4.081468275925123e-13,0.15206458144182758,50.0,29.0,0.04263391678935034,0.9573660832106496,0.9100450286252658,0.08995497137473416,1.0,1.0
unique,3,90,200,200,1.5735172411193363,1.5346408458551515,1.5833764550245946,-0.011445259534411889,3.8470003216926336e-13,0.12654043668305834,55.0,30.0,0.035239774919258865,0.964760225080741,0.9322849540632631,0.06771504593673676,1.0,1.0
unique,3,512,200,200,1.5833143431825385,1.576956230773716,1.5848750568847068,-0.0016481574712097213,1.0156367630832806e-13,0.027718518841000933,81.0,1.0,0.007882859034282286,0.9921171409657179,0.6574367684812229,0.3425632315187773,0.985,0.985
