target,lag,synergy_bits,joint_mi_bits,normalized_synergy,leak,empty_fraction
continuum,1,0.6629163259390831,1.2897287172964975,0.5139967165565442,0.5156963179353914,0.939697265625
continuum,2,0.6680219059153063,1.266578753304654,0.527422321093227,0.5244524138665294,0.939453125
continuum,3,0.6695306713389,1.2486247334811678,0.536214487336197,0.5312553937592324,0.939453125
continuum,4,0.6453091504501736,1.2106092160335167,0.533044967693611,0.5455866535285854,0.93701171875
continuum,5,0.650684033679547,1.196955805915676,0.543615754619922,0.5507706137466963,0.9365234375
continuum,6,0.6674673572947551,1.2001859800434778,0.5561366058205209,0.5496172808970022,0.936767578125
continuum,7,0.6716906822589518,1.1859319872527467,0.5663821277094877,0.5550243273398343,0.93603515625
continuum,8,0.6799626481426684,1.1744608058830344,0.5789572923478099,0.5593857702847295,0.93603515625
continuum,9,0.6902494457605459,1.1677375526438314,0.5910998102251467,0.5619648786361333,0.935546875
continuum,10,0.7028299060566005,1.173078666156926,0.5991328001549224,0.5600182010719712,0.935302734375
continuum,11,0.7005886841052418,1.162270615703696,0.6027758721931302,0.5641280586061621,0.9345703125
continuum,12,0.7309161161920206,1.1806777692733752,0.6190648585192287,0.5572818625921424,0.93505859375
continuum,13,0.7437958815499427,1.1868384544307928,0.6267035574834545,0.5550286939629947,0.935302734375
continuum,14,0.7489838429540046,1.2002806755512747,0.6240072494793812,0.550046250410718,0.936279296875
continuum,15,0.7577430685669313,1.2074413241978184,0.6275609865103376,0.5474193755386468,0.937255859375
continuum,16,0.7763192006765911,1.223552922616799,0.6344794624954072,0.5414383417869122,0.9384765625
continuum,17,0.7709716764804703,1.2110317563513906,0.636623831238961,0.5461882156922381,0.9365234375
continuum,18,0.7682106416760541,1.1943455516947052,0.6432063489381351,0.5524972681990417,0.935546875
continuum,19,0.7750812153594426,1.1936102463144953,0.6493587146664141,0.5528287328097309,0.935302734375
continuum,20,0.7796591843397361,1.1958778092046058,0.6519555579497689,0.5520350667281957,0.93701171875
continuum,21,0.76691607013297,1.1856105745897048,0.6468532641068682,0.5559362336701787,0.9365234375
continuum,22,0.7832439880419604,1.197687497072661,0.6539635672546749,0.5514683889979046,0.937255859375
continuum,23,0.7784795865633147,1.185381222630864,0.6567335231070542,0.5561317766436462,0.937255859375
continuum,24,0.776089927411848,1.178274670625502,0.6586663931253405,0.5588470064107421,0.93701171875
continuum,25,0.7720315313831667,1.1708096683712719,0.659399689154557,0.5616955564914534,0.936767578125
continuum,26,0.7678070370610366,1.1636895576612778,0.6598040104477133,0.5644141097181102,0.936279296875
continuum,27,0.7541691942048433,1.1455309775684395,0.658357747605988,0.5712631564185826,0.93505859375
continuum,28,0.7480260887851116,1.135245640743907,0.6589112188045424,0.5749739640789149,0.934814453125
continuum,29,0.764477714799016,1.1470931238522035,0.6664478226769622,0.570590314526357,0.936279296875
continuum,30,0.7616067474842223,1.139843592326488,0.6681677667106397,0.5733555494138849,0.935791015625
continuum,31,0.7723251564919866,1.1485238357777154,0.6724502639242238,0.5701581033004818,0.936767578125
continuum,32,0.7869298051390674,1.1609135437851146,0.6778539274968854,0.5655730938935037,0.936279296875
continuum,33,0.8024286711281796,1.1744092461742643,0.683261540848863,0.5605751426029147,0.93701171875
continuum,34,0.8175069177640171,1.1878641078083332,0.6882158593648873,0.5555934450615035,0.93896484375
continuum,35,0.8139407335983814,1.185247992667813,0.6867261017386956,0.5564261282210499,0.938232421875
continuum,36,0.8154551728332682,1.188330282313192,0.6862192985993012,0.5551244684488847,0.938720703125
continuum,37,0.820233186358146,1.1939830554333202,0.6869722167543384,0.552857694574551,0.937744140625
continuum,38,0.8140807782194399,1.1846030095969333,0.6872182255356879,0.5562194048475673,0.936279296875
continuum,39,0.8216005977833305,1.2002036772237845,0.684550975284288,0.5502201817702574,0.938232421875
continuum,40,0.811709385692728,1.1994185051178032,0.676752428138504,0.5503578979515347,0.937744140625
continuum,41,0.7989906606221944,1.1831300393726285,0.675319393501217,0.5565167628024993,0.936767578125
continuum,42,0.7983971483436991,1.174456595561641,0.6798013237448718,0.5598198827568941,0.936767578125
continuum,43,0.8091554248031345,1.1786988971531407,0.686481871457971,0.5582818232166082,0.9375
continuum,44,0.8062866586339253,1.1740885406675774,0.686734118174322,0.5600815565187003,0.9375
continuum,45,0.7870762135843696,1.1565724612855224,0.6805247746514211,0.5667154025257438,0.935791015625
continuum,46,0.7857660533503346,1.1571967530653107,0.6790254563616002,0.5665521536144246,0.93701171875
continuum,47,0.775556126955351,1.1510441448736364,0.6737848677736794,0.5689268034188121,0.937255859375
continuum,48,0.770774260889465,1.1464637046836126,0.6723058547258364,0.5707118452006325,0.93603515625
continuum,49,0.7716624150568285,1.1492776037191743,0.6714325699549472,0.569727833792505,0.935791015625
continuum,50,0.7719609369890633,1.1525806986495528,0.6697673645702629,0.5685425753316838,0.93603515625
continuum,51,0.7743098309502185,1.1578266544256017,0.6687614488667597,0.5666489267118938,0.93603515625
continuum,52,0.7927160242076503,1.1799188751735417,0.671839429715927,0.5584515430090212,0.936767578125
continuum,53,0.8058100718307117,1.1949723970229549,0.6743336279885906,0.5528902427844192,0.937255859375
continuum,54,0.7999314046589046,1.1925697220646203,0.6707627989028885,0.5538609208909799,0.9375
continuum,55,0.8039372069403767,1.2003478829655885,0.6697535092528039,0.5510231017749612,0.9384765625
continuum,56,0.8104160512982332,1.2065083557251255,0.6717036375692266,0.5487910148120434,0.93896484375
continuum,57,0.8226811640225062,1.226757098805559,0.6706145534625525,0.541291601989763,0.9404296875
continuum,58,0.8162512428488196,1.2201198162561122,0.6689926939744764,0.5438460246238025,0.939697265625
continuum,59,0.8249383026954126,1.2213383585400255,0.6754379709170314,0.5433977729387559,0.939697265625
continuum,60,0.8339626169834062,1.2269927075169995,0.6796801740338395,0.5413568389439147,0.939697265625
continuum,61,0.8253716381003485,1.2171684862873688,0.6781079590861847,0.5450360668769505,0.940185546875
continuum,62,0.8193269870318147,1.2172374974269093,0.6731036373458519,0.545016825723602,0.939453125
continuum,63,0.8036553289799475,1.2045302364195472,0.6671939854069617,0.5498382953544729,0.93798828125
continuum,64,0.8118343770430398,1.2136417845255796,0.6689242142073999,0.54643932359714,0.938720703125
continuum,65,0.8131165791926287,1.2264030385888014,0.6630092666178212,0.541676058431561,0.93896484375
continuum,66,0.8143750008347233,1.22724466075144,0.6635799909172819,0.5413669459116155,0.9384765625
continuum,67,0.8205919862881055,1.2251169598368998,0.6698070577664283,0.5421670450142492,0.938232421875
continuum,68,0.821663638946395,1.2278651092079504,0.6691807046104757,0.5411445636914898,0.938720703125
continuum,69,0.8354247155605872,1.2376820452311998,0.6749913831096493,0.5374800528942815,0.938720703125
continuum,70,0.8234685139425888,1.2203538247760006,0.6747784922899215,0.5439591684513294,0.9375
continuum,71,0.818234452026851,1.2208720594029312,0.6702049127301754,0.5437686366940955,0.937255859375
continuum,72,0.8243532024143138,1.236234730385521,0.6668257913747807,0.5380304183343975,0.937744140625
continuum,73,0.8323098105803401,1.2420789835070776,0.6700941096598125,0.5358487216454418,0.9384765625
continuum,74,0.8411859414361027,1.249382000031369,0.6732816235666774,0.5331214490023998,0.9384765625
continuum,75,0.8467443794028248,1.2533829427157452,0.6755671794672397,0.5316276561738317,0.938720703125
continuum,76,0.8499805807367868,1.2493386377248217,0.6803444279004224,0.53321476717206,0.9375
continuum,77,0.8637191104555726,1.26322972538006,0.6837387476737146,0.5281011535359085,0.938232421875
continuum,78,0.8663963718808305,1.275076486782056,0.6794858040770383,0.5237525888801527,0.93798828125
continuum,79,0.897234727675601,1.306635975995257,0.6866753588291357,0.5120436386387198,0.9404296875
continuum,80,0.8909204359185615,1.3039340933410926,0.6832557262428356,0.5131309512799537,0.940673828125
continuum,81,0.8815611475562427,1.2984310279275637,0.6789433775033161,0.5152634853130733,0.940185546875
continuum,82,0.854585111984774,1.2696289104772445,0.6730983399421344,0.5260918776260146,0.939208984375
continuum,83,0.8488532991957762,1.2662542820211011,0.6703655902674616,0.5274269528487988,0.939697265625
continuum,84,0.8571135978701842,1.2747304627506106,0.67238810314512,0.5243393412779008,0.94091796875
continuum,85,0.8520951772594474,1.2755717532594513,0.6680103844272971,0.5240868567145525,0.940185546875
continuum,86,0.8473711485135892,1.271681471800878,0.6663391480522192,0.525599315747279,0.939697265625
continuum,87,0.8540791331898416,1.275365990598932,0.6696737559927818,0.5242857351422509,0.9404296875
continuum,88,0.8525234448276275,1.2732948771172172,0.6695412509298471,0.5251188429833447,0.93896484375
continuum,89,0.8773429790365009,1.3017629748311428,0.6739652271568907,0.5145632091916842,0.942626953125
continuum,90,0.8538697523449276,1.2716964746746866,0.6714414715691938,0.5258352188292572,0.939208984375
continuum,91,0.8532565823564431,1.2593902901440224,0.677515611351002,0.5304828648476316,0.93994140625
continuum,92,0.8360283876471781,1.2351578594119035,0.6768595457468383,0.5395748054299261,0.938720703125
continuum,93,0.8473840479415644,1.237495707248432,0.6847571615627825,0.5387609672142447,0.93896484375
continuum,94,0.8568197655948864,1.2426964351488328,0.6894843675094864,0.5368801750597793,0.93896484375
continuum,95,0.8585212530290052,1.2500807597011727,0.686772631581204,0.5341859422153253,0.938232421875
continuum,96,0.8842389409311717,1.2792281290343475,0.6912285001101862,0.5231592653361691,0.939208984375
continuum,97,0.8990396321280605,1.2953663367063886,0.694042763542835,0.5169739604314302,0.939208984375
continuum,98,0.89517090549896,1.2920358142157071,0.6928375325589156,0.518044585421539,0.93896484375
continuum,99,0.8928440199905766,1.2925654045644421,0.6907534557537068,0.5176736117795464,0.93798828125
continuum,100,0.9015194630784769,1.3017327747689706,0.6925534030887999,0.5140759976849121,0.938232421875
continuum,101,0.9088370330346736,1.3100525574902604,0.6937408944689841,0.5107902464930588,0.93798828125
continuum,102,0.9053418017293808,1.3117754310878718,0.690165237336828,0.5099643901438341,0.939697265625
continuum,103,0.9081071032030817,1.3170302898849608,0.689511175390205,0.507815897360325,0.93994140625
continuum,104,0.9020460057287798,1.2960135895465232,0.6960158543124588,0.5157301141242373,0.939208984375
continuum,105,0.8923936750179514,1.278428587354139,0.6980395180812304,0.5221187944986809,0.938232421875
continuum,106,0.8908194670550387,1.2800655951531263,0.6959170455233393,0.5213222539978669,0.938232421875
continuum,107,0.8862312598562404,1.2722691841161229,0.6965752774024212,0.524051951694476,0.93798828125
continuum,108,0.8828904351600985,1.2729325320599665,0.6935877691265624,0.5236156549511616,0.938232421875
continuum,109,0.8831647142621503,1.2676310621494848,0.6967048541431241,0.525260556199518,0.9384765625
continuum,110,0.8836298809394535,1.2644993699249134,0.6987981978922804,0.5260889003542905,0.938232421875
continuum,111,0.8704358114866022,1.2457884072314767,0.6987027704174718,0.5327556728435275,0.936279296875
continuum,112,0.8830647045498041,1.2574408698110084,0.7022713558551087,0.5280296728902084,0.938232421875
continuum,113,0.8883582226884461,1.2589929814382588,0.7056101469871549,0.5270841001780009,0.9375
continuum,114,0.9018868709112204,1.2674144296941146,0.7115958677611768,0.5235480641099196,0.939208984375
continuum,115,0.8954166984715727,1.254460943890865,0.7137860312289418,0.5280412291645258,0.938232421875
continuum,116,0.8886709933037764,1.2513112851461878,0.7101917834937092,0.5288429840224482,0.937744140625
continuum,117,0.8830485019094719,1.2539306156894943,0.7042243732312998,0.527464518575458,0.938720703125
continuum,118,0.8590267906932636,1.2339992723139481,0.6961323316523919,0.534581099403223,0.938232421875
continuum,119,0.8502803398047412,1.2300387605426275,0.6912630455886145,0.5356728687012985,0.938720703125
continuum,120,0.8488748280663454,1.2366940541285993,0.6864064925617197,0.5372521053462339,0.936279296875
continuum,121,0.8548938103712692,1.244738748387912,0.6868058148575037,0.5339077582629487,0.93701171875
continuum,122,0.865108586143263,1.254692011535856,0.6894987600058856,0.5298377079515852,0.93701171875
continuum,123,0.8695084263216013,1.2597443092054812,0.6902261196718554,0.5275935965389387,0.937744140625
continuum,124,0.872278614319715,1.270784027335142,0.6864098033628103,0.5230929383762649,0.9384765625
continuum,125,0.8554924424089938,1.268218469520563,0.6745623589068246,0.5236887145838276,0.938232421875
continuum,126,0.8398533315709736,1.2610962692548893,0.6659708319232406,0.5259913825035938,0.9375
continuum,127,0.8283833132213942,1.259992693815398,0.6574508862531238,0.5260266784089169,0.937255859375
continuum,128,0.8327689632792455,1.2747339974488248,0.6532884232678338,0.5200894674512845,0.937744140625
continuum,129,0.8568090742187389,1.3071573318132201,0.655475093445881,0.5074722498543792,0.939208984375
continuum,130,0.8590444789527532,1.3182708660208724,0.6516448941526951,0.5028616585762465,0.939453125
continuum,131,0.8982890190056727,1.3386761507071474,0.6710278796937983,0.5053172272061343,0.9404296875
continuum,132,0.8874538735266343,1.3341372729816026,0.6651893260903385,0.5066824579894872,0.940673828125
continuum,133,0.8865977709735979,1.3364508523997976,0.6633972131347583,0.505509174071069,0.93994140625
continuum,134,0.8877041706568451,1.3361212983101733,0.664388908237259,0.5055312060976941,0.939453125
continuum,135,0.882958144191015,1.3332800840033099,0.6622450562224277,0.5062599555204124,0.939697265625
continuum,136,0.8746689081040866,1.329819348720792,0.6577351344342122,0.5072141111943941,0.939208984375
continuum,137,0.8921262767594912,1.348311027027445,0.6616620786127649,0.5000239503676955,0.94140625
continuum,138,0.8751518301716421,1.3326461394585984,0.6567023339948156,0.5054929837547886,0.940673828125
continuum,139,0.8590450157293941,1.3172151620398074,0.6521675732908342,0.510877100717636,0.939453125
continuum,140,0.8875809515673038,1.3476374805800995,0.6586199659460634,0.4992241713770601,0.94140625
continuum,141,0.8963842913551281,1.3527237219743304,0.6626514171325651,0.4972298116275784,0.941650390625
continuum,142,0.8909405980309801,1.349360617184694,0.6602687129626168,0.49837437732152184,0.94189453125
continuum,143,0.8844587446912815,1.340771673700462,0.6596639547509384,0.5014612491890179,0.94189453125
continuum,144,0.8726782813635818,1.328724371290224,0.6567790131795278,0.5055820677404689,0.94189453125
continuum,145,0.8700976258225795,1.328981258785134,0.6547102301637908,0.5051208776058109,0.9423828125
continuum,146,0.8511839669354855,1.311158361093963,0.6491847149762302,0.511651942260198,0.941650390625
continuum,147,0.8384230413829973,1.3034633442255408,0.6432271725148899,0.5141521274452302,0.941650390625
continuum,148,0.8342853038429645,1.3006562689544818,0.6414341158049356,0.5150918567524677,0.94140625
continuum,149,0.8363777679367284,1.2985878252416425,0.6440671563982161,0.5159556628905956,0.94140625
continuum,150,0.833003740728313,1.3020082298395148,0.6397837752768958,0.5143077609602761,0.94189453125
continuum,151,0.840124594123809,1.3164830152285651,0.6381583236590016,0.5085234836714237,0.943115234375
continuum,152,0.8429056131158024,1.315451283949184,0.6407729601245833,0.5085163363151707,0.942626953125
continuum,153,0.8456160944858163,1.3209771565799948,0.6401443736355846,0.5063411368263558,0.943115234375
continuum,154,0.8443093464402613,1.3236021751086817,0.6378875483269243,0.5052479306935463,0.943115234375
continuum,155,0.8284821229456024,1.3108894622559406,0.6319999868790218,0.5098873072152131,0.94189453125
continuum,156,0.8321502489097454,1.3105233543286778,0.6349755203988856,0.5099102727265288,0.943115234375
continuum,157,0.8317117402624233,1.301934268410342,0.6388277507112098,0.5130077058816737,0.94189453125
continuum,158,0.8514733929525402,1.3160882613012206,0.6469728649586812,0.5075960880024964,0.9423828125
continuum,159,0.8605389365879823,1.320232062623556,0.6518088455433549,0.5059266060577167,0.941650390625
continuum,160,0.8846730319292013,1.3326027718272204,0.6638685215371173,0.5011753634548064,0.942626953125
continuum,161,0.9013107326111804,1.3429288316277004,0.6711530137592954,0.4974070208355843,0.943115234375
continuum,162,0.9052724773203429,1.3497633520131929,0.6706897738556281,0.494946430534088,0.942138671875
continuum,163,0.9065172471814233,1.3562440899024657,0.6684027262722417,0.4926189757187029,0.941650390625
continuum,164,0.914967386764961,1.3607194474457418,0.6724144264142627,0.4910423328211986,0.942626953125
continuum,165,0.906717571316793,1.3486568335625084,0.6723115538010344,0.49565073488960304,0.942138671875
continuum,166,0.8931981920061676,1.3310797622936823,0.6710328090835305,0.5023190232620611,0.941162109375
continuum,167,0.8748568546922841,1.3104768346175133,0.6675866612687031,0.5101157308138257,0.93994140625
continuum,168,0.8605322099956902,1.2928204877395353,0.6656238960911809,0.5168080189592259,0.93896484375
continuum,169,0.8741529269835773,1.295006485612392,0.6750181846156559,0.5160829270159092,0.939208984375
continuum,170,0.8651484357014745,1.278079380859159,0.6769129121853907,0.5224987622636117,0.939453125
continuum,171,0.8680737973418969,1.2666882909983734,0.6853097194556854,0.5268440941043798,0.939208984375
continuum,172,0.8681064312893514,1.2620354530751805,0.6878621588435183,0.5286711045386386,0.93994140625
continuum,173,0.8533441468003726,1.2370101303755001,0.6898441054329411,0.5380758149223683,0.938720703125
continuum,174,0.8449116731778041,1.218132261347947,0.6936124261604001,0.5452110692056283,0.937255859375
continuum,175,0.8459952404571549,1.2125153442951224,0.6977192036682732,0.5473654422619597,0.93798828125
continuum,176,0.8486119818629845,1.211333543445665,0.7005601276829906,0.5478919926700611,0.938232421875
continuum,177,0.8561777793963888,1.2189159996439265,0.7024091731066768,0.5451477044428344,0.93896484375
continuum,178,0.8650986186410237,1.2364748775600805,0.6996491674364718,0.5386821742997328,0.939697265625
continuum,179,0.8652032114399445,1.2427446196954692,0.6962035463504641,0.5364299954322199,0.940185546875
continuum,180,0.8637787572684024,1.2402007769636123,0.6964829996181705,0.5374655329237387,0.93994140625
continuum,181,0.8696887590126495,1.247627276308936,0.697074178744789,0.5347827596015774,0.939697265625
continuum,182,0.8818917508075752,1.2518441039635761,0.7044741018592798,0.5332974235217554,0.939697265625
continuum,183,0.8743888164282556,1.2431904431425418,0.7033426143608151,0.5366098509946828,0.93896484375
continuum,184,0.8928448742405106,1.2660358146500514,0.7052287651809475,0.5281820229774488,0.940185546875
continuum,185,0.903058515704119,1.2797049382739418,0.7056771359514786,0.5231762570845558,0.939697265625
continuum,186,0.9218553606597232,1.301828473532625,0.7081235196509325,0.5150225972852924,0.9404296875
continuum,187,0.9291406441990568,1.316745952254199,0.7056339475419822,0.5095557838352042,0.940185546875
continuum,188,0.9368598441604421,1.3330396518759822,0.7027996825465788,0.5035782972916937,0.940185546875
continuum,189,0.93101805529215,1.3286884769772564,0.7007045454403278,0.5050795513632604,0.94091796875
continuum,190,0.9288713813552145,1.3218211606427186,0.7027209194499222,0.5075175238282438,0.94287109375
continuum,191,0.9278895315954798,1.3161834249477726,0.7049849694257465,0.5097082945735623,0.943359375
continuum,192,0.9170743450321668,1.3102579078707541,0.6999189545228285,0.511979996165493,0.94287109375
continuum,193,0.9176439545313895,1.315220303972351,0.6977112136725959,0.5101960220490861,0.943359375
continuum,194,0.9263738048962,1.3234437196139774,0.6999721946365842,0.507197941024753,0.94384765625
continuum,195,0.9108596009859713,1.3111756695067724,0.6946892183627928,0.5118296284735229,0.942138671875
continuum,196,0.9070357384040781,1.3100200300194533,0.6923831068373886,0.5123502572115862,0.94189453125
continuum,197,0.9133706727940281,1.3257330571087818,0.6889551919192147,0.5065923733541202,0.94287109375
continuum,198,0.9177724986121635,1.3426382529498126,0.6835590276053825,0.5003928093017931,0.9443359375
continuum,199,0.9140047733544288,1.3379760467636181,0.6831249151023905,0.5022192735926867,0.943115234375
continuum,200,0.8989503322332582,1.3263808259350442,0.677746778795249,0.5066237578644583,0.94287109375
blue_wing,1,0.844967835001471,1.8187445546314542,0.4645885167599543,0.30971224441162887,0.940185546875
blue_wing,2,0.8487752494131661,1.8222227149138928,0.4657911694692457,0.30851707663876954,0.94091796875
blue_wing,3,0.8355551777259937,1.8102458746802357,0.46156999411673144,0.3131858577650054,0.9384765625
blue_wing,4,0.8408719440052975,1.812521717447082,0.4639237896634182,0.31244623985679776,0.93896484375
blue_wing,5,0.8464569781227248,1.811398948843483,0.46729461704897146,0.3129957006607376,0.93798828125
blue_wing,6,0.8775748367392089,1.8291058050351623,0.4797835282810983,0.3061615660250615,0.939208984375
blue_wing,7,0.8961794145274906,1.8322784836963482,0.48910655367167905,0.30483795435813454,0.9384765625
blue_wing,8,0.9292163110327025,1.844062598059382,0.5038962950664325,0.30024477952971546,0.939453125
blue_wing,9,0.9598408254619161,1.8550353194242268,0.5174245554310175,0.2959565440587079,0.940185546875
blue_wing,10,0.9634756909014763,1.833371728683193,0.5255211890899432,0.30405407778248966,0.9375
blue_wing,11,0.9687253038209227,1.8178727645684738,0.5328894973850815,0.30981260740883015,0.937255859375
blue_wing,12,0.9771508608701218,1.8128899132836245,0.5390017638193167,0.31182889831508737,0.937255859375
blue_wing,13,0.9733864155781136,1.8076690344628379,0.5384760135957977,0.3139346281214149,0.936767578125
blue_wing,14,0.9819624057693308,1.8176235934712326,0.5402451911916559,0.31028092453085365,0.938720703125
blue_wing,15,0.9768358255764964,1.8172238094407809,0.5375429380253942,0.31055673577659526,0.938232421875
blue_wing,16,0.9789938681297901,1.8105830246219536,0.5407064215319274,0.31319964391150334,0.9384765625
blue_wing,17,0.9669909334687944,1.7948328807971472,0.5387637722790772,0.3192962202724487,0.93798828125
blue_wing,18,0.9656581878916343,1.7922639140309584,0.5387924068167977,0.32039227180469554,0.937744140625
blue_wing,19,0.9633901767903412,1.7892636541812061,0.538428293973927,0.3216512680110157,0.9375
blue_wing,20,0.9628884278185981,1.7870788449467232,0.5388057894263215,0.322600538090156,0.9365234375
blue_wing,21,0.9757805363298191,1.8003552106296739,0.5419933414076326,0.31768971600264084,0.937255859375
blue_wing,22,0.989709788586038,1.8078235053559504,0.5474592987943088,0.31498125194302806,0.93798828125
blue_wing,23,1.0021441808435978,1.810253398589893,0.5535933155127474,0.3141823764991823,0.9375
blue_wing,24,1.0096125744228455,1.8048421591389703,0.5593910632631154,0.31635370155815695,0.936767578125
blue_wing,25,1.0068814331574671,1.7985978081627099,0.5598146670633437,0.3188395876058742,0.936767578125
blue_wing,26,0.999059561107628,1.7811175343263494,0.5609172566399387,0.3255788984599678,0.93603515625
blue_wing,27,0.9938606358161461,1.7714658630500526,0.5610385481010337,0.32935186448280496,0.9365234375
blue_wing,28,0.9909183283096037,1.7577750971645125,0.5637344219451428,0.3346521830564334,0.935791015625
blue_wing,29,0.9851080701579371,1.7465813524217846,0.5640207189845469,0.3390054542860989,0.935302734375
blue_wing,30,0.9800008940675629,1.7327551926698912,0.5655737741911149,0.3443530769047441,0.9345703125
blue_wing,31,0.9780636959081793,1.721903246997506,0.5680131549862836,0.3485734433899046,0.933837890625
blue_wing,32,0.9937411870450772,1.726546308274429,0.5755659041883777,0.3469311389318559,0.934814453125
blue_wing,33,1.0024836032557185,1.722143892215028,0.5821137291648262,0.34871009288591076,0.9345703125
blue_wing,34,0.9952953733398466,1.6989021496369099,0.5858462028272562,0.3576117604322844,0.93408203125
blue_wing,35,0.987380719475354,1.672581449454063,0.5903334153309179,0.3676741565356289,0.93310546875
blue_wing,36,0.981944870250059,1.6517474102261096,0.594488518141911,0.3756589803149415,0.931640625
blue_wing,37,0.9947895619373968,1.6512011254876318,0.6024641980810279,0.3759736507473028,0.9326171875
blue_wing,38,1.0070767401035132,1.6515134662971493,0.6097902079850885,0.37596359271403074,0.932861328125
blue_wing,39,1.0160388496743733,1.6535982501325597,0.6144411737209586,0.3752837405888493,0.9326171875
blue_wing,40,1.028134933514096,1.6593509495336596,0.6196006539804257,0.37321846852440577,0.931884765625
blue_wing,41,1.0349265640958996,1.6566435909354442,0.6247128650716691,0.3743487638221722,0.931396484375
blue_wing,42,1.0456339020010772,1.660494298929867,0.6297124312169896,0.3730021771263095,0.931884765625
blue_wing,43,1.04840042402905,1.652765754552199,0.6343309214517844,0.37602740695918685,0.9306640625
blue_wing,44,1.0545632944988594,1.6516846473925983,0.6384773849921209,0.3765422190016918,0.930419921875
blue_wing,45,1.056723548663284,1.655197403764828,0.6384275049367008,0.37532292612476653,0.93017578125
blue_wing,46,1.0709194589204056,1.6626726440068706,0.6440951938317813,0.37260865817554617,0.931640625
blue_wing,47,1.0709796100466604,1.6536909305053054,0.6476298504699483,0.3761039167666996,0.93115234375
blue_wing,48,1.065326282451835,1.6460512957623843,0.6472011444566914,0.3790915481528019,0.9306640625
blue_wing,49,1.0648600004262552,1.6403712169535467,0.6491579402398223,0.38133893263138136,0.931396484375
blue_wing,50,1.0608883843867647,1.6274299313327854,0.6518796072024736,0.38632344226202,0.931396484375
blue_wing,51,1.0604160537359169,1.6131820990197825,0.6573442975720207,0.39179866905053073,0.930908203125
blue_wing,52,1.0724278741284083,1.6100968569619023,0.6660641994867169,0.3930640505485197,0.930419921875
blue_wing,53,1.0868009965549907,1.6154795627243144,0.6727420275885323,0.39113730381504075,0.930908203125
blue_wing,54,1.0998354047664438,1.6228060278578822,0.6777368249107603,0.3884785419653871,0.930419921875
blue_wing,55,1.100482518623961,1.6232164761138639,0.6779641131160903,0.38842619731281114,0.93017578125
blue_wing,56,1.103603745018039,1.6260953242072849,0.6786833026262107,0.38744381589727206,0.930419921875
blue_wing,57,1.0920642204439903,1.617080734320893,0.6753306729008877,0.39094111793672004,0.9296875
blue_wing,58,1.0883473517588804,1.6168001457319543,0.6731489693589594,0.3911480196769811,0.93017578125
blue_wing,59,1.0820616101258254,1.611008218591322,0.6716673432442128,0.3934297578219834,0.929931640625
blue_wing,60,1.0773659773707092,1.6013999440097788,0.6727650899456572,0.3971472156263265,0.929443359375
blue_wing,61,1.0745937783373916,1.5966295485331323,0.6730388895311693,0.39904230604122093,0.9296875
blue_wing,62,1.0878122821536433,1.6093157713437318,0.6759470711241161,0.39436712959165837,0.929931640625
blue_wing,63,1.1043076200443906,1.6281994904485015,0.6782385245312904,0.38736136976697283,0.93115234375
blue_wing,64,1.1091461582624513,1.6273299373024677,0.6815742357084759,0.3877889977209077,0.930908203125
blue_wing,65,1.121039830253459,1.6311506139617888,0.6872693549313897,0.386452072284159,0.931396484375
blue_wing,66,1.1067245463174649,1.6126876960832162,0.6862609226854031,0.3934958491808126,0.9296875
blue_wing,67,1.1185140748233846,1.620786154020815,0.6901058921614036,0.3905494676913317,0.929931640625
blue_wing,68,1.1176401307256953,1.6172958097717913,0.6910548608194317,0.3919607629972226,0.929443359375
blue_wing,69,1.111829859184613,1.6100925038066722,0.6905378768958688,0.39476708639540276,0.928955078125
blue_wing,70,1.0988245805708197,1.5970946542897062,0.6880146881835956,0.3997386325543419,0.928955078125
blue_wing,71,1.090089485850911,1.588746947966746,0.6861316002815872,0.40296101923648603,0.927978515625
blue_wing,72,1.1022721712271109,1.6001936342421499,0.6888367430290059,0.39874470891271524,0.9287109375
blue_wing,73,1.1180220124904598,1.6169582544019852,0.6914352980027604,0.3925314609744211,0.93115234375
blue_wing,74,1.1063298862927415,1.6065456371296427,0.6886389410445765,0.39652837257932066,0.930419921875
blue_wing,75,1.0975183162427846,1.588555380851747,0.6908908115336341,0.4033699094696017,0.92919921875
blue_wing,76,1.0876583023943447,1.5749308125670416,0.6906070372840872,0.40856983039276595,0.92919921875
blue_wing,77,1.0845535129921737,1.5651931690353538,0.6929199120263196,0.41230859368848227,0.929443359375
blue_wing,78,1.0744091710983361,1.5503670883345448,0.6930030824199845,0.4179563724906619,0.9287109375
blue_wing,79,1.065729638133491,1.5410300319866335,0.6915696748359899,0.4215419033675538,0.92822265625
blue_wing,80,1.0737236891719906,1.5432608971020794,0.6957499481702794,0.4207845199635277,0.927978515625
blue_wing,81,1.093605544858674,1.5588908173666436,0.701527992002703,0.4149988540465744,0.929443359375
blue_wing,82,1.1018837656621416,1.5614695086545778,0.7056710102597951,0.41411154422529195,0.929443359375
blue_wing,83,1.1094592534595367,1.5635449142324993,0.7095793944647503,0.4134130256518861,0.92919921875
blue_wing,84,1.1229932772166826,1.5790323503206016,0.7111907979520963,0.4076833931097433,0.930419921875
blue_wing,85,1.118657056444781,1.574510877294939,0.7104790907298592,0.40945964214458236,0.929443359375
blue_wing,86,1.1102074499066334,1.5673009885124238,0.7083562494019526,0.41224332417706755,0.928955078125
blue_wing,87,1.111036058544524,1.5663831177454113,0.7093003275876112,0.41266671618088857,0.9287109375
blue_wing,88,1.099927665981047,1.555527643828626,0.7071090445386049,0.41681543636444957,0.927734375
blue_wing,89,1.1056839728416776,1.562323793556698,0.7077175534301632,0.4143458651827459,0.927734375
blue_wing,90,1.1163986516760653,1.5747122829165279,0.7089540507097468,0.409780605599847,0.928466796875
blue_wing,91,1.1359887741967674,1.600619170896159,0.7097183357867362,0.4001095020917515,0.929931640625
blue_wing,92,1.1478702569523407,1.612963336791428,0.7116530368481473,0.39552199616825734,0.92919921875
blue_wing,93,1.1628318091311105,1.6302712222032985,0.7132750632496307,0.38907452093727185,0.930419921875
blue_wing,94,1.150448258619729,1.6226997717235492,0.7089717264197193,0.39195005436828156,0.929443359375
blue_wing,95,1.1468325483876578,1.6213576095416506,0.7073285631982579,0.39249069805925624,0.9296875
blue_wing,96,1.1432813991528636,1.6229962032314975,0.704426416325874,0.3919140089029731,0.9296875
blue_wing,97,1.1531265157780397,1.6369357410889176,0.7044421395619112,0.3867284160393016,0.930908203125
blue_wing,98,1.1560202127688846,1.641133289049748,0.7044036096777035,0.38519254706331546,0.931396484375
blue_wing,99,1.1421047121526073,1.6234851255754037,0.7034894833100592,0.39183981539440027,0.929931640625
blue_wing,100,1.139203258284041,1.6204622721187527,0.7030112813392032,0.3930545031057633,0.93017578125
blue_wing,101,1.13925065253149,1.6165745995358456,0.7047312588349428,0.3945924467593625,0.9296875
blue_wing,102,1.143624950689011,1.6174723468198233,0.707044514818159,0.3943377848575439,0.929443359375
blue_wing,103,1.142614244177307,1.6138147536196155,0.7080206954450902,0.39578841596402803,0.92919921875
blue_wing,104,1.1337265690902438,1.6133789970863082,0.7027031907181787,0.39603227147502773,0.929931640625
blue_wing,105,1.1313972692958059,1.6135293389478407,0.701194110318176,0.3960811115738624,0.929931640625
blue_wing,106,1.1376181044418554,1.6237062218185159,0.7006305014756596,0.39237760155882934,0.931396484375
blue_wing,107,1.121568195474003,1.6100491162611381,0.6966049570453557,0.39759276270335053,0.929931640625
blue_wing,108,1.1208835746488102,1.6073559694378718,0.6973461983289291,0.3987044036588054,0.929931640625
blue_wing,109,1.1277290998504679,1.6280853880285275,0.6926719618901879,0.3910548179245371,0.931640625
blue_wing,110,1.1136197864855644,1.6207880184118877,0.687085401567031,0.39388857899172114,0.930908203125
blue_wing,111,1.0939459815965582,1.6021027207645093,0.6828188776026402,0.4009790601812276,0.93017578125
blue_wing,112,1.0735972967610294,1.58318161387623,0.6781264305694249,0.40815504860753943,0.9296875
blue_wing,113,1.055818850233029,1.565647845420137,0.6743654732585814,0.4148098248020892,0.92919921875
blue_wing,114,1.0554991754128515,1.5618030761538215,0.6758209095170816,0.4163464704529027,0.92919921875
blue_wing,115,1.0671780691722348,1.566078656692838,0.6814332502467308,0.4148482825120209,0.92919921875
blue_wing,116,1.0831466825307894,1.57471619658223,0.6878361223956768,0.4117208589468447,0.928955078125
blue_wing,117,1.1003608443650301,1.5839185609268678,0.6947079676376339,0.40838331009245715,0.929443359375
blue_wing,118,1.120567253155957,1.6038302162649685,0.6986819688218346,0.40104727184205935,0.930908203125
blue_wing,119,1.1359448785658528,1.6122316907330525,0.7045791774812212,0.3980112566639292,0.929931640625
blue_wing,120,1.1418464087101485,1.6180854845928336,0.7056774314970613,0.39592715339676104,0.92919921875
blue_wing,121,1.1480104459958538,1.6301250747402158,0.7042468481621301,0.39153459396077817,0.9296875
blue_wing,122,1.152841031997852,1.6339276514779844,0.7055643075475458,0.39021733412265924,0.93017578125
blue_wing,123,1.1568075707569925,1.6373582695041222,0.7065085218687871,0.38903907423605016,0.930908203125
blue_wing,124,1.1568228592296048,1.6428474303124452,0.7041572077144098,0.38709297992737735,0.93115234375
blue_wing,125,1.1453038475233148,1.630747986491834,0.7023181123081829,0.3917080930781582,0.929443359375
blue_wing,126,1.1443569202480695,1.6322558769662736,0.7010891713712082,0.3910488228400523,0.929931640625
blue_wing,127,1.1620743496857275,1.648180879826393,0.7050648165558938,0.38500854025543546,0.931884765625
blue_wing,128,1.1621762853282815,1.6471667965983001,0.7055607772864215,0.3852865520785381,0.93212890625
blue_wing,129,1.1485207390072487,1.6331533778390854,0.7032534448950039,0.3904154091775989,0.930908203125
blue_wing,130,1.136779904190805,1.6249222246282011,0.6995903477478204,0.3933860185153262,0.930908203125
blue_wing,131,1.1323627963373153,1.6240825889564245,0.6972322738001457,0.39359643628094676,0.93115234375
blue_wing,132,1.1315898441770376,1.6263270504408274,0.6957947627264222,0.39265383626383865,0.931640625
blue_wing,133,1.1243196461669873,1.6303489337023682,0.6896190275131863,0.3912538009487021,0.931640625
blue_wing,134,1.115631735927404,1.6360404465008882,0.6819096302377377,0.3892306871737297,0.93115234375
blue_wing,135,1.1275371885322043,1.6479457635349735,0.684207704817632,0.3848886468737208,0.931396484375
blue_wing,136,1.137344344069402,1.6617825210080368,0.6844122679660207,0.3798269991440767,0.932861328125
blue_wing,137,1.1236605225853513,1.6542998768401487,0.679236297068242,0.3827218120374465,0.932373046875
blue_wing,138,1.1379684363750635,1.6689849547699862,0.681832651110923,0.3771343698775033,0.93408203125
blue_wing,139,1.1400520182124008,1.669514297157314,0.6828644834929357,0.3768274231404293,0.934326171875
blue_wing,140,1.1293729299755721,1.6550585258204178,0.6823764310181952,0.3821133732816546,0.932373046875
blue_wing,141,1.1270873030574746,1.651407887538898,0.6825008597586262,0.3833651652603295,0.93212890625
blue_wing,142,1.1320104264508635,1.6555783044168115,0.6837552916892213,0.3816950704752493,0.93212890625
blue_wing,143,1.1317399667938077,1.6559412104829057,0.683442117165361,0.3814451604637114,0.9326171875
blue_wing,144,1.1259984695320973,1.6459296638930319,0.6841109278441654,0.3850696624122612,0.931396484375
blue_wing,145,1.1283078333534642,1.6429965105784414,0.6867378147724894,0.38604902998346424,0.931396484375
blue_wing,146,1.1347842539270538,1.6386745448224378,0.6925013008303097,0.38754636429882894,0.931884765625
blue_wing,147,1.1413955894223302,1.6422996011191293,0.6949983965438079,0.3860720200997938,0.9326171875
blue_wing,148,1.1501348373077431,1.6539699435668473,0.6953783179562713,0.38158749708904094,0.932861328125
blue_wing,149,1.1701913431535207,1.666355856746964,0.7022457648619853,0.3768320653711448,0.933349609375
blue_wing,150,1.1776496213027705,1.6717394034639352,0.7044456922308682,0.3746923778927137,0.93408203125
blue_wing,151,1.1705886586390521,1.6620751040626152,0.7042934797457581,0.37817998800263486,0.93359375
blue_wing,152,1.1598313908702762,1.65498111794318,0.7008124614205395,0.380705645384293,0.93359375
blue_wing,153,1.1501417294811345,1.650871697498508,0.6966875325465285,0.3821137106723735,0.93359375
blue_wing,154,1.1340658205869198,1.6380260889846132,0.6923368487310905,0.386791238376761,0.932373046875
blue_wing,155,1.1225220253199675,1.6272147272751991,0.6898425920712082,0.39070746554848135,0.931884765625
blue_wing,156,1.1208552184139395,1.6348167637511666,0.6856151975357059,0.3877275884172885,0.93310546875
blue_wing,157,1.1036395623371222,1.6257519538227994,0.6788486766028605,0.39098822883225676,0.931884765625
blue_wing,158,1.093001010831812,1.6219534494332244,0.673879395992376,0.39227546640794214,0.93115234375
blue_wing,159,1.0959057051187684,1.630097740291733,0.6722944753746103,0.38908581555787314,0.931884765625
blue_wing,160,1.0950730766041548,1.6338839232183062,0.6702269733134769,0.38752670946490886,0.93212890625
blue_wing,161,1.08498956848136,1.6334774858254533,0.6642207057620245,0.38753719061479736,0.93115234375
blue_wing,162,1.1009815545215145,1.6554235616091226,0.6650754405424353,0.37916305755241114,0.93359375
blue_wing,163,1.0884645702526332,1.6485790958840738,0.6602440689501335,0.38158316185202973,0.933837890625
blue_wing,164,1.0753082849357707,1.6388787139290981,0.6561243829677875,0.38507423388681294,0.9326171875
blue_wing,165,1.081839874394583,1.6453418640934272,0.6575167738715928,0.3824990115008539,0.93359375
blue_wing,166,1.0792011713959617,1.651034288896387,0.6536515798938011,0.38021006148340825,0.932373046875
blue_wing,167,1.0983853783358533,1.679674505365658,0.6539275168058465,0.36930152702212954,0.934326171875
blue_wing,168,1.1006948399044498,1.6845714136400396,0.6533975532245658,0.3673032408009062,0.934326171875
blue_wing,169,1.1112327772742334,1.6946797856327303,0.6557184352437062,0.3633442079865375,0.934814453125
blue_wing,170,1.0949671141588873,1.6776099695047613,0.6526946871221366,0.3695941312322372,0.933837890625
blue_wing,171,1.0920700953399791,1.6771612462686618,0.6511419803967031,0.3695979334954333,0.934326171875
blue_wing,172,1.08805676626138,1.6699311308781746,0.6515578673530078,0.3721494177617488,0.933837890625
blue_wing,173,1.0839431269485296,1.6617947138014586,0.6522725809308554,0.37504113884184936,0.933349609375
blue_wing,174,1.0962353649605396,1.6735470450006105,0.6550370772278706,0.3704507661370978,0.935546875
blue_wing,175,1.0869749661385588,1.6680199293180185,0.6516558627587717,0.37235778968909644,0.935302734375
blue_wing,176,1.0840803375162504,1.6644433605679134,0.6513170488098549,0.37352968899888855,0.93408203125
blue_wing,177,1.095881512323023,1.6662322734666195,0.657700327723833,0.3726801527802424,0.934326171875
blue_wing,178,1.098643553728603,1.6598566663779715,0.6618906174145686,0.37490280579680907,0.93408203125
blue_wing,179,1.1023680492810413,1.6618617717093045,0.6633331773118548,0.37396759031658733,0.9345703125
blue_wing,180,1.1138583446287256,1.6636704199234194,0.6695186325907013,0.3731037550507289,0.9345703125
blue_wing,181,1.1125209368313291,1.6534884839399921,0.6728325885768336,0.3767568464563566,0.93359375
blue_wing,182,1.1266293935814629,1.6612000076365394,0.6782021360476436,0.3739596417544726,0.93408203125
blue_wing,183,1.1379020819773467,1.6673431638004672,0.6824642381257999,0.37175411428362604,0.93408203125
blue_wing,184,1.1688355193636915,1.6938024129790008,0.6900660374594604,0.36189543829240295,0.93603515625
blue_wing,185,1.1628970452632017,1.6845850251688494,0.690316622722348,0.3654780206405183,0.9345703125
blue_wing,186,1.1681642976250939,1.6865956371212747,0.6926166959728101,0.364830653315615,0.935791015625
blue_wing,187,1.1638096895945602,1.6844721799686693,0.6909046664197249,0.3657398627302849,0.934814453125
blue_wing,188,1.1713346856499784,1.6886696006477937,0.6936434961585384,0.36426888274173,0.935546875
blue_wing,189,1.1715294984748104,1.6943838935266922,0.6914191659579505,0.36222718586016667,0.935791015625
blue_wing,190,1.1672467391114458,1.6864880204886588,0.6921168279471306,0.3653079634966661,0.934814453125
blue_wing,191,1.1717130739883759,1.6874714519770482,0.6943602350224013,0.365046356022279,0.935302734375
blue_wing,192,1.1681177021592548,1.6759881377063348,0.6969725357113067,0.36947469468248406,0.934326171875
blue_wing,193,1.1713471539802525,1.6766751443644856,0.6986130604472168,0.3693234240376946,0.93505859375
blue_wing,194,1.1717725619316346,1.676351782597905,0.6990015902960981,0.3695519148251505,0.935302734375
blue_wing,195,1.191750692833215,1.69114582138707,0.7047001374817854,0.3640956112930023,0.93603515625
blue_wing,196,1.2045828658246736,1.7059779473406465,0.70609521518284,0.35862655166052726,0.93701171875
blue_wing,197,1.2167517565471944,1.720397147745035,0.7072505079086068,0.35331426594313226,0.93798828125
blue_wing,198,1.2243708251305643,1.7306700975411413,0.707454775390235,0.3495617627818498,0.9384765625
blue_wing,199,1.2120662856488198,1.7187635372770422,0.7051966482655552,0.3541445635213598,0.93701171875
blue_wing,200,1.218147743799638,1.7280563070815451,0.7049236409761009,0.35076085316048866,0.938720703125
core,1,0.9701037605157832,1.9441373103634398,0.4989893231020964,0.26014636288895954,0.939208984375
core,2,0.9683074968655214,1.928822348747102,0.50202005254372,0.26590252683237786,0.938232421875
core,3,0.9712648555341583,1.9167914728829774,0.5067138858215566,0.2704087287354566,0.9375
core,4,0.9951515090625982,1.9276202377565714,0.5162591103633507,0.26621278084687167,0.938232421875
core,5,1.0118967362736662,1.9332419445085613,0.5234196056773922,0.2639972642458316,0.93798828125
core,6,1.0277050075125886,1.9439410485629083,0.52867087110092,0.25984697824506864,0.937744140625
core,7,1.0351883430157285,1.957171736929053,0.5289205456441014,0.25473070972098477,0.9384765625
core,8,1.027636076478942,1.9586716208426729,0.5246597058657672,0.2540796630865173,0.938232421875
core,9,1.0312350419388387,1.9666970971648066,0.5243486876680037,0.2509419292003149,0.93896484375
core,10,1.0185255124377313,1.9582740559106528,0.5201138775053056,0.25406781379406235,0.9384765625
core,11,1.0180017817634142,1.9606617728115716,0.519213357387801,0.25307481972914575,0.938720703125
core,12,0.9983665527492573,1.9522945336726276,0.5113811136228226,0.2561780648708653,0.937744140625
core,13,0.9960950802003512,1.9540084095862509,0.5097701091323696,0.25543951771782764,0.938232421875
core,14,0.9889433900787047,1.9544159056356916,0.506004575191503,0.2551974683373796,0.937744140625
core,15,0.98692571433261,1.9554333434709876,0.5047094638269641,0.25472170937095967,0.937255859375
core,16,0.9742725472397553,1.9418084764668873,0.5017346247310859,0.2598259632743306,0.93603515625
core,17,0.9620591800473558,1.9220156640667287,0.500547002833352,0.26728162241809855,0.934326171875
core,18,0.9563551283094048,1.9142687774586506,0.49959292005955663,0.2701451531302262,0.935302734375
core,19,0.960504050933654,1.9097627964402792,0.50294416286881,0.2717723819817103,0.93505859375
core,20,0.9692409963230814,1.907895003014018,0.5080158996128782,0.27239270255567705,0.935302734375
core,21,0.9799937726191637,1.9060508249009178,0.5141488148250751,0.2730029657129561,0.935302734375
core,22,0.9853126798244409,1.8935691937230505,0.5203468049071729,0.27766998444340757,0.93505859375
core,23,0.9735166971162984,1.8725066226003615,0.5199002691720095,0.28561076170455685,0.93505859375
core,24,0.9604784438224719,1.8564334936053928,0.517378320920681,0.29164862717022844,0.93505859375
core,25,0.9575413414071913,1.8455386747395446,0.5188411137156616,0.2957107677047529,0.935302734375
core,26,0.9411719456162453,1.823755554924569,0.5160625518452073,0.3039285280513546,0.93408203125
core,27,0.9273444789590857,1.8071903438625425,0.5131415637032758,0.31015554916701904,0.93310546875
core,28,0.913091597712518,1.7907076931949235,0.5099054419559728,0.3163515790040768,0.931396484375
core,29,0.9204631572892652,1.8011729325863304,0.5110354151100632,0.31225864709889406,0.932373046875
core,30,0.9484857394684216,1.8167208603920235,0.5220866673286018,0.3062223261141099,0.93359375
core,31,0.961969049703054,1.816545842156758,0.5295594679630669,0.30618824373827963,0.933349609375
core,32,0.9641636221904342,1.8076672879758253,0.5333744924211564,0.3094121936427297,0.932861328125
core,33,0.9615908825718784,1.797652215857041,0.5349148595538734,0.31307024204501166,0.93310546875
core,34,0.9835358585695195,1.8013917544072924,0.5459866551310656,0.3114710241871732,0.933349609375
core,35,0.9885078818140036,1.7910609405699922,0.5519119195907528,0.31524854138060465,0.931884765625
core,36,1.002696940115998,1.7830852581383845,0.5623381919285539,0.3181255263220909,0.931640625
core,37,1.0170596035748842,1.781197428581891,0.5709976823762997,0.3186734976139184,0.931884765625
core,38,1.0282251675591507,1.7770232100989003,0.5786222496789588,0.3200947190804209,0.93212890625
core,39,1.0384345877003913,1.7724993028278901,0.5858589541015032,0.32164866905185724,0.9326171875
core,40,1.0383073053658505,1.7575641648024223,0.5907649496725899,0.3271871042491558,0.931884765625
core,41,1.034575446187223,1.744298808644909,0.5931182438810195,0.33208724241188287,0.930908203125
core,42,1.037160607044434,1.7398581658792294,0.596117906266405,0.3336081496471757,0.931396484375
core,43,1.0441108449053367,1.7358661297158857,0.601492722872719,0.3349561374485479,0.93115234375
core,44,1.0490408811225151,1.7335450564889205,0.6051419760887073,0.33566262061075436,0.931640625
core,45,1.0516844555262224,1.730413202691591,0.6077649279896661,0.33667838707724995,0.931396484375
core,46,1.0638675500072101,1.735508028952669,0.6130006501031429,0.334538369345517,0.931640625
core,47,1.0672446950326668,1.731622224259178,0.6163265174592312,0.3358396978786107,0.931640625
core,48,1.0885308497784245,1.7522324442216057,0.6212251424564751,0.3277417064709691,0.93359375
core,49,1.0858450868465364,1.7407215922808446,0.6237902095669232,0.33196411920343577,0.9326171875
core,50,1.0843232252199075,1.7336369345756877,0.6254615390305459,0.334487843621868,0.9326171875
core,51,1.0803396919274741,1.725684078597855,0.6260356141231058,0.33734441193822506,0.93212890625
core,52,1.0816266568275867,1.7236628239038287,0.6275163807141064,0.3379222484289122,0.931884765625
core,53,1.0999469967394262,1.7376161362289695,0.633020707972111,0.332360507210046,0.93310546875
core,54,1.096977545525926,1.7334285521591286,0.632836896657523,0.3337656380501955,0.932861328125
core,55,1.0769233779679728,1.7187347235094783,0.6265791708501744,0.33920878471756216,0.931884765625
core,56,1.0678369736692197,1.7147327244893813,0.6227425174889595,0.3405412865297524,0.931884765625
core,57,1.05696626391401,1.7064126568408855,0.619408359212942,0.34353366726048085,0.931396484375
core,58,1.0541321571031121,1.7044777470996735,0.6184487646710645,0.3440686023433539,0.93212890625
core,59,1.0579818201678344,1.7036700780504184,0.6210015858108676,0.3441677672617757,0.93212890625
core,60,1.056038614906689,1.7021816535366276,0.6204030061730218,0.3445269371264981,0.9326171875
core,61,1.059557864757362,1.69724795571963,0.6242799475390214,0.34621125277948184,0.931884765625
core,62,1.0739291901709298,1.7001583050404725,0.6316642320818265,0.34487186396822256,0.932373046875
core,63,1.072065232246644,1.6891784635860971,0.6346666473420859,0.348883461038163,0.93115234375
core,64,1.0749865201325413,1.6861114007711575,0.6375536750661237,0.3498443617076387,0.93115234375
core,65,1.0896979172525945,1.694907241855777,0.6429248104807609,0.34635412207689964,0.932373046875
core,66,1.096460434745308,1.694043252111636,0.6472446517398909,0.34658751326042286,0.931396484375
core,67,1.103959283632292,1.6967452422115352,0.650633492977056,0.3454440939334174,0.931396484375
core,68,1.1167162378845086,1.7092212417733321,0.6533479754358222,0.3405279536100782,0.9326171875
core,69,1.128062571916339,1.7136877651499929,0.658266105913176,0.3386998055609368,0.932861328125
core,70,1.1341451409582788,1.7183844833690738,0.660006623625155,0.33678095658612117,0.932861328125
core,71,1.128546302245419,1.7075375761981737,0.6609203322823052,0.3408603155879919,0.931640625
core,72,1.1421030627273625,1.7208242816599553,0.6636953435046011,0.33562218678383093,0.932373046875
core,73,1.1401504780732319,1.7224940901360992,0.6619183686041822,0.334866827188035,0.931640625
core,74,1.1345979859935313,1.7191075702910634,0.6599924318880358,0.3360627007038717,0.9326171875
core,75,1.124162418209169,1.707034901027804,0.6585468273274975,0.3406129042839536,0.931884765625
core,76,1.124132033937887,1.7020299965449077,0.6604654654852478,0.3424327576328021,0.93212890625
core,77,1.1208390622613633,1.6889712967456765,0.6636223270466497,0.34736397570178806,0.930908203125
core,78,1.1166035565104977,1.6766928765086642,0.6659559255929884,0.3519940269729825,0.930908203125
core,79,1.127171675659688,1.675637374533679,0.672682343322268,0.35228619172279213,0.9306640625
core,80,1.134468133135389,1.6758251779951883,0.676960907397613,0.3520964287394428,0.93115234375
core,81,1.1445784800670262,1.679118841717354,0.6816542412783508,0.35070423625456754,0.931396484375
core,82,1.1474311359047822,1.678142385755645,0.683750762536225,0.35096166825463865,0.931884765625
core,83,1.1407663757447808,1.6704335434230644,0.6829163484152229,0.35400464801661885,0.931640625
core,84,1.1297344799999847,1.663500522653556,0.6791308235947369,0.3567466636969698,0.930419921875
core,85,1.1294899067198951,1.659607880886183,0.6805763697125733,0.35831221172261946,0.929931640625
core,86,1.117482316251332,1.6475759474950666,0.678258454762176,0.3630238431081152,0.92919921875
core,87,1.1102406871459372,1.6403246884712375,0.676842027038359,0.36588610479810113,0.928955078125
core,88,1.0988168968215382,1.6260947315696812,0.6757397804006425,0.37144501340591435,0.9287109375
core,89,1.0990254338589511,1.6188038887480773,0.6789120297387576,0.374320495871556,0.9287109375
core,90,1.114965138195158,1.6307624712755717,0.6837078715228463,0.3697556992483334,0.929931640625
core,91,1.121265374917933,1.6317608735563516,0.6871505458236562,0.3694267590628368,0.9306640625
core,92,1.1049441188905695,1.606350367402533,0.687859972091433,0.3793019552427753,0.9287109375
core,93,1.1040351629079719,1.5980103591762522,0.690881105099396,0.3825794979279731,0.928955078125
core,94,1.1093788479130555,1.5935989422035899,0.6961468274941457,0.38433831925515444,0.9287109375
core,95,1.1219418937935925,1.6026871353483,0.7000379980898576,0.38088153561630106,0.9296875
core,96,1.138619050842645,1.62376750976583,0.7012204912308228,0.3727927795070729,0.930908203125
core,97,1.1427924605501785,1.6261633964700604,0.7027537718724065,0.37192159260440033,0.930419921875
core,98,1.142544587124484,1.6249835744344192,0.703111468386473,0.37243108765645533,0.93017578125
core,99,1.12852695275647,1.6094809124281373,0.7011744867815314,0.37847109887244906,0.928955078125
core,100,1.1255793023892104,1.6104358491532291,0.6989283695969899,0.37815482873627276,0.92919921875
core,101,1.1257222983685473,1.6169880647420265,0.6961846676018258,0.3756770789284917,0.929443359375
core,102,1.1248018780605924,1.6294946158361583,0.6902765232417856,0.37090053614926816,0.929931640625
core,103,1.132244831968716,1.6424393120676917,0.6893678345675469,0.3657862535965214,0.930419921875
core,104,1.1192250177275753,1.642281387269274,0.6815062427204281,0.36572910828339633,0.9296875
core,105,1.124383150553811,1.6618230218707488,0.6765962053456628,0.3580608894914422,0.930908203125
core,106,1.1103194732788078,1.6594997622998007,0.6690687751229822,0.35883606295288384,0.930419921875
core,107,1.1022668805625913,1.6574907878792944,0.6650214219126406,0.3594886584213524,0.930419921875
core,108,1.100869611592585,1.659739992455467,0.6632783548005774,0.3584942440159166,0.93017578125
core,109,1.099833720899562,1.6672187776275988,0.6596817020406834,0.3554763057067265,0.93017578125
core,110,1.099340723862803,1.6817372207815402,0.6536935201754738,0.3497337205381752,0.931884765625
core,111,1.0957559342336298,1.6815616806280795,0.6516299383227824,0.3496701062429998,0.93115234375
core,112,1.0953481257490818,1.6856433422733248,0.6498101337806444,0.3479581845127572,0.930908203125
core,113,1.0987116082054986,1.6894883911754746,0.6503220820837139,0.34633557927584857,0.9306640625
core,114,1.1060082416295391,1.6944600516585657,0.6527201633033247,0.34427477868562184,0.930908203125
core,115,1.113292907234753,1.691315637264521,0.6582407699105512,0.3453529888078283,0.9306640625
core,116,1.1172849131048372,1.687284767746071,0.662179220996194,0.3466858340733348,0.930419921875
core,117,1.1320214773255461,1.6882266304710143,0.6705388108998807,0.34609106882033713,0.93115234375
core,118,1.1405141933898826,1.6820031604955705,0.6780689954553067,0.3482697902164211,0.931396484375
core,119,1.1365742511917962,1.6681452795600524,0.6813400877719417,0.3534067769793327,0.9306640625
core,120,1.1386272482113728,1.6653479098362831,0.6837173430765641,0.3542562402701636,0.930908203125
core,121,1.1389822550280908,1.6578279356608712,0.6870328521602881,0.3569356818970862,0.9306640625
core,122,1.1435704485188687,1.658212258265969,0.6896405709331366,0.3565473813777117,0.931396484375
core,123,1.1424336094859624,1.653065761519966,0.6910999163369727,0.35830320165781204,0.931640625
core,124,1.1305934765283476,1.6361242042182735,0.6910193453610912,0.36463816739690824,0.930419921875
core,125,1.1446808067202885,1.6457396124598065,0.6955418694755667,0.36065844741023045,0.931396484375
core,126,1.152496075206491,1.6497296870138356,0.6985969181973177,0.3588591878829434,0.931396484375
core,127,1.1581660278152266,1.649846848161986,0.7019839623935294,0.35856155986314786,0.93115234375
core,128,1.1666277365446136,1.6560330995464592,0.7044712674306571,0.3559004423597536,0.931884765625
core,129,1.1536097612810061,1.6424491557136407,0.7023716729786774,0.3609269502310313,0.93115234375
core,130,1.1361225470598058,1.6261700203749445,0.6986493003959395,0.3670038458343002,0.93017578125
core,131,1.1174957801623706,1.613623856989596,0.6925379637403166,0.37162922625257916,0.929931640625
core,132,1.11409428552217,1.6112819532163127,0.691433478354489,0.3722802550494088,0.929931640625
core,133,1.1193997784022214,1.6217123566314993,0.690257907837217,0.367951067602682,0.9306640625
core,134,1.1215970338366215,1.6291195037452062,0.6884682377555275,0.3647940874385505,0.931640625
core,135,1.1305902734120998,1.636506031462953,0.6908561604269859,0.36163947323547896,0.9326171875
core,136,1.1380612299951476,1.6448291518322722,0.6919023952897443,0.3581135953922457,0.93359375
core,137,1.12274446457196,1.6270380877921955,0.6900541990971243,0.3647769548265799,0.931396484375
core,138,1.1097947062017082,1.6174417371073666,0.6861419986518126,0.36802337623378123,0.9306640625
core,139,1.118960663139498,1.6323072911293943,0.6855085860489469,0.3617009593750756,0.931884765625
core,140,1.118053679029794,1.6325443527178751,0.6848534786625844,0.36108446286777635,0.93115234375
core,141,1.122849160893748,1.6374077475422664,0.685748044480145,0.35864568296431487,0.931640625
core,142,1.1096234877733209,1.621001946990682,0.6845293985200249,0.36453119749947205,0.93017578125
core,143,1.1077948026635818,1.6239202021381864,0.6821731764928894,0.362834900192379,0.931640625
core,144,1.1004319923339616,1.607242239630059,0.6846709010007411,0.368820884871704,0.93017578125
core,145,1.1050550406319926,1.611497955576406,0.6857315808611949,0.3665785633564585,0.93115234375
core,146,1.0969897043233003,1.6043631080304166,0.6837540073269391,0.3688021996911673,0.93115234375
core,147,1.0876003958318314,1.5998133674655943,0.6798295463393929,0.3700001529700285,0.930908203125
core,148,1.0880744331988172,1.603071313577476,0.6787436241814023,0.3681103729346782,0.931640625
core,149,1.0967185134880264,1.6161181755907728,0.6786128205551061,0.3623414281933252,0.932861328125
core,150,1.099449147445295,1.6215945655670105,0.6780049531436725,0.3595369670209231,0.93212890625
core,151,1.0954992412936915,1.6219981866931976,0.6754010271288338,0.35871738272795356,0.931640625
core,152,1.1393279866104837,1.7392418282045,0.6550716341652528,0.3416407072104441,0.93212890625
core,153,1.1550698759073863,1.7516706752158901,0.6594104087316676,0.3382273697517101,0.9326171875
core,154,1.1712238207105412,1.7511294916987836,0.668839070018933,0.34294883673369114,0.931396484375
core,155,1.1522864477050376,1.720927214641336,0.6695730289471826,0.35695712664338186,0.9287109375
core,156,1.1658506662009613,1.7230564981871779,0.6766177820794321,0.35557583454392944,0.928955078125
core,157,1.1849668404669318,1.7348587316306916,0.6830336204684024,0.3512560269476214,0.930419921875
core,158,1.1838025376396433,1.727978255182345,0.6850795338942054,0.3537966195321203,0.929931640625
core,159,1.1768027345468874,1.710580024793531,0.6879553820868035,0.3598365920649329,0.929931640625
core,160,1.1747838824767993,1.7075683235495847,0.687986457862332,0.3607079533806981,0.9296875
core,161,1.1852019356265697,1.725010047771982,0.6870695838307569,0.35400570625495054,0.931396484375
core,162,1.16252520487006,1.7082286748278026,0.680544251481581,0.3598277861074446,0.930419921875
core,163,1.1581723428471353,1.7003137166288664,0.6811521494653294,0.3625830370994183,0.930419921875
core,164,1.1684106766011149,1.7167859191829478,0.6805803004006373,0.3567210735772294,0.93115234375
core,165,1.1777662459928462,1.7299257737602192,0.6808189483371981,0.3523472645019719,0.93115234375
core,166,1.1908749423187703,1.7485083838629727,0.6810804874082302,0.3456743132318956,0.930419921875
core,167,1.2080499278931396,1.7764182911224302,0.6800481248872038,0.3366422691251967,0.931640625
core,168,1.1938322808270894,1.7676762201495004,0.6753681852019945,0.341382690410835,0.929931640625
core,169,1.1828199911294504,1.7671195560444963,0.6693491603799935,0.3419344060355127,0.9296875
core,170,1.2066431570212015,1.7829790280711455,0.6767567862682977,0.3376811402862406,0.931396484375
core,171,1.1913683160318933,1.764034013655229,0.6753658414801631,0.3450956546837449,0.930419921875
core,172,1.2145025996727559,1.773985315662408,0.6846181808552679,0.3425229139724307,0.931884765625
core,173,1.2045692257516354,1.7660937623192812,0.6820528170428297,0.34611308352926234,0.931640625
core,174,1.1881254730805866,1.7460194985847122,0.6804766350224937,0.3535769348491074,0.929931640625
core,175,1.1764467744483604,1.7409632280076237,0.6757447575700368,0.3566744618499201,0.9296875
core,176,1.173613337394563,1.7577328148299356,0.6676858550360013,0.35152307348964934,0.93017578125
core,177,1.1963095537641941,1.7682582875381159,0.676546838318385,0.34834920022333354,0.930419921875
core,178,1.2030037359007901,1.7748495104229232,0.6778060499417385,0.3462453102183343,0.93017578125
core,179,1.1924329094490642,1.764803916765998,0.6756744463907337,0.34994755271581135,0.92919921875
core,180,1.2038909528030235,1.7758134788757673,0.6779377266384886,0.3463301449593258,0.929931640625
core,181,1.2314681130254912,1.803511692792854,0.682816816739615,0.3363280890812319,0.9306640625
core,182,1.25150726256572,1.8182825888385872,0.6882908466747789,0.3307303243452433,0.932373046875
core,183,1.2347444861228531,1.8035248903555026,0.6846284699067646,0.33597991822289286,0.93212890625
core,184,1.2336039469975044,1.7971343995101763,0.6864283201822486,0.33832217739276904,0.931884765625
core,185,1.2254948007394062,1.7856823950734428,0.6862893446899907,0.3424097097031925,0.931640625
core,186,1.2136445230023822,1.7820444243032865,0.6810405545736451,0.3436190024103998,0.931640625
core,187,1.2264550209860923,1.7874302902850896,0.6861554420622896,0.3415026357261449,0.93212890625
core,188,1.2366253732301,1.7938340814561597,0.6893755593194322,0.3390085826999771,0.9326171875
core,189,1.2455670039557312,1.796037422326295,0.6935083804336472,0.33805983860492383,0.932861328125
core,190,1.2410764200913884,1.7842846044773055,0.6955596752766656,0.3422536150486136,0.931396484375
core,191,1.2352199365040042,1.781371819362656,0.6934093843170509,0.3431879475063581,0.93115234375
core,192,1.232699106753564,1.783317629939416,0.6912392307787828,0.34232906677912334,0.93115234375
core,193,1.243808391775488,1.7974886493573017,0.6919700951770772,0.3369584603646151,0.931640625
core,194,1.2715562236994877,1.8252844966989947,0.6966345388891879,0.32655672191443963,0.933349609375
core,195,1.2925829348608682,1.8475186862228217,0.6996318600184243,0.3182008969427895,0.933837890625
core,196,1.3038277113126142,1.8613735439279144,0.7004653716960252,0.3129323243096548,0.9345703125
core,197,1.3074425438765886,1.8741290479383101,0.6976267431076204,0.3080652458313511,0.934814453125
core,198,1.3196068131561376,1.8871875100797098,0.6992452027728824,0.3030820170971463,0.935546875
core,199,1.3116402208055802,1.8864474165216685,0.6952964653655981,0.30319125614886516,0.93505859375
core,200,1.2972703454887504,1.8767029182442618,0.6912497086658788,0.306625274640874,0.93408203125
red_wing,1,0.9766252940055766,1.6258270254098839,0.6006944642584974,0.4162322977357222,0.93896484375
red_wing,2,0.9648443775766614,1.6131351007590244,0.5981175272441072,0.42083869839820687,0.937744140625
red_wing,3,0.9626247149736563,1.601909774098019,0.6009231796564057,0.4249174554032658,0.93896484375
red_wing,4,0.9547632679761491,1.5888044753129102,0.6009318848300143,0.42967001945162986,0.938232421875
red_wing,5,0.9628324898223319,1.593854886423118,0.6040904338431288,0.42790465712251113,0.939453125
red_wing,6,0.936953089590942,1.55932198436928,0.6008721091493647,0.44034601743223706,0.937744140625
red_wing,7,0.915001584588874,1.529777965842928,0.5981270517808093,0.45089325214034986,0.93701171875
red_wing,8,0.9158394392963749,1.5261823103507024,0.600085214646423,0.45212676212726977,0.93701171875
red_wing,9,0.9147086594904373,1.5187446910223428,0.6022794120022249,0.4547389808730481,0.936767578125
red_wing,10,0.9163371632122053,1.517806186559271,0.6037247517678516,0.45501729034528576,0.93701171875
red_wing,11,0.9275246182248467,1.5286434349334928,0.6067632235408781,0.45106609769715744,0.93701171875
red_wing,12,0.938531672690311,1.5363963192707626,0.6108656086443744,0.44822083064350676,0.938232421875
red_wing,13,0.9263861502152922,1.5177873269523587,0.6103530671029053,0.45484263026497335,0.93701171875
red_wing,14,0.9420278600520499,1.521935041641607,0.6189671926049807,0.45329034051676353,0.936767578125
red_wing,15,0.9526920504498265,1.5152255588667471,0.6287460272003033,0.4556373333366944,0.935791015625
red_wing,16,0.9652179532428032,1.5131463757972337,0.6378880250327781,0.45632025008065014,0.935791015625
red_wing,17,0.9933810754415038,1.5226625545496593,0.6523973893449457,0.4528356238234578,0.9365234375
red_wing,18,1.0156775115997823,1.5278772727242775,0.6647638064468235,0.4508951038760584,0.935791015625
red_wing,19,1.0371524272942534,1.531180655767255,0.6773547088567088,0.44964014008186093,0.935791015625
red_wing,20,1.043711102377365,1.5280576029635253,0.6830312550738825,0.45069405924104666,0.93408203125
red_wing,21,1.0426513466110718,1.5262053358761314,0.6831658375853658,0.45129037793547133,0.93505859375
red_wing,22,1.0567564831964058,1.5441614684086074,0.6843562054980463,0.4447633172329311,0.936279296875
red_wing,23,1.053712326314555,1.5364571146584383,0.6858065326143516,0.44746153998590116,0.935302734375
red_wing,24,1.0580747715081857,1.5393798894687984,0.6873383098913296,0.44645732595739895,0.9365234375
red_wing,25,1.0400359544173923,1.5187403029946087,0.6848017086046108,0.45392496090720463,0.935302734375
red_wing,26,1.039723361002128,1.517408822401583,0.6851965967593173,0.4544491928386614,0.934814453125
red_wing,27,1.051933514952506,1.524154201306005,0.6901752552669105,0.45206936958629657,0.9345703125
red_wing,28,1.0699719037970807,1.5369346936833412,0.6961726533954669,0.4475201487427807,0.935302734375
red_wing,29,1.0526922144007707,1.5262877100269834,0.6897075875571061,0.4513920686969422,0.93505859375
red_wing,30,1.0332469385347751,1.5188195970592837,0.680296027609423,0.45412048154029555,0.935302734375
red_wing,31,1.0394630104141833,1.5313564565400157,0.6787857954135457,0.4496586762211557,0.936767578125
red_wing,32,1.034422926144633,1.528123376039058,0.676923697630939,0.45086419297533975,0.935791015625
red_wing,33,1.0371106096233522,1.5295725093231463,0.6780395197363254,0.45038671678310627,0.9365234375
red_wing,34,1.042841518457434,1.534213174021203,0.6797240019287057,0.4487622392489312,0.936767578125
red_wing,35,1.0303209113075542,1.5204850593049763,0.677626462030821,0.45373697304183386,0.93603515625
red_wing,36,1.0386874897047749,1.5228548419768209,0.6820659862475484,0.45292753824351784,0.93701171875
red_wing,37,1.0355062830204884,1.5123099804626396,0.6847182762780621,0.45675697467668364,0.935546875
red_wing,38,1.047403471439115,1.5202669924908652,0.6889602133129312,0.4539398250519162,0.9365234375
red_wing,39,1.04565671865888,1.521635953300213,0.687192436792124,0.45348888567417656,0.935302734375
red_wing,40,1.0518978563594645,1.524974851866274,0.6897804610168785,0.4523301616998318,0.93603515625
red_wing,41,1.0573874561879792,1.528409411753712,0.6918221309398523,0.4511368718513684,0.935791015625
red_wing,42,1.0618345410161376,1.5269474062948636,0.6953969315764962,0.4517016344843946,0.935302734375
red_wing,43,1.082086004100517,1.541371830465025,0.7020278836768779,0.4465618155249799,0.93505859375
red_wing,44,1.1007661861219524,1.545628440330614,0.7121803386889644,0.44507288725624256,0.934814453125
red_wing,45,1.1144476346891126,1.5510978985380177,0.7184895522968161,0.44314835303874645,0.935302734375
red_wing,46,1.1223663859525423,1.5549449831330988,0.7218045642303417,0.4418060857614458,0.93701171875
red_wing,47,1.1015526163890903,1.5318198444698798,0.7191136871387817,0.45015493216390945,0.935302734375
red_wing,48,1.1038248556290413,1.5385587111236765,0.7174408409951869,0.4477832494945398,0.937255859375
red_wing,49,1.102118249140886,1.5436066327826627,0.7139890602530615,0.44601846646695875,0.938232421875
red_wing,50,1.089066714027017,1.5389827313539652,0.707653628490606,0.4477244213155854,0.93896484375
red_wing,51,1.0871798411018805,1.534938201344918,0.7082889983123033,0.44922182744705097,0.93994140625
red_wing,52,1.0713109851043654,1.5124860588970854,0.7083113122282741,0.4573232272101938,0.937744140625
red_wing,53,1.0573607711869004,1.4891434393599257,0.710046287845436,0.4657423994291058,0.93701171875
red_wing,54,1.0555062199346814,1.4862837480186837,0.7101646784079704,0.46681180304483344,0.936767578125
red_wing,55,1.066580921036056,1.4955402604698602,0.71317432852056,0.4635344633339772,0.938232421875
red_wing,56,1.0631593298616653,1.4957813739395887,0.7107718737408238,0.4634909388489949,0.937744140625
red_wing,57,1.0556318392375508,1.490405904664835,0.7082847940507475,0.4654614548531868,0.9375
red_wing,58,1.0410384607575793,1.486408357457833,0.7003717757198575,0.46693713088280425,0.936279296875
red_wing,59,1.038118013396216,1.4878222898646354,0.6977432859207034,0.4664716636684727,0.93603515625
red_wing,60,1.043348653061772,1.4867672979112032,0.701756525400847,0.46689117343254255,0.935791015625
red_wing,61,1.064307670191679,1.4984922552264572,0.7102523663232662,0.4627280971889086,0.9365234375
red_wing,62,1.0721016434919821,1.5071944153617216,0.711322728219293,0.4595398163929607,0.9365234375
red_wing,63,1.088336897600453,1.525791085353259,0.7132935223228648,0.4529112436988283,0.937255859375
red_wing,64,1.1141815383944418,1.554522858686794,0.7167353842166483,0.44264944764056696,0.9384765625
red_wing,65,1.1237800575058436,1.56169612355591,0.719589451849985,0.44000604175434066,0.937255859375
red_wing,66,1.1412972120759752,1.5769643817315644,0.723730494675339,0.434457809536436,0.9375
red_wing,67,1.1462358912800998,1.5812065306581558,0.7249121914535698,0.43286182871296963,0.937255859375
red_wing,68,1.144027936372829,1.589670355913743,0.7196636284478245,0.4298671351569185,0.937255859375
red_wing,69,1.1381004707751279,1.5971700119641326,0.712573152669915,0.427218222470975,0.937744140625
red_wing,70,1.1443683319211748,1.610938429752824,0.7103737242749633,0.4223212963509753,0.93798828125
red_wing,71,1.1335883973158536,1.6098149260759647,0.7041731188808479,0.4227644602106091,0.93798828125
red_wing,72,1.1304393377028097,1.6099995169295926,0.7021364452696573,0.4227381136028892,0.938232421875
red_wing,73,1.1342404316551447,1.6095825327301823,0.7046798835044762,0.4229270122155313,0.93896484375
red_wing,74,1.11644851674367,1.5885832737824217,0.7027950848842834,0.43049417448658617,0.937744140625
red_wing,75,1.1087747625702105,1.579944676791178,0.7017807514767542,0.4336288930133806,0.93798828125
red_wing,76,1.099420411503182,1.5788961906223093,0.696322163567862,0.43404207128360894,0.93896484375
red_wing,77,1.0944038372973532,1.5717580279321872,0.6962928248804026,0.4366374685828398,0.939208984375
red_wing,78,1.1043926086143465,1.58191897508045,0.698134750269483,0.43292065592597545,0.939453125
red_wing,79,1.1055184643019436,1.59103137880789,0.6948439100744034,0.4296908858182358,0.93896484375
red_wing,80,1.111716549739302,1.6030651780404794,0.6934942914162844,0.4254139672410634,0.9404296875
red_wing,81,1.1155349121115177,1.5996266984523446,0.6973720263551547,0.4266825101128049,0.939697265625
red_wing,82,1.1172517376005768,1.5914160729920344,0.7020487957621433,0.4295491090737976,0.939453125
red_wing,83,1.1101905643763543,1.5775241663226116,0.7037550283393343,0.43455345570136156,0.938720703125
red_wing,84,1.1065882487063012,1.569473053091917,0.7050699255564048,0.4374633870034514,0.93896484375
red_wing,85,1.115320483152723,1.5764461334540925,0.7074903858015027,0.4348876671097734,0.939453125
red_wing,86,1.1169417141043345,1.5770997071241557,0.7082251737533322,0.43457580133553164,0.9384765625
red_wing,87,1.1192562367808572,1.577991249702498,0.7092917891603473,0.43417738701990727,0.939208984375
red_wing,88,1.1086217413390003,1.567144111406594,0.7074153125228247,0.4379874675556786,0.93798828125
red_wing,89,1.1060979811932845,1.5664490097000376,0.7061180889667729,0.43815622002072446,0.9384765625
red_wing,90,1.1083685063366064,1.5671272700383945,0.7072613230126814,0.43783120556853034,0.938720703125
red_wing,91,1.1238351521883845,1.5756087793922178,0.713270430380502,0.4347052910932879,0.93896484375
red_wing,92,1.1357380891639521,1.5767804418407736,0.7202893053633153,0.4342002740182538,0.938232421875
red_wing,93,1.130423968969402,1.5645664446596412,0.7225157952402057,0.43860719931691455,0.937255859375
red_wing,94,1.1307989825154792,1.5609412053995921,0.7244340649114974,0.43993158137931304,0.937744140625
red_wing,95,1.122450830987306,1.5519674208467795,0.7232438103467906,0.443174332573855,0.93798828125
red_wing,96,1.1013022545887767,1.5269026867463882,0.7212655162297833,0.4521893007266535,0.9365234375
red_wing,97,1.0930670194425178,1.5192684884260004,0.7194692891807176,0.4549496961000142,0.93603515625
red_wing,98,1.0847871044259794,1.517630969758292,0.7147897783074035,0.4555580957024732,0.936767578125
red_wing,99,1.0608153325030258,1.4995264510761737,0.7074335579353765,0.46197177007129303,0.935546875
red_wing,100,1.0510599735987318,1.5056845393275078,0.6980612114594552,0.4596795202992182,0.935791015625
red_wing,101,1.0540275709031592,1.5114736946883731,0.6973509195742057,0.45751781338177366,0.935546875
red_wing,102,1.0586343227484099,1.529024081001434,0.6923594833477427,0.4511323698280483,0.936767578125
red_wing,103,1.0677151477162323,1.5454422976825568,0.6908799825896492,0.4452754585855276,0.937744140625
red_wing,104,1.0622310668823505,1.5454262924280529,0.6873385499436897,0.4453174220508306,0.936767578125
red_wing,105,1.0742420660515943,1.5540881359130072,0.6912362569581619,0.44224448861910215,0.938232421875
red_wing,106,1.0772281515875188,1.5445279265291827,0.6974481542772969,0.44571089422488325,0.937744140625
red_wing,107,1.0827560947141435,1.5434075571545316,0.7015360846815745,0.44614776807576295,0.93798828125
red_wing,108,1.0732131495393298,1.5309293883967157,0.701020672588476,0.4506729603335811,0.936767578125
red_wing,109,1.0879935865864185,1.540181265125597,0.7064061946615718,0.4474004870866056,0.93798828125
red_wing,110,1.094197731147293,1.5458701046533545,0.7078199700308297,0.4454064403924294,0.93896484375
red_wing,111,1.0809186900118075,1.5291456248613617,0.7068775350351657,0.45145261258074343,0.936767578125
red_wing,112,1.097590561321496,1.5447684467603433,0.7105210904736826,0.4458944543307515,0.939453125
red_wing,113,1.093990212222896,1.5404304518607832,0.7101847479718387,0.4474961262631221,0.9384765625
red_wing,114,1.0934908363668203,1.5303364132617527,0.714542780849185,0.45116146773894306,0.938720703125
red_wing,115,1.0797402285042859,1.5062056644773025,0.7168610860848059,0.45985950791414765,0.937744140625
red_wing,116,1.0576173985927757,1.4777189796795418,0.7157094231963717,0.47011769541289566,0.93701171875
red_wing,117,1.0366780845779842,1.456553054548845,0.711733830319752,0.4777489640691491,0.93603515625
red_wing,118,1.0332736468162507,1.4551881264698077,0.7100619006031239,0.47827948565788553,0.936767578125
red_wing,119,1.0195885502640556,1.443353001805998,0.7064027642498361,0.4825630535372399,0.9365234375
red_wing,120,0.9958473547392761,1.4274066848344333,0.6976619665017091,0.4883192920354262,0.936279296875
red_wing,121,0.9826497413500889,1.425695169456644,0.6892425270155,0.4889719079362792,0.936279296875
red_wing,122,0.9922613458818608,1.4359627509101864,0.6910077195616077,0.4853305478981724,0.936767578125
red_wing,123,1.0131442307439078,1.455300746232622,0.6961751606096972,0.47843861118315,0.93798828125
red_wing,124,1.0189677638015118,1.4636282883402327,0.6961929964861707,0.4754889918900415,0.9384765625
red_wing,125,1.0154336985001122,1.4558392667444813,0.6974902530076722,0.47831453681254993,0.937255859375
red_wing,126,1.014046645198981,1.4499009591100198,0.6993902851277679,0.48047613582857596,0.9365234375
red_wing,127,1.0215511564525446,1.449761091305108,0.7046341377067313,0.48055947463589455,0.936279296875
red_wing,128,1.0213045946367791,1.4457385057129861,0.7064241497345389,0.4820334299867725,0.936767578125
red_wing,129,1.0027607386087152,1.429825247423607,0.7013169899017963,0.4877665811743088,0.936279296875
red_wing,130,0.9847046064004095,1.4059216161066947,0.700397941904665,0.4963609522011007,0.9345703125
red_wing,131,0.9752287247527656,1.396910938817695,0.6981323559382897,0.4996191066359167,0.934326171875
red_wing,132,0.9773650994788794,1.4026444549455448,0.6968017419045969,0.49759530262819246,0.93505859375
red_wing,133,0.9620581970292478,1.3901860438667595,0.6920355741403594,0.5020869728578344,0.933837890625
red_wing,134,0.96858008734013,1.405055349263327,0.6893536883425683,0.496790475083978,0.935546875
red_wing,135,0.9606437003448989,1.4062395475183203,0.6831294867508224,0.4963950753197857,0.93505859375
red_wing,136,0.9642925757065122,1.4176455312979555,0.6802071141321439,0.49233883444031096,0.93603515625
red_wing,137,0.9628417291901392,1.4211539569106066,0.6775069826236313,0.49111056302636585,0.93603515625
red_wing,138,0.9724231206081365,1.4374021721580377,0.676514297420459,0.4853325316591931,0.93701171875
red_wing,139,0.9869206452543959,1.4557906192992207,0.6779276031669126,0.4787887297766898,0.938232421875
red_wing,140,0.9800083439092884,1.4525779191102215,0.6746683472302771,0.4799787041461335,0.9375
red_wing,141,0.9844983292098336,1.4589363058734277,0.6748055588488764,0.4775587023511245,0.938232421875
red_wing,142,0.9758098949187293,1.4536126474696873,0.6712998105907565,0.4793200417985008,0.937744140625
red_wing,143,0.9635275695896728,1.4396801333014835,0.6692650313789531,0.48434972079343597,0.9365234375
red_wing,144,0.9449099745442798,1.420488528195858,0.665200707917294,0.49108004615508355,0.93505859375
red_wing,145,0.950590685781697,1.4268895665041337,0.6661977970100625,0.4888251227596651,0.93505859375
red_wing,146,0.9666958240689694,1.4417270510577591,0.6705123715059164,0.4833621600160177,0.9365234375
red_wing,147,0.9834040658665755,1.455926210333475,0.6754491119720485,0.47812302282432384,0.9365234375
red_wing,148,0.9940119287670601,1.469390368073081,0.6764791374470357,0.47314249063087016,0.9365234375
red_wing,149,0.9952083211875957,1.472018547827564,0.6760840905546639,0.47204354546925376,0.936767578125
red_wing,150,1.003775867183554,1.4798512594685584,0.6782951061879207,0.4690747649723171,0.93798828125
red_wing,151,1.0097952637429048,1.4868908098285458,0.679132090310885,0.4663868487904187,0.9384765625
red_wing,152,0.9996479381899231,1.4759292578703678,0.6773007126590367,0.470157461731445,0.937744140625
red_wing,153,0.9978170902776955,1.4791157493186402,0.6746037899585231,0.46905329873889334,0.93798828125
red_wing,154,1.002781322052614,1.4777202134107972,0.678600260693495,0.469593515584528,0.9375
red_wing,155,0.99483194898525,1.4725271755537355,0.6755949672787187,0.471496172058547,0.936767578125
red_wing,156,0.9996302362446916,1.4835653363207764,0.6738026373167778,0.4675730024023273,0.93798828125
red_wing,157,0.9980529265826207,1.4876953136998647,0.670871862935755,0.4661290050647728,0.9375
red_wing,158,1.000331872038464,1.4976808314081356,0.667920595002836,0.46258360412839644,0.937744140625
red_wing,159,0.9952972717650681,1.5001010501818806,0.6634868175343206,0.46175272875622614,0.9375
red_wing,160,0.9923478101845009,1.49361941918397,0.6643913418899335,0.464115336594477,0.93701171875
red_wing,161,1.0036815864808557,1.5046327733646367,0.6670608298903647,0.4602006898766217,0.938232421875
red_wing,162,0.9868863540163084,1.4770860408544255,0.6681305805621456,0.47011892117895376,0.935791015625
red_wing,163,0.9902347795063928,1.4735992200167425,0.6719837836879027,0.4714048280777794,0.93701171875
red_wing,164,0.9844233373567906,1.4621442081414704,0.6732737659359126,0.4755481859794355,0.936279296875
red_wing,165,0.9930081799542734,1.4728815989916038,0.6741941651210309,0.4717309336607167,0.9375
red_wing,166,1.0032915844070216,1.4795859146159773,0.6780894400900155,0.4693601259765562,0.9384765625
red_wing,167,0.9948995686459436,1.4691915011226326,0.6771748733134687,0.47312105967225226,0.93701171875
red_wing,168,1.0016287542469398,1.479627125796005,0.6769467366368312,0.4694114791392027,0.936767578125
red_wing,169,1.0026333571907675,1.4825832067492235,0.6762745946577832,0.4683838444613379,0.935546875
red_wing,170,1.005270159042241,1.490876800381394,0.674281173860291,0.4654420688853221,0.936279296875
red_wing,171,1.0077744738463994,1.490546212413574,0.6761108548352592,0.4655921933729514,0.936279296875
red_wing,172,0.9983375078545385,1.4719094769901109,0.6782601263605057,0.47230475487450835,0.935791015625
red_wing,173,0.9919295706917873,1.459720644209971,0.6795338372628407,0.4767045405879169,0.935546875
red_wing,174,0.995782448043009,1.4557121168977185,0.6840517685358902,0.47817094241850716,0.935546875
red_wing,175,1.012914526213283,1.4647140168523833,0.6915442294940273,0.4749730990385512,0.93701171875
red_wing,176,1.0103981435649356,1.4533705990475567,0.6952102541685403,0.47906749263682147,0.93603515625
red_wing,177,1.0146269134674903,1.4453044291182853,0.7020160549057947,0.4819863434663222,0.936767578125
red_wing,178,1.0286863785266014,1.447631933894154,0.7105993964635873,0.48117937010985684,0.936279296875
red_wing,179,1.029078503505468,1.442037529098894,0.7136281010304374,0.4832109859524815,0.935791015625
red_wing,180,1.0390392820888676,1.4520243494880167,0.7155797920711402,0.47965826400433376,0.937255859375
red_wing,181,1.0284175994484919,1.4397537561751133,0.7143010358803387,0.48408107094154124,0.93701171875
red_wing,182,1.0148611619801695,1.423101514566109,0.7131333580862583,0.4900729704421645,0.93701171875
red_wing,183,1.0075910162329755,1.408708338292963,0.7152587862537597,0.49507383891631246,0.93603515625
red_wing,184,0.9959408087033516,1.3919257726202692,0.7155128730956071,0.5009325357826231,0.934814453125
red_wing,185,0.9917407749699692,1.3818486672747676,0.7176913061875616,0.504387967242397,0.933837890625
red_wing,186,1.0043774689775515,1.3966098786933374,0.7191539200032318,0.4989322510267676,0.935546875
red_wing,187,1.0197856700120707,1.413579312932293,0.7214209069717165,0.492678420311901,0.9365234375
red_wing,188,1.0127286885717974,1.4084820513626215,0.7190213660103396,0.4943405318477114,0.936279296875
red_wing,189,1.0172486743151816,1.419108739748834,0.7168222179332241,0.4903546625382374,0.93701171875
red_wing,190,1.0054186869443191,1.4086415935197476,0.7137505321222962,0.4939419330932603,0.93701171875
red_wing,191,1.0003460753464637,1.4059227440275337,0.7115227914165337,0.494744905063949,0.93701171875
red_wing,192,1.0119976430141706,1.4168604031668206,0.7142535995446394,0.49063667304716246,0.9384765625
red_wing,193,1.0136570700871144,1.407434370263248,0.7202162257111278,0.49384664310279514,0.937255859375
red_wing,194,1.0148643913492603,1.4009844962046525,0.7243937346191812,0.49598590729140024,0.936767578125
red_wing,195,1.024666873231696,1.4028407783473693,0.7304227885639417,0.4951351129214189,0.936767578125
red_wing,196,1.0277494988599523,1.4013012702405672,0.7334250818765863,0.49550389270375306,0.9375
red_wing,197,1.0228799300784286,1.3947813238275284,0.7333622214494985,0.49766427923532314,0.936767578125
red_wing,198,1.02259613685146,1.3897195045393667,0.7358291608567497,0.499298521894021,0.9365234375
red_wing,199,1.0337572261397756,1.407279651528544,0.7345783938657396,0.4927779874182773,0.93701171875
red_wing,200,1.0395949277088528,1.4220435805676868,0.7310570097252866,0.4872581436599591,0.93798828125
