filename,time,pixel_width_min,pixel_width_max,blue_wing_flux,blue_wing_error,core_flux,core_error,red_wing_flux,red_wing_error
n57512ma.spc,47512.0,2.0,2.0,6.8172019152,0.1281094003749358,22.391807999999997,0.13149908099473243,7.728090000000001,0.12989932018951908
n57517a.spc,47517.0,2.0,2.0,7.5006424759999994,0.13087271643093834,22.4983104,0.1359192836536391,6.9180504,0.13268213905186785
n57534a.spc,47534.0,2.0,2.0,7.2850529028,0.1317124673980774,23.680405200000003,0.1374945158716725,6.4888236,0.13326828057478643
n57535a.spc,47535.0,2.0,2.0,6.991542476,0.13172807027135863,23.3482956,0.1376434299379262,7.1610743999999995,0.13369899122034393
n57549m.spc,47549.0,2.0,2.0,6.45777024,0.13091479832848843,26.374999200000005,0.13701194911473671,7.059443999999999,0.13264861131950684
n57560a.spc,47560.0,2.0,2.0,6.8002045886,0.13613810883240005,25.1029764,0.14858061725501615,7.8100488,0.13999150424241036
n57573a.spc,47573.0,2.0,2.0,7.007885561599999,0.1294996205516912,25.2710292,0.13496892030561702,7.977261600000001,0.13156889796238624
n57573m.spc,47573.0,2.0,2.0,6.807435073600001,0.12758933838464717,25.6008888,0.13126579498224814,6.8038633200000005,0.1290657028965945
n57574m.spc,47574.0,2.0,2.0,6.5633102887999994,0.1358328413783883,25.107636,0.14976492704289346,7.509429599999999,0.13991511388780845
n57575ma.spc,47575.0,2.0,2.0,6.9510264312,0.1279518570766427,25.080888,0.13199118905999144,7.177058399999999,0.12956971975015769
n57576m.spc,47576.0,2.0,2.0,6.5716229728,0.1275372482317915,24.738492,0.13102168195702574,6.574729199999999,0.12896497650012737
n57582a.spc,47582.0,2.0,2.0,6.3254130364000005,0.1290585581814581,22.232352,0.1339176659586389,7.3213691999999995,0.13120100461150744
n57587m.spc,47587.0,2.0,2.0,6.039936944000001,0.1355849819087409,23.62167,0.14954566479208148,7.279540850000001,0.13957723258961113
n57589m.spc,47589.0,2.0,2.0,6.114588212000001,0.13727749803505016,22.8935088,0.15288339856285246,6.895395560000001,0.14190723545888137
n57592m.spc,47592.0,2.0,2.0,5.789570417199999,0.13637484369574912,23.3346072,0.15020926490437267,7.2646668000000005,0.14063168290019998
n57594m.spc,47594.0,2.0,2.0,5.898960476,0.12779598549232757,20.294154,0.1307417859381093,5.6000568,0.12931643467685305
n57597m.spc,47597.0,2.0,2.0,5.442097211,0.12816867552276884,20.6219772,0.13131167550448514,6.6549347999999995,0.1298658623819886
n57601m.spc,47601.0,2.0,2.0,5.550978691999999,0.12825351391761552,20.8377756,0.1316057572982702,6.7153728,0.1299513369729269
n57606m.spc,47606.0,2.0,2.0,4.448928292,0.12995656860384086,19.1129052,0.13407078620085436,5.601136944,0.13179898847674362
n57618a.spc,47618.0,2.0,2.0,6.983052532,0.15083090148731193,23.512454400000003,0.169956820166587,7.599882,0.15550125011899293
n57627a.spc,47627.0,2.0,2.0,6.538092733200001,0.1483589563554988,25.032497999999997,0.16748627317104647,7.936119612,0.15290355451380716
n57642a.spc,47642.0,2.0,2.0,7.973371623999999,0.14329235916263505,27.823726,0.15832053019664127,7.31809452,0.1452503150050147
n57644m.spc,47644.0,2.0,2.0,6.886105393999999,0.12873606548661645,25.962166800000002,0.1320450735893286,7.1074104,0.13001603603284634
n57648m.spc,47648.0,2.0,2.0,7.392643011,0.13033087491448833,27.775439599999995,0.13569499956337963,7.13261402,0.1317162614855068
n57649a.spc,47649.0,2.0,2.0,8.191990235999999,0.1373065271655736,30.024823599999998,0.14934135317914862,7.7108592,0.13913527335438702
n57652m.spc,47652.0,2.0,2.0,7.784563874,0.12812616326490697,29.2536764,0.13162678361884864,8.332685999999999,0.12940021749446948
n57652ma.spc,47652.0,2.0,2.0,7.481709990000001,0.12846552526318333,28.995475199999998,0.13242276346356163,8.512858799999998,0.12987352910126682
n57653aa.spc,47653.0,2.0,2.0,8.03501608,0.1335329394786949,30.408803,0.14208929947035984,8.376588,0.13522347289717418
n57653ab.spc,47653.0,2.0,2.0,8.1708092208,0.1311170694265426,31.3043312,0.1378527247321401,8.710671600000001,0.13265001784886424
n57654aa.spc,47654.0,2.0,2.0,7.659842339999999,0.1306442386045217,29.2003088,0.13636888447580117,7.5959868,0.1319703193128758
n57654ab.spc,47654.0,2.0,2.0,7.9328096136,0.12946604201657824,30.0356146,0.13439698450197457,7.6724088,0.13070826879472314
n57655aa.spc,47655.0,2.0,2.0,7.7189001911999995,0.14251899814769398,30.6667178,0.1619479074387613,9.0153288,0.1460549903883164
n57656m.spc,47656.0,2.0,2.0,8.326369144000001,0.1292880644197909,28.6361864,0.13382637318141444,8.0681352,0.1307323113028757
n57657aa.spc,47657.0,2.0,2.0,8.025863595,0.1359957507675648,29.8802648,0.14755559286058392,8.1590581,0.13828677005513434
n57657ab.spc,47657.0,2.0,2.0,8.3684654882,0.13207726733137992,30.305602,0.13991254780077447,8.3611632,0.133818195696113
n57663ma.spc,47663.0,2.0,2.0,7.472658008,0.13780195922669314,30.5870512,0.15336140668312612,8.564283577199998,0.14091880208914634
n57663mb.spc,47663.0,2.0,2.0,7.7106776052,0.14534983040812396,30.0088102,0.16813160414761763,8.499388920000001,0.149486830740493
n57663md.spc,47663.0,2.0,2.0,7.906832022800001,0.14211751259210245,31.412582999999998,0.16209535896158409,8.881668,0.14569247443777458
n57664ma.spc,47664.0,2.0,2.0,7.9302951228000005,0.13274818896440582,29.640455,0.14202263763451797,8.3165749,0.1348727256862795
n57665ma.spc,47665.0,2.0,2.0,7.934444712,0.12928399530964998,29.485816600000003,0.13432055678767268,8.2291309,0.13083016544128956
n57666ma.spc,47666.0,2.0,2.0,7.695729760000001,0.12936547883618413,29.163018199999996,0.1347966446427744,8.1077232,0.1309865033229302
n57668ma.spc,47668.0,2.0,2.0,8.323418148000002,0.12850561747220857,28.5728802,0.13240149882446497,7.9492524,0.12974717863265003
n57678a.spc,47678.0,2.0,2.0,8.100702248,0.13158035136281404,28.177225399999998,0.13895601387236178,7.9259496,0.13340577077936022
n57711ab.spc,47711.0,2.0,2.0,6.545613808100001,0.1354310566756621,24.740293200000004,0.14711319907350803,8.867210364,0.1393042429601568
n57713m.spc,47713.0,2.0,2.0,5.392574012,0.12741131568439595,21.901146,0.13005665877463715,7.8225553,0.12900862464158588
n57725ab.spc,47725.0,2.0,2.0,7.1355351240000005,0.13642327555740918,26.353406400000004,0.14993635326696192,9.81705228,0.14082165513171332
n57746m.spc,47746.0,2.0,2.0,6.725398504,0.13244528553809382,21.8442012,0.14210440135646749,8.2119696,0.13635290859255478
n57749m.spc,47749.0,2.0,2.0,5.3627119652,0.12666326706024283,18.902366400000002,0.12886254476996176,7.197513600000001,0.12840963008729836
n57754m.spc,47754.0,2.0,2.0,5.823132837999999,0.12619260157895787,20.2653012,0.1278439078664228,8.0973624,0.12765899890577867
n57757m.spc,47757.0,2.0,2.0,4.979089248,0.1335649070499104,19.976347200000003,0.14513779514601427,7.922138400000001,0.13914204251385706
n57758m.spc,47758.0,2.0,2.0,5.092659496,0.13095133550796648,17.973335999999996,0.13695163278061054,8.248066799999998,0.13481676590946098
n57759m.spc,47759.0,2.0,2.0,5.2029498944,0.12670893462369573,18.6041508,0.1286002737596402,7.5323292,0.1282720968356127
n57765m.spc,47765.0,2.0,2.0,4.5870656179600005,0.1264219059777537,17.733072,0.12816694421675506,7.33280412,0.12798679986531736
n57767m.spc,47767.0,2.0,2.0,4.83030710304,0.12664295979055448,17.789012399999997,0.128453687973333,7.877773200000001,0.12827868479842158
n57777h.spc,47777.0,2.0,2.0,5.499049312,0.1389177443512527,19.980708,0.15128815705290352,8.71986468,0.14473700967635333
n57797h.spc,47797.0,2.0,2.0,6.582643152,0.14504504930049836,24.299844,0.16239410951526537,9.3962496,0.15082891556504674
n57809h.spc,47809.0,2.0,2.0,6.66284775568,0.14056134286674413,25.3805016,0.15523969100863866,9.002958,0.14526794040562702
n57868a.spc,47868.0,2.0,2.0,7.800247116,0.13320447892307524,24.1883472,0.13988134571811353,7.643655600000001,0.13505744393513747
n57884a.spc,47884.0,2.0,2.0,7.650990212000001,0.12862256558231763,25.3965048,0.13254414288304708,7.401105600000001,0.1300260094676015
n57891a.spc,47891.0,2.0,2.0,7.970765739999999,0.13183903384370502,25.4352144,0.13974843804028436,7.6424628,0.13409154225682693
n57895h.spc,47895.0,2.0,2.0,7.322567586,0.1329406643423268,23.6024052,0.1425690640814956,7.917255564,0.13627299782371563
n57899a.spc,47899.0,2.0,2.0,7.501386996,0.14021025362502415,22.9597416,0.1547303149400582,6.554878799999999,0.14354207407059436
n57900a.spc,47900.0,2.0,2.0,7.3223003544,0.12863566636817955,22.9940196,0.13242240912005188,6.2714952,0.13001996506133356
n57912h.spc,47912.0,2.0,2.0,6.1265919879999995,0.13392117469785875,19.8121932,0.14542565843755634,6.6947184,0.13877009143750826
n57915a.spc,47915.0,2.0,2.0,6.707490204,0.1309484040188104,19.9141896,0.13748178824641463,6.147641999999999,0.13348815067790848
n57929a.spc,47929.0,2.0,2.0,5.3482978364000004,0.12764200579205576,16.5763884,0.13080618079580184,5.867649599999999,0.12971639002962115
n57949a.spc,47949.0,2.0,2.0,4.882613872,0.12723732298452053,15.721195200000002,0.12982026540596503,6.3883764,0.12931914585762466
n57957a.spc,47957.0,2.0,2.0,4.743518008,0.12729782082210206,12.853554,0.12938742137552015,5.114593200000001,0.12908457835447268
n57958a.spc,47958.0,2.0,2.0,4.702649844000001,0.1268487909105767,12.827781600000002,0.128625626748943,5.281165199999999,0.12853243457549537
n57971a.spc,47971.0,2.0,2.0,4.028253026800001,0.1278966090097529,11.554590000000001,0.1307934259722804,5.1712572,0.13060668782857943
n57982a.spc,47982.0,2.0,2.0,3.9836936510000003,0.12692472821837045,10.0638984,0.12841857281204772,4.3849536,0.1286813435038786
n57990a.spc,47990.0,2.0,2.0,3.6320269858799996,0.12740913830000108,10.068408,0.1291677754721014,4.3143493,0.12919961727462198
n57994aa.spc,47994.0,2.0,2.0,4.046701528,0.1282712838332945,10.71213,0.13055866643545036,4.7612375,0.13049779537608136
n58007a.spc,48007.0,2.0,2.0,5.3143287500000005,0.12848512968424633,12.469458,0.13088355160366943,5.0867075999999996,0.13033966142495843
n58011h.spc,48011.0,2.0,2.0,5.1021266404,0.13146163583382037,12.743355600000001,0.1355850676082938,5.604921599999999,0.13449445845642266
n58013a.spc,48013.0,2.0,2.0,5.2617314959999995,0.12919999472788843,12.8516916,0.1317489525347841,4.9282944,0.13099100094518248
n58020aa.spc,48020.0,2.0,2.0,6.063979503999999,0.13020094078880384,14.2663716,0.13366702230377692,4.858171199999999,0.1320739720282721
n58028aa.spc,48028.0,2.0,2.0,6.396113812,0.12781897367949094,15.163155599999998,0.12969834102343175,5.28952452,0.12918870395158238
n58037a.spc,48037.0,2.0,2.0,6.715208428,0.12928888319024492,16.0029168,0.13247643945025092,5.77731,0.13112718200584958
n58044a.spc,48044.0,2.0,2.0,7.164721414,0.1293621157900813,17.1578244,0.1325879851574795,6.1704984000000005,0.13103865838983547
n58056h.spc,48056.0,2.0,2.0,7.073232787999999,0.1298949798932784,17.3064792,0.13363303156573828,6.5940948,0.13191429981129413
n58061aa.spc,48061.0,2.0,2.0,7.297089855239999,0.12748294435047225,17.9118,0.1295231626871055,6.1540704,0.1287580061156152
n58068a.spc,48068.0,2.0,2.0,7.1568810496,0.12852851491703154,17.222212799999998,0.1316067533628271,5.69438772,0.1301460956279765
n58077a.spc,48077.0,2.0,2.0,6.3034630992,0.12706352646313576,14.8699224,0.12876641812643544,4.8499411,0.12841749611871428
n58089h.spc,48089.0,2.0,2.0,4.838868128,0.1333027341425524,13.194628799999998,0.14029485764336197,5.609838,0.1380747422376736
n58089m.spc,48089.0,2.0,2.0,4.639167828,0.13172202682670806,12.615163200000001,0.13773907576424635,4.8697218,0.13569384743819743
n58090a.spc,48090.0,2.0,2.0,4.9388107392,0.12748167744838002,13.0945236,0.12947763738396836,4.9241331,0.12920963568366564
n58097a.spc,48097.0,2.0,2.0,5.086987548000001,0.1273009184028332,12.6133356,0.1289669849059425,4.9530899999999995,0.1288336617358367
n58102h.spc,48102.0,2.0,2.0,5.270054999999999,0.12736656335317523,12.883686,0.12915853590885892,5.857562400000001,0.12918965874462243
n58128a.spc,48128.0,2.0,2.0,7.7713068960000005,0.12780935278666894,16.863485999999998,0.12980153662595525,6.263079599999999,0.12913814088766185
n58143a.spc,48143.0,2.0,2.0,7.04278376,0.12875585957382132,14.765046000000002,0.1314574313790681,5.3369100000000005,0.13045098948078854
n58148a.spc,48148.0,2.0,2.0,6.71435734,0.1292278305250444,14.402702399999999,0.13208376919532844,5.4538931999999996,0.13107230026335845
n58149a.spc,48149.0,2.0,2.0,6.895805296,0.12762455331922304,14.4251088,0.12938489209291787,5.5938624,0.12904052877905917
n58151a.spc,48151.0,2.0,2.0,6.238467648,0.12899158356138435,13.8752196,0.1317043212282786,5.505544800000001,0.13089453397974415
n58160a.spc,48160.0,2.0,2.0,6.630033083999999,0.12917087638820757,13.6255152,0.13177087540199464,5.164154399999999,0.1309059854166554
n58179a.spc,48179.0,2.0,2.0,6.92701918,0.13530292939019464,15.723392399999998,0.14084018340135177,5.9849291,0.13781430278523052
n58231a.spc,48231.0,2.0,2.0,7.790961976,0.12987514024416527,18.9311136,0.13294043106415443,6.11914572,0.1311532328730939
n58236a.spc,48236.0,2.0,2.0,7.584328886000001,0.13172013197283397,19.019782799999998,0.1358982492463652,6.122001600000001,0.13310958322974648
n58252a.spc,48252.0,2.0,2.0,9.229897999999999,0.1326009666814537,20.4708324,0.13707139084641695,4.8930973276,0.13317488323782978
n58267a.spc,48267.0,2.0,2.0,9.499205290799999,0.1369776870529036,21.046416,0.1437725920040228,4.1860285919999995,0.1370390796843353
n58275a.spc,48275.0,2.0,2.0,8.818629728000001,0.13139128958203586,21.0449688,0.13529324330089512,4.663329888,0.13196838720727627
n58280a.spc,48280.0,2.0,2.0,8.544591046,0.1318207942933375,21.113631599999998,0.13618005748544534,4.7782881360000005,0.13260610187339644
n58287a.spc,48287.0,2.0,2.0,9.111865052,0.1322461805485633,21.098104799999998,0.13694583598890184,4.812089788,0.13302301222299845
n58294a.spc,48294.0,2.0,2.0,8.9992611848,0.1499307451471752,20.5967784,0.16337863265394775,4.4779044599999995,0.15001174289591598
n58310a.spc,48310.0,2.0,2.0,8.861085256,0.1331773085259377,19.664961599999998,0.13771144057660858,4.373646208,0.13374317659726795
n58323a.spc,48323.0,2.0,2.0,9.146935587999998,0.13592159969843204,21.424277999999997,0.14211939464764406,5.464420688000001,0.13659254417735106
n58338a.spc,48338.0,2.0,2.0,9.040896584,0.13212166479823056,22.219369200000003,0.1368202156206867,5.283855516,0.1329184270836636
n58344a.spc,48344.0,2.0,2.0,8.84919828,0.13928990837031663,21.7458708,0.14926153741729983,6.2895612000000005,0.14109896669958147
n58351a.spc,48351.0,2.0,2.0,9.012470848,0.12859891473267726,21.8838336,0.13142442961584272,5.745555599999999,0.12960168659552546
n58352a.spc,48352.0,2.0,2.0,8.355293112,0.13058964182947436,21.440322000000002,0.13505833093186367,5.308946316000001,0.1316811390780259
n58365a.spc,48365.0,2.0,2.0,7.125213508,0.13022405177011503,17.7299712,0.13386244597740174,4.7572495,0.13151681311706423
n58378a.spc,48378.0,2.0,2.0,6.770616008000001,0.13173674541410532,16.982932800000004,0.13589616420425119,5.43601572,0.13343865176944797
n58386a.spc,48386.0,2.0,2.0,6.7624809968,0.13788591474733886,17.0198904,0.14498238471760352,5.574100679999999,0.13998512248108652
n58393a.spc,48393.0,2.0,2.0,6.98524134,0.12930496452598253,17.3324016,0.13206666712989465,5.59729692,0.13066511445055257
n58400a.spc,48400.0,2.0,2.0,7.266848468,0.13185117775233712,17.481014400000003,0.13684643512107722,5.5754592,0.13371773892992958
n58414a.spc,48414.0,2.0,2.0,5.5465794368,0.1294820140421487,14.7445044,0.13241922520851723,4.5964005,0.13099792756423592
n58421a.spc,48421.0,2.0,2.0,4.4877889479999995,0.13015164755783,13.864979999999997,0.13307339808309698,3.98697464,0.1316688401010292
n58431a.spc,48431.0,2.0,2.0,5.250678740000001,0.13403491581904767,15.267408000000001,0.13892991898922277,4.633351287999999,0.13586273974105484
n58455a.spc,48455.0,2.0,2.0,6.4907577951999995,0.12999156873560685,18.0993948,0.1340351818121496,5.366030299999999,0.1316616428320352
n58456a.spc,48456.0,2.0,2.0,6.53719566,0.13007858988724624,17.7755076,0.13428479807840646,5.351388119999999,0.1317940849778927
n58460a.spc,48460.0,2.0,2.0,5.979623844,0.1296199433576855,16.5948168,0.13359041961996526,4.643057236,0.13139659130017034
n58474m.spc,48474.0,2.0,2.0,4.327842132,0.13111654089434788,13.160103600000001,0.1362171904103502,4.88697492,0.13403670622971903
n58477m.spc,48477.0,2.0,2.0,4.003071116,0.12693378302023145,12.5852424,0.1283722104289803,4.8538884,0.12835984114629623
n58512a.spc,48512.0,2.0,2.0,5.342146736,0.1313636911857154,15.9001068,0.13562433968430299,5.18952132,0.13322754095173564
n58513a.spc,48513.0,2.0,2.0,5.189442268,0.13034467730207017,15.7134408,0.13382866730489099,4.975721988,0.1319521635535363
n58514a.spc,48514.0,2.0,2.0,5.119028617720001,0.13911909347047946,14.9493912,0.14727255715628762,4.5580796800000005,0.14183035776733838
n58516a.spc,48516.0,2.0,2.0,5.5167308880000006,0.1362417337906238,15.746046,0.14302811360851264,4.603848932,0.1383626694719757
n58531h.spc,48531.0,2.0,2.0,5.150062376,0.13022914479525696,17.0956728,0.1347566960843965,7.247245199999999,0.13287409466176617
n58636a.spc,48636.0,2.0,2.0,5.649075476,0.14493163935258305,18.038944800000003,0.158815583144597,8.196182400000001,0.15159240543133287
n58644a.spc,48644.0,2.0,2.0,6.2009801304,0.14307564613467938,18.604319999999998,0.1558231898924162,8.3116993,0.14867474870682781
n58651a.spc,48651.0,2.0,2.0,5.91045366,0.14462076783243547,18.400752,0.15873115136708862,7.811575164000001,0.15058850830652915
n58670a.spc,48670.0,2.0,2.0,5.769131656,0.13894528872283507,17.184901200000002,0.1499644737637071,6.84323862,0.14355341497420115
n58676a.spc,48676.0,2.0,2.0,5.82344826,0.13093158968173263,18.2133588,0.13714393089177515,7.9117572,0.13442044196930167
n58691a.spc,48691.0,2.0,2.0,4.794531548,0.12795962297446173,15.0660756,0.13113604287627412,6.6949045,0.130329564927717
n58699a.spc,48699.0,2.0,2.0,4.099202252,0.1301261269153278,13.184125199999999,0.1354733812796182,6.3860975,0.13441657123838266
n58713a.spc,48713.0,2.0,2.0,2.9761332240000007,0.12977635459645798,9.635582400000002,0.1346931138649456,5.0371138,0.13491260492156246
n58720a.spc,48720.0,2.0,2.0,1.9988916560000003,0.12817927594775685,7.2466152,0.1312008270317714,4.2491419,0.13222895751360364
n58726a.spc,48726.0,2.0,2.0,1.8079536320000003,0.1290385077954019,6.665432399999999,0.13264015350474834,4.39143192,0.13416641130657406
n58733a.spc,48733.0,2.0,2.0,1.52881768,0.1294648666888434,5.989107799999999,0.13324710569635048,4.00564548,0.13470823532965162
n58733h.spc,48733.0,2.0,2.0,1.618812252,0.1282555276990368,6.3758617200000005,0.13118575621760772,4.486957680000001,0.13270747824252258
n58742a.spc,48742.0,2.0,2.0,1.8613340200000001,0.12929923789429235,5.6934848,0.1327345030114416,3.98091576,0.13453026747736438
n58742w.spc,48742.0,2.0,2.0,1.2140544832000002,0.12665817228318432,6.30030332,0.12812907354860567,5.053188500000001,0.1292901402844192
n58744wa.spc,48744.0,2.0,2.0,1.75662044,0.12716042633478075,5.93894468,0.12873988774258274,5.1983985,0.13008887637511826
n58745wa.spc,48745.0,2.0,2.0,1.4022884444,0.12654493898105287,6.1963007999999995,0.12781468063235302,5.4952856,0.12895318191278568
n58746wa.spc,48746.0,2.0,2.0,1.434812424,0.12656545168720887,5.968907,0.12788653349503223,4.7692952,0.12900820992453466
n58750a.spc,48750.0,2.0,2.0,1.5619603260000001,0.12737947135950597,5.985757799999999,0.12915051916366732,4.4260057999999995,0.13019329538020305
n58765h.spc,48765.0,2.0,2.0,2.2007837080000003,0.1274378080852178,7.0346796000000005,0.129372098399573,4.9233444,0.13031786774747353
n58777wa.spc,48777.0,2.0,2.0,2.353230016,0.12649355756109634,7.6630248,0.12769273712524765,5.4087345,0.12851970521585243
n58778w.spc,48778.0,2.0,2.0,2.1034886999999998,0.1272821171527564,7.6627752000000005,0.1290381888169793,4.984550520000001,0.12983806136029602
n58780a.spc,48780.0,2.0,2.0,2.4216241440000004,0.1273473375771445,8.0319288,0.12897696214693227,4.903624799999999,0.12950724856134965
n58783ha.spc,48783.0,2.0,2.0,2.360048616,0.127446179292958,8.388618,0.12914546859138962,5.1984372,0.129733957249226
n58789a.spc,48789.0,2.0,2.0,2.806649164,0.13101508739429363,10.640680800000002,0.13594909487107887,6.4817988,0.1359197509454693
n58796a.spc,48796.0,2.0,2.0,3.560253212,0.13162459734360293,9.817829999999999,0.1369531918625455,5.91225596,0.13723529839703486
n58804a.spc,48804.0,2.0,2.0,2.7861319104,0.1271544855132496,8.762267999999999,0.1289949273716141,4.6804836000000005,0.1294009331656677
n58804w.spc,48804.0,2.0,2.0,2.9978163636000006,0.1269011401800693,9.6502308,0.12869380821536364,5.812854000000001,0.12921611731944896
n58810ha.spc,48810.0,2.0,2.0,2.467487578,0.12635681698623466,8.2715268,0.1275264638460206,4.591374,0.12815427273562438
n58817a.spc,48817.0,2.0,2.0,2.923261612,0.1308645625240936,7.5208476,0.13523988198149242,4.721632420000001,0.13642967430526834
n58825a.spc,48825.0,2.0,2.0,2.513774852,0.12747266123868287,7.700283599999999,0.12936183070075655,4.159448319999999,0.1298675748872951
n58830wa.spc,48830.0,2.0,2.0,2.2552880436,0.1268345433641041,8.147154,0.1283777907353511,4.5365952,0.12888959097011365
n58831a.spc,48831.0,2.0,2.0,2.1021044719999997,0.12711284408299894,7.4794104,0.12866111914066347,4.537600919999999,0.1292778189315646
n58831w.spc,48831.0,2.0,2.0,2.2304104238,0.12720500850124417,8.632822800000001,0.1291921608850568,5.3250839999999995,0.12977847808267132
n58833wa.spc,48833.0,2.0,2.0,2.629656824,0.1267767239435883,9.3049332,0.12833681162861418,5.4370128,0.1288035292172695
n58834wa.spc,48834.0,2.0,2.0,2.4500974359999996,0.12668698844915052,9.1837236,0.12816466762455242,5.434869600000001,0.12868569318717601
n58835w.spc,48835.0,2.0,2.0,2.596215404,0.12638573922675295,9.655282799999998,0.12772784418023192,5.6886468,0.12822822497649417
n58836wa.spc,48836.0,2.0,2.0,2.7616736,0.12754144798266015,9.5592156,0.12981422184444968,5.18512332,0.13014811611770952
n58837h.spc,48837.0,2.0,2.0,2.5220605732,0.12729035818883377,8.498052,0.12906060108696843,4.770367199999999,0.12959940944632117
n58837w.spc,48837.0,2.0,2.0,2.418276096,0.126503924897758,9.0570516,0.12788306492093157,5.4352415999999995,0.1285280017728059
n58839a.spc,48839.0,2.0,2.0,2.7136129,0.12812643778742933,8.4334008,0.13034731963714175,4.5565384,0.1307342991021224
n58848a.spc,48848.0,2.0,2.0,2.826638748,0.13032632759422938,10.080834000000001,0.13417434382084825,4.955838,0.13371809686989117
n58858h.spc,48858.0,2.0,2.0,3.180255511,0.12676236492801166,11.7436848,0.1282670397330881,5.363529600000001,0.12837452731370658
n58858w.spc,48858.0,2.0,2.0,4.0850205308,0.12794428568904512,13.303557600000001,0.13048052976580987,6.291277200000001,0.13007803241541438
n58861w.spc,48861.0,2.0,2.0,4.19696464,0.12803525293676268,14.0487576,0.13098166127270794,7.283678399999999,0.13064340365981286
n58862a.spc,48862.0,2.0,2.0,3.5549608396,0.13114882001396125,12.3310704,0.1360758299844142,6.1716289,0.1350832516466612
n58862w.spc,48862.0,2.0,2.0,3.4952944280000002,0.12759338385236754,13.2902784,0.13019272848443111,6.770311199999999,0.13006550378407336
n58867h.spc,48867.0,2.0,2.0,4.046574728,0.13193961018081568,12.3097164,0.1375145235380758,5.878385999999999,0.13617729285406727
n58869a.spc,48869.0,2.0,2.0,3.7663748971999995,0.13561174874237408,11.787459599999998,0.14337620744462728,5.6504665,0.1414230677373504
n58876a.spc,48876.0,2.0,2.0,4.2658991504,0.13223217508698554,13.216292400000002,0.13777808961989857,5.9046492,0.13599280228572685
n58883a.spc,48883.0,2.0,2.0,4.1054849248,0.136848334358641,12.996285599999998,0.1453826019267615,5.9194127,0.14240340993626802
n58886h.spc,48886.0,2.0,2.0,3.9485995401,0.13083744884097367,12.605684400000001,0.1351207386896327,6.0392256,0.13402854491138222
n58889a.spc,48889.0,2.0,2.0,4.2579240359999995,0.1358766883965958,13.356873599999998,0.14380890238705532,5.8324704,0.14088892284746307
n58898a.spc,48898.0,2.0,2.0,4.688750072,0.1309597200416189,14.064192,0.13623167053737248,6.6341221,0.13466343305216602
n58898h.spc,48898.0,2.0,2.0,4.206437676999999,0.13338859438556505,13.4746704,0.14097629955887478,6.07347,0.1385663353092893
n58954a.spc,48954.0,2.0,2.0,5.121722264,0.14460709084821532,17.082136799999997,0.15772618407060257,7.386022799999999,0.15075214591695338
n58967a.spc,48967.0,2.0,2.0,5.729564756,0.14026219519849528,17.7067464,0.14942361127413298,6.964332,0.14378645369028056
n58973a.spc,48973.0,2.0,2.0,6.634623844,0.15180056608732392,18.222009600000003,0.16536532888071065,8.27301252,0.15714504806219254
n58981a.spc,48981.0,2.0,2.0,5.996428699999999,0.13982017978844113,19.7978424,0.14934422085766827,7.5496608,0.143118059044586
n58992a.spc,48992.0,2.0,2.0,6.3714833,0.14209569952929046,20.7342624,0.15237182567241753,7.4502432,0.1449908277568426
n59000a.spc,49000.0,2.0,2.0,6.7579334399999995,0.14635350228115487,22.013201999999996,0.16237699530397526,7.879274400000001,0.15112866803668457
n59008a.spc,49008.0,2.0,2.0,6.836925828,0.13162372310923895,21.2822388,0.13690633868826382,7.4388936,0.13374553957948654
n59010wa.spc,49010.0,2.0,2.0,7.493968583999999,0.13908797164830033,23.2550676,0.1502484881716578,8.1581701,0.14228238452278483
n59013a.spc,49013.0,2.0,2.0,7.285854676,0.13172066041238026,21.487338,0.13707482880403096,7.2847092,0.1336787490287787
n59014wa.spc,49014.0,2.0,2.0,7.647662826,0.13799840687503026,23.338671600000005,0.1490899258435016,8.218598400000001,0.141381849310989
n59017ha.spc,49017.0,2.0,2.0,6.97438452,0.13987190755523712,20.8714464,0.15113101620920572,7.499710799999999,0.1436492908600777
n59020a.spc,49020.0,2.0,2.0,6.6766980479999996,0.14870142933544653,20.393445600000003,0.16458989506011842,6.90741,0.15283956578225155
n59029a.spc,49029.0,2.0,2.0,6.56713226,0.1405932292231173,20.382824399999997,0.15173502609271466,6.8385144,0.14386217837207943
n59032h.spc,49032.0,2.0,2.0,6.910409508,0.14310703963399146,20.397648,0.15629238535579654,7.33140954,0.1472128474808038
n59034wa.spc,49034.0,2.0,2.0,6.988663408,0.1407049442651963,21.731042400000003,0.15248050676466157,8.0610336,0.14470429672176566
n59048a.spc,49048.0,2.0,2.0,5.9005402799999995,0.14092438857549106,19.050696000000002,0.15210464937878526,6.836343479999999,0.14488401123533817
n59056a.spc,49056.0,2.0,2.0,6.517954759999999,0.14347176372461307,19.549790400000003,0.15570721236853738,7.2172296000000005,0.14716622829642947
n59062a.spc,49062.0,2.0,2.0,6.86333621,0.13719188262291906,21.2565552,0.1471062321285567,7.9747872,0.14074392497376503
n59064a.spc,49064.0,2.0,2.0,6.270005982,0.13912138294395437,21.1472376,0.15157741274086453,7.8561516,0.14351010830067684
n59070wa.spc,49070.0,2.0,2.0,6.9475745144,0.13620448033041496,22.437018000000002,0.14722709531053038,8.4114936,0.14036803854390215
n59074w.spc,49074.0,2.0,2.0,6.4332863080000005,0.13405428681778736,21.320878800000003,0.14313636233616112,9.349120764,0.1383967378881569
n59077w.spc,49077.0,2.0,2.0,7.140396596,0.13594903517861684,21.990369599999998,0.1468310735005748,8.494676400000001,0.14033952192503435
n59078m.spc,49078.0,2.0,2.0,6.0452526319999995,0.13116222141893755,20.3116392,0.13813668421846528,8.455483200000002,0.13469910316447992
n59078w.spc,49078.0,2.0,2.0,6.8820614796,0.13364212663612923,22.0556208,0.143026913691621,8.7157596,0.13777609826650775
n59079a.spc,49079.0,2.0,2.0,6.1560261292,0.13965863587153357,20.0155176,0.15346362833759405,7.4669856,0.14507946004887115
n59080m.spc,49080.0,2.0,2.0,6.085020988,0.12972765912717302,20.097768,0.1351150144903874,8.571525600000001,0.1328518570860581
n59083m.spc,49083.0,2.0,2.0,5.86516944,0.1280946616155849,19.6779888,0.13175963385402678,8.4814956,0.13051564596106324
n59085a.spc,49085.0,2.0,2.0,6.215761524,0.13038525129614315,19.511064,0.13617952998334515,7.612737600000001,0.1333835401096732
n59088wa.spc,49088.0,2.0,2.0,6.377604484,0.13706133275678303,20.1586956,0.1497758853081817,7.886483999999999,0.1427477638302695
n59089w.spc,49089.0,2.0,2.0,6.152379604,0.1348543554296946,19.9232376,0.14583804874892697,7.995987599999999,0.14017192073458937
n59090a.spc,49090.0,2.0,2.0,5.663952996,0.13268398329957387,17.7520176,0.13984977332912057,6.7712964,0.13616578916080205
n59090h.spc,49090.0,2.0,2.0,5.8545751720000005,0.13264235072316233,18.419365199999998,0.14063349568003775,7.513242,0.13675326510299343
n59091h.spc,49091.0,2.0,2.0,5.747188232000001,0.13374955395796728,18.2425644,0.14301528526007,7.290306,0.138381368438142
n59092h.spc,49092.0,2.0,2.0,5.8032235876,0.13147436481509542,17.764558799999996,0.13815161125382214,7.372419600000001,0.13514653845596786
n59099a.spc,49099.0,2.0,2.0,5.615684772,0.1335160049151262,16.810426800000002,0.14031707278240377,6.2454528,0.1367532873632806
n59107a.spc,49107.0,2.0,2.0,4.938867172,0.1362355511502163,17.514036,0.14503241111037213,6.692931516000001,0.14005896761079456
n59107h.spc,49107.0,2.0,2.0,5.163424416,0.14116522929429895,18.1878708,0.1546118906272037,7.4870052000000005,0.14761159949665204
n59114a.spc,49114.0,2.0,2.0,5.25393884,0.13677387302668007,19.405913999999996,0.14719958498324104,7.932142799999999,0.14139566951749546
n59128a.spc,49128.0,2.0,2.0,5.844759412,0.13613034733642604,20.262216,0.14554154064301505,7.3753656,0.13971984573521973
n59135a.spc,49135.0,2.0,2.0,6.165196246000001,0.13583147066172846,20.5556892,0.1461686710584563,8.0181888,0.1400996843042096
n59141wa.spc,49141.0,2.0,2.0,7.178286839999999,0.13437133924246197,20.4445344,0.14257757835256427,8.1894216,0.1378907619693444
n59142a.spc,49142.0,2.0,2.0,5.84655444,0.14113732609649085,19.119368400000003,0.15416447147514112,6.8908684,0.14591916984523726
n59149a.spc,49149.0,2.0,2.0,5.8336685452,0.1357665942466025,20.169470399999998,0.1465113566293835,7.9363176,0.14039334355759178
n59156a.spc,49156.0,2.0,2.0,6.368965348,0.13389979281810407,18.985797599999998,0.1420976349643751,7.366004280000001,0.13744913460196975
n59156wa.spc,49156.0,2.0,2.0,6.073666176,0.13207896398379873,18.929545199999996,0.13938226953775146,7.8915096,0.13582458895234545
n59157wa.spc,49157.0,2.0,2.0,6.120898060000001,0.13174960478080835,18.8725188,0.13905147910182905,7.48543202,0.13531372678339476
n59158wa.spc,49158.0,2.0,2.0,5.4586513968,0.12883889356329634,18.0006648,0.13284032948956428,7.371519599999999,0.1312560099693907
n59159wa.spc,49159.0,2.0,2.0,5.670648912,0.12938266337990728,18.086149199999998,0.13419699053668233,7.5252624,0.13224105648928247
n59163a.spc,49163.0,2.0,2.0,5.31063374,0.13160940781565428,17.278947600000002,0.13748537130266622,6.8921184,0.13472075570193628
n59166h.spc,49166.0,2.0,2.0,5.309985015999999,0.13404505361599586,17.4996276,0.14218600468931672,7.5922404000000006,0.138321910041017
n59169a.spc,49169.0,2.0,2.0,5.028862276,0.1288781354314284,17.472828,0.13240334186852534,7.2302089,0.1310363224785067
n59176a.spc,49176.0,2.0,2.0,5.207409843000001,0.13108137126413044,18.113716800000002,0.13626934560479256,7.6398276,0.13383910596098286
n59182h.spc,49182.0,2.0,2.0,5.347821702,0.12950029419442105,18.9786708,0.13362202557063713,8.3048412,0.13203919402295064
n59183a.spc,49183.0,2.0,2.0,5.738598484,0.13432054254537837,18.7283688,0.14200387148413102,7.9221504000000005,0.1380917941653073
n59190a.spc,49190.0,2.0,2.0,6.148900236,0.1374249913433332,19.262616,0.14682583220115458,7.652982,0.14105950305753387
n59196h.spc,49196.0,2.0,2.0,6.043687262184,0.134309377586246,20.038396799999997,0.142306709845151,8.472996,0.13799056742464103
n59197a.spc,49197.0,2.0,2.0,6.061578724,0.13547773271723734,19.5650256,0.14375913099814147,7.5978888,0.1388898973075695
n59205a.spc,49205.0,2.0,2.0,6.445892400000001,0.13221111425855847,19.4772072,0.13807907193613375,7.9992468,0.13498436257385668
n59211a.spc,49211.0,2.0,2.0,6.163639024,0.13710854277279735,18.8218476,0.14593414074724528,7.420540800000001,0.14062801177472434
n59212h.spc,49212.0,2.0,2.0,6.56566578,0.14323254181103956,19.250046,0.15658505789022398,7.9638311999999996,0.14864041423536467
n59240a.spc,49240.0,2.0,2.0,6.409530384,0.13575866812620696,16.835544000000002,0.1434732006099815,6.9806099999999995,0.13941584200681356
n59240h.spc,49240.0,2.0,2.0,6.447870719999999,0.13985665670783926,17.2525368,0.15115858419381414,7.6214532,0.14564144357812442
n59242h.spc,49242.0,2.0,2.0,6.37156968,0.13851324273230772,17.329389600000003,0.14858604752698418,7.479217199999999,0.143552051567785
n59243h.spc,49243.0,2.0,2.0,6.349153252,0.14039283790978513,17.06424,0.1519308710047461,7.2506904,0.14613690490677295
n59255h.spc,49255.0,2.0,2.0,6.2857346,0.14076677025493198,16.657003200000002,0.15129754200922632,7.401078,0.1460821337200686
