mode,target,model,synergy_peak_base_lag,max_norm_synergy,leak_min_base_lag,min_leak
continuum_wings,blue,blue_leading_outflow,55,0.6761573380753872,3,0.4838083683959865
continuum_wings,blue,common_lag_control,60,0.6660750880542257,12,0.463526295100151
continuum_wings,blue,red_leading_inflow,60,0.6874302784382181,6,0.4699759483724956
continuum_wings,blue,symmetric_virial,53,0.6699236367576313,11,0.4711779717910158
continuum_wings,continuum,blue_leading_outflow,40,0.5579709672222881,7,0.5328803772549858
continuum_wings,continuum,common_lag_control,60,0.615476327213168,0,0.5514962467057261
continuum_wings,continuum,red_leading_inflow,37,0.5564900634293068,1,0.5197338007360058
continuum_wings,continuum,symmetric_virial,35,0.5514888644840715,7,0.519229349488993
continuum_wings,core,blue_leading_outflow,48,0.5782747996734008,2,0.3223278528930168
continuum_wings,core,common_lag_control,54,0.5647660122658738,3,0.3041848035320662
continuum_wings,core,red_leading_inflow,45,0.5851847830275015,0,0.3340823279682235
continuum_wings,core,symmetric_virial,43,0.5830957251976514,0,0.3280420649874102
continuum_wings,red,blue_leading_outflow,60,0.6584607854104514,29,0.5361422590248227
continuum_wings,red,common_lag_control,37,0.6526104485184124,35,0.5105898246667842
continuum_wings,red,red_leading_inflow,40,0.6538917966935783,33,0.5167300193063509
continuum_wings,red,symmetric_virial,36,0.639653399814831,32,0.540159458255082
total_wings,blue,blue_leading_outflow,52,0.6110243332053883,3,0.4932624797856004
total_wings,blue,common_lag_control,49,0.6088298268459126,0,0.4990414217044686
total_wings,blue,red_leading_inflow,60,0.6369723578639582,0,0.5156938659106345
total_wings,blue,symmetric_virial,49,0.604708933575637,5,0.5084674189216319
total_wings,core,blue_leading_outflow,48,0.545528551028925,0,0.1662409531939887
total_wings,core,common_lag_control,50,0.5413009564165246,0,0.1727935814010939
total_wings,core,red_leading_inflow,48,0.5327011283997171,0,0.1595449069854736
total_wings,core,symmetric_virial,47,0.5523966947961703,0,0.1640249242682468
total_wings,profile_total,blue_leading_outflow,54,0.5400666697788872,0,0.1110035164112973
total_wings,profile_total,common_lag_control,56,0.5526246758827688,0,0.0905363907071095
total_wings,profile_total,red_leading_inflow,59,0.5534861042703852,0,0.0986900361223881
total_wings,profile_total,symmetric_virial,51,0.5418568239543522,0,0.1191661436806545
total_wings,red,blue_leading_outflow,33,0.5607773475920803,0,0.6034670086914823
total_wings,red,common_lag_control,35,0.5963307141101778,0,0.5867431584375686
total_wings,red,red_leading_inflow,39,0.5807026270018076,3,0.5943007104061312
total_wings,red,symmetric_virial,40,0.5484554414207522,5,0.5961532372235799
