lag,real_synergy,median_synergy_cont_shuffle,p5_synergy_cont_shuffle,p95_synergy_cont_shuffle,median_synergy_blue_shuffle,p5_synergy_blue_shuffle,p95_synergy_blue_shuffle,real_info_leak,median_leak_cont_shuffle,p5_leak_cont_shuffle,p95_leak_cont_shuffle,median_leak_blue_shuffle,p5_leak_blue_shuffle,p95_leak_blue_shuffle
1,0.0,0.0,0.0,0.0,0.0,0.0,0.0,0.1502737057333385,0.12581011407806098,0.12064534194886893,0.13086518724199486,0.16250964609399568,0.15548844529675296,0.16690193185236663
2,0.0,0.0,0.0,0.0,0.0,0.0,0.0,0.20414787508327495,0.1834412619963307,0.17774037421190195,0.18927483786182134,0.2309950846494388,0.22385110070806016,0.23583128860233213
3,0.0,0.0,0.0,0.0,0.0,0.0,0.0,0.2333008719943096,0.22056391752356685,0.21360443956465494,0.22807912976576225,0.2772155975853452,0.27086718348854644,0.28302560970464113
4,0.0,0.0,0.0,0.0,0.0,0.0,0.0,0.25499692979490374,0.250310183605092,0.24294873649350743,0.25579845583067773,0.31469644444175626,0.3078569630605024,0.31933231664597156
5,0.014381240416234215,0.0,0.0,0.0,0.0,0.0,0.0,0.25798154295174086,0.2637880143503487,0.2569460294064012,0.2689079611791364,0.32990865512872136,0.3239392627062459,0.33405844587306355
6,0.014708231132907017,0.0,0.0,0.0,0.0,0.0,0.0,0.2719255870447252,0.27223314562735906,0.26390444485323866,0.28082020804360847,0.35209670833148116,0.3455086959711955,0.358437920105072
7,0.022661191402446844,0.0,0.0,0.003317266236757023,0.0,0.0,0.0,0.27113449204100737,0.27972383684825186,0.27240518362802385,0.28676231005634467,0.3641817227339892,0.35687109835779746,0.3704077652887423
8,0.03517453064192766,0.0,0.0,0.0008024484573776309,0.0,0.0,0.0,0.2788705032662733,0.2846683175445004,0.2752504217807659,0.2910027699040459,0.3774562787817669,0.3711215652216952,0.38260990307993203
9,0.03932222933547135,0.001586947239879715,0.0,0.005513115843609302,0.0,0.0,0.0,0.28509171130031086,0.2861858398461936,0.27653224181569463,0.2944802386492716,0.3856358242125264,0.3787120912777728,0.39390839176604453
10,0.04633073652779939,0.00341372169848248,1.5271702634466147e-05,0.006867042672903394,0.0,0.0,0.0,0.27767774429740666,0.28991005381869084,0.28011802495186344,0.2974646866039087,0.3909913343515108,0.3849523581581003,0.3975284911573785
11,0.051176336222750626,0.008425040747747217,0.0026111650438242918,0.011975293084249182,0.0,0.0,0.0,0.2794127283607876,0.2924337391917179,0.2851117776849789,0.3000704209740114,0.3920850633652657,0.3854286405978771,0.3987252298318381
12,0.04734792819407776,0.01029243345719817,0.001080445843489931,0.014197190419475507,0.0,0.0,0.0,0.28327549677739067,0.2961299720663871,0.2876985011092431,0.3026567212716921,0.39822531512986636,0.3906514714699891,0.40565266699538394
13,0.04356631761581546,0.00942552692132247,0.0010801765113138992,0.013544688280132148,0.0,0.0,0.0,0.2838645226684226,0.2964133899783141,0.2901942621303072,0.3029047308196425,0.3994406710047077,0.3937735417770154,0.4051249646874945
14,0.020634846773001137,0.010509228123758589,0.0009131487282831643,0.016522637798221617,0.0,0.0,0.0,0.29019419729526047,0.3008180510527636,0.29386439530981795,0.30789666466105664,0.4061507997938005,0.39885842364215585,0.4136140324355525
15,0.026280361736604155,0.006385440671104008,0.002474129297961275,0.014954993113744486,0.0,0.0,0.0,0.29859649708919656,0.3069388394474528,0.30109000976146766,0.3142674264544125,0.4164181186384286,0.4104120556811598,0.42262988572431603
16,0.05537852103701507,0.009628818532856737,0.005727314381374741,0.01400045483467907,0.0,0.0,0.0003466638168029046,0.29458041472794416,0.3084555429949736,0.30109130165833636,0.31429550049428373,0.41797950705422227,0.4115360469313973,0.4258816078007285
17,0.05055145315869563,0.007801395033569428,0.0041832711020010375,0.012108181943887072,0.0,0.0,0.0026120363295610493,0.3005301018754322,0.31171608366877246,0.3050160136322335,0.3186517577787373,0.4188935334448667,0.41338113260846143,0.42581544533689175
18,0.04245173555683827,0.006256278121852848,0.0020761361823276744,0.01482009160844733,0.0,0.0,0.0019155069911560127,0.2926693797876556,0.3067715856885098,0.29937311053190213,0.31340211793870504,0.41581148534212753,0.4095026361047961,0.4237534504840197
19,0.05451083030482585,0.00618304586715944,0.0021269013287501986,0.015834205184898635,0.0,0.0,0.000788242037809062,0.2924482309994646,0.3050116646546019,0.298092680271361,0.31298732689325187,0.4174946538536429,0.4100059542338947,0.42299231230925394
20,0.03990564960657686,0.009726212923855431,0.005465789958693562,0.017935628966178674,0.0,0.0,0.0009651646192296243,0.29274774846409546,0.3068448735583857,0.30056042370387537,0.31731715026504936,0.42436050818159365,0.41812503635218057,0.4322676684004526
21,0.03200103473918293,0.017169308659033343,0.010407319080937286,0.026155205061533585,0.0,0.0,0.0,0.30346350587355697,0.3141607243260056,0.30605521726516877,0.3222747833279164,0.4330346327892566,0.4258327461171755,0.44058362509621246
22,0.032056857914769914,0.018356210225699086,0.00758002574472597,0.027820749621574863,0.0,0.0,0.0,0.2965732910958562,0.3127764608130399,0.3052819411228737,0.32096666333205404,0.43348719699771876,0.4276476907192347,0.441127444978231
23,0.0580087440601718,0.021789399298770225,0.013641955491692562,0.029953143245669493,0.0,0.0,0.0,0.302781266790676,0.31653322433207265,0.30800681800904384,0.32357401189418283,0.43876300424154696,0.4327737191285695,0.4466102787510322
24,0.05373319002058801,0.020495599633578214,0.013726980030119214,0.029522980950058193,0.0,0.0,0.0,0.3050235584317253,0.3180122534885079,0.31090989445212547,0.32300089455296993,0.4407131912189364,0.43343148666779485,0.44602039767605756
25,0.051993835955788305,0.021028362679547864,0.012742828610331138,0.028786842984144075,0.0,0.0,0.0,0.3018081449364481,0.3132736966082753,0.30751359824063335,0.3203686227297447,0.4409173375070765,0.4325875297342666,0.44663083833228834
26,0.052322365823620286,0.01970998419577599,0.011464209566281552,0.025398853143394327,0.0,0.0,0.0,0.30456471759102444,0.31024843951218783,0.3030996860167823,0.31759281719919913,0.44142030854096925,0.4320135908687174,0.44812849488388284
27,0.06854071488773403,0.0235550188572154,0.015231045210466029,0.03083475895314302,0.0,0.0,0.0,0.30438904080422846,0.31130329503285153,0.30443000128947856,0.31870277557468707,0.44364907085558014,0.4350424562339347,0.45233234562637076
28,0.07929460541260844,0.026834712366165525,0.016453125965036505,0.033966590086444294,0.0,0.0,0.0,0.30849965856593475,0.315742448051041,0.30765956947710543,0.3227797568729591,0.45111724857390956,0.44400326804360574,0.4585475421510654
29,0.07775429540306951,0.023505298105983653,0.015665457816576633,0.0321727028571343,0.0,0.0,0.0,0.3096246696697041,0.3156500191458873,0.3089577887771385,0.3232485668492929,0.45036211955445227,0.44338194554927673,0.4582960976015661
30,0.07658927009275458,0.023204405091145706,0.012021885523247679,0.03126684707209532,0.0,0.0,0.0,0.3123620862381863,0.3192209205320548,0.311953140309526,0.32559760223639833,0.45081355896504205,0.4440877729148543,0.4563529285908549
31,0.07929908047205146,0.019934932931561955,0.012044195646400345,0.03074149924005293,0.000744261421582711,0.0,0.0028845855550648928,0.3113207680116475,0.32203760524383224,0.31406976362619077,0.32969636967994354,0.449759500737962,0.44392524981923437,0.4556114389059857
32,0.07796120102718038,0.02429707857822387,0.015553274804557236,0.0316968231213689,0.0016644167884662425,0.0,0.004602782821568236,0.30706135654690403,0.3191670707824762,0.3121482622760137,0.32614162677608916,0.45150238100068063,0.4439983019064078,0.45717050987804364
33,0.0779752724447128,0.02710224000304737,0.01833439728660061,0.0349594352569058,0.0035038394555300797,0.0013352242247379896,0.006831795102281415,0.3024950337893938,0.31941813909117805,0.31195474098250653,0.32584607551517075,0.4515514087728143,0.4446585997124409,0.4580067536655058
34,0.09511335330950321,0.03530110420506212,0.025803011742869687,0.043990988415035875,0.005987506209305421,0.003531154502496734,0.009052856923435866,0.30197445007397294,0.32208778809072397,0.31338555348454467,0.32989458545362976,0.4594230227850403,0.45156738906664445,0.4668173575209331
35,0.10673975886559475,0.031059954821567475,0.02208725127295458,0.0408073385461882,0.005285314478251648,0.0028668728813686156,0.008187590466461805,0.2965477762138214,0.31972863291378517,0.31172814295588475,0.3264129845576,0.46053208356561165,0.4521702710375642,0.4667093917705492
36,0.10094700269751139,0.02898365469101337,0.021023267732485036,0.035589960670946566,0.0033970470516337713,0.0010414764516264512,0.006765107217563139,0.29570476664605727,0.3192227249902223,0.31238667204843695,0.3272868307680701,0.4574028465526324,0.4510548315898437,0.4636292800807124
37,0.08927508709452031,0.026789282816928245,0.019910857871762937,0.033216884709993615,0.0010011094017488395,0.0,0.005077416063588599,0.29800174517809047,0.31802601057434343,0.3102151615676286,0.324034233174959,0.46279188408351696,0.4542767905211642,0.4697559783175911
38,0.06426644681914233,0.027350363169813756,0.021792362432022813,0.03302795426478384,0.009815812794029797,0.006598227978480387,0.014272390127874133,0.3009463737952006,0.32303095888382527,0.315738883204457,0.3297617804711003,0.4700638707699728,0.4615319440243768,0.47681445604949296
39,0.06786119414851884,0.029847955379964784,0.02381608497877641,0.03687947365667875,0.007510296485761834,0.002820565950999388,0.014188611234714462,0.3018932127965619,0.3264089776541209,0.31888220595822087,0.3342405541428474,0.4751074394276175,0.4653408643374355,0.48043323873075505
40,0.06670142150703756,0.03274778466442661,0.025687730508305168,0.04122675197495331,0.006253563236098013,0.0030182535767820057,0.01086835488891322,0.3101570405282121,0.33095301021558415,0.32450998570255857,0.33882513154371624,0.47833614589663187,0.4701096356315224,0.48537432957299603
41,0.05919951469925408,0.038079205293719,0.02911359430395579,0.04548164051963024,0.005282794590417388,0.0022417722399384133,0.009493802802719666,0.3133762737366217,0.3330751501945395,0.3267491011281041,0.3404363214821258,0.48231979019308646,0.473740254438886,0.4890474162107604
42,0.04441637952689837,0.036614907795473564,0.02859580252809043,0.04442322508622697,0.007091063771649412,0.0036789300554697394,0.010015453860320902,0.3142094793201506,0.33629761636557975,0.33013845630951394,0.3437529405868237,0.48311131535069984,0.4751975107910403,0.48957133185378526
43,0.06340036370387649,0.03425246647609808,0.027012960497669474,0.04227562098599011,0.005847957166554507,0.0024216358043752844,0.00859302202032949,0.3127788971498529,0.3354984094107945,0.3278516865828535,0.34351271908163694,0.483511317644294,0.4760749985059865,0.48973047254645813
44,0.0651634873511986,0.03778290063709404,0.03046775131713967,0.04467581154188746,0.005039551606595025,0.0018951319269487812,0.008207034354922843,0.30439262493618646,0.3336280953396221,0.3268390763563554,0.34136608491100606,0.48178209121515925,0.4759633616847178,0.4886382416638128
45,0.07911325500358522,0.039385604488041376,0.03210596297471691,0.04699900363734965,0.0055360842525725654,0.000491097416794141,0.009490304585809177,0.3107890578502859,0.3335017912374588,0.32524270929919424,0.3429120547915226,0.4877801458686378,0.48082332311656595,0.49461951194533216
46,0.08894470266746608,0.038050463420415306,0.030419331827436266,0.04509856817208831,0.0072247651888055755,0.0009679077501387694,0.010878108131183863,0.31262969986712186,0.33362893567668006,0.32459627414781395,0.340774197088216,0.48792750399414464,0.48110844517365753,0.49515626812529345
47,0.08398586098918942,0.03794864012970289,0.030451253363054143,0.044354860424660705,0.010501671801329363,0.006833773764591955,0.014885692011985186,0.3148417117686026,0.33222149374054327,0.32460279708860057,0.3400530102878042,0.49476864063664305,0.48786515544578757,0.5025803443767235
48,0.09041486577097564,0.037180985115565446,0.031042000541456376,0.04502375435045239,0.009212883806283927,0.0063612169886035075,0.013073691492001518,0.31938284262683675,0.3355006644101607,0.3267617760351687,0.3427741173266903,0.5029997460440832,0.4968575744510551,0.5102869975134654
49,0.09582325415805011,0.04500202718903028,0.03487707747446746,0.0539921064095684,0.010572366752612788,0.007428322128440691,0.01504963635670636,0.3267045889650279,0.3409549685553436,0.33468656396448293,0.3485561793300614,0.5029861974170268,0.4949938553958588,0.510736642007787
50,0.07977671443193808,0.0428842708501195,0.03447638515046304,0.05616795097081277,0.007900544657783998,0.0036565054180885724,0.01278543786932049,0.32670352379995987,0.34016903753082384,0.3314942552320881,0.34770353154076333,0.5037158164384282,0.4953044536466458,0.5107800467740976
51,0.08095353135804138,0.046042439904046856,0.038073159462355205,0.05342223638548401,0.008912481626498835,0.0034589352664814335,0.013962569592652857,0.3216491487064395,0.33773939374729045,0.32975455741877646,0.34644418576226255,0.5012803218834976,0.4931276104389666,0.5077489188948359
52,0.09113992332121043,0.05066270461934383,0.04320312970756718,0.05805537441425255,0.008337900979230185,0.004845602152018668,0.013162071204607535,0.31499783494037187,0.3340761124046905,0.32615511685575965,0.34293022294113207,0.5006236562377561,0.4935137204964709,0.5062995325438465
53,0.1045777783275329,0.05701270827696328,0.046741175273486466,0.06642942537490999,0.007685520335566617,0.0016206432354033285,0.011486926773489446,0.3120072495928446,0.3320232194637889,0.3222787746119922,0.337790772923369,0.5035766244247342,0.4952620355031542,0.5097425294309316
54,0.09684574868269387,0.05088197614060455,0.04193559901267791,0.06209546887111355,0.00703147457577467,0.0005270567994620292,0.010955797731283244,0.3217077342550826,0.33444133791509206,0.32635852628152895,0.34220509328436516,0.5063149854771507,0.49748391966411665,0.5124907455756792
55,0.10054225906493283,0.04618379136713244,0.036378392694660096,0.05596342605361804,0.005442433450255163,0.002237569622163724,0.009358926570054753,0.3127718101072056,0.33096879700330983,0.322646786929908,0.3375919904736267,0.4979291680478819,0.4899640357033821,0.5035260707552663
56,0.08226484563464952,0.05271455365958087,0.04282136780210864,0.06348007538900473,0.0010815686656910723,0.0,0.0045026975148587285,0.3088723742741163,0.3303911500325779,0.3216593055538753,0.3373403595406399,0.4932882112145261,0.48584856268718946,0.49999648617586007
57,0.07751350379448442,0.053520884018355135,0.04323043772840762,0.0659176268953735,0.005962181044046003,0.002397800333240097,0.009564225130960734,0.3034074862421102,0.3305981208832066,0.3210384363581837,0.3372155162100709,0.4915063867289294,0.4828277684303553,0.4975662482117371
58,0.07912869677053945,0.053802370845747405,0.042776573483799894,0.06705668035297895,0.007144004225891926,0.0029234065305694243,0.010479173033727574,0.3088410363211292,0.3284865105818634,0.3175190499787636,0.33376951686447803,0.49138941736239444,0.4828392128863499,0.49822148937165306
59,0.12072362375507481,0.05634804620267392,0.044261131954528146,0.06565548908318516,0.009249126156833565,0.002408576070800452,0.012524374565966424,0.2981882602450493,0.3202878514935237,0.312329677550201,0.32735476745637115,0.4875063759512266,0.4802844834865566,0.49501006743387005
60,0.10099106893205256,0.05046249067609405,0.04169909342868143,0.062434415956937356,0.008266519328019518,0.0013006138493173059,0.012161557509822703,0.3036805917930536,0.31778860079540544,0.3095833079618295,0.3267814908810146,0.4908457694514,0.48351171103516016,0.4979176210501737
