sensitivity_case,response_width_days,process_timescale_days,noise_scale,amplitude,true_delay,detection_power,detection_power_ci_low,detection_power_ci_high,recovery_within_3d,recovery_within_3d_ci_low,recovery_within_3d_ci_high,mean_recovered_lag,lag_bias,lag_bias_ci_low,lag_bias_ci_high,lag_rmse,lag_rmse_ci_low,lag_rmse_ci_high,mean_peak_mi,n_realizations
noise_0_5,5.0,50.0,0.5,0.0,0,0.2,0.0886058468680257,0.3913095036954033,,,,35.0,,,,,,,0.119413664573557,25
noise_0_5,5.0,50.0,0.5,0.2,10,0.04,0.0070962335019872,0.1954406373619373,0.08,0.0222204012848475,0.2496610895039531,38.08,28.08,20.119,35.48099999999998,34.26368339802363,28.377332492794753,39.36346021343691,0.1305024238318921,25
noise_0_5,5.0,50.0,0.5,0.2,20,0.08,0.0222204012848475,0.2496610895039531,0.2,0.0886058468680257,0.3913095036954033,35.52,15.52,8.44,22.560999999999986,23.562682360037027,17.821587203284267,28.330195904723286,0.13138938641597,25
noise_0_5,5.0,50.0,0.5,0.2,30,0.12,0.0416681715044035,0.2995579392092732,0.24,0.1149631369340144,0.4342968335542908,30.08,0.08,-7.481,7.84,19.450449866262733,15.517409447057528,22.747571239319143,0.1286310782674786,25
noise_0_5,5.0,50.0,0.5,0.4,10,0.44,0.2666563888106734,0.6293266813020123,0.48,0.3003128595411297,0.6650148304964322,17.36,7.36,1.16,14.8,19.059905561151137,9.935743550495646,26.376921602442255,0.2247193452250488,25
noise_0_5,5.0,50.0,0.5,0.4,20,0.68,0.4841026927310224,0.8279480969309202,0.72,0.5242339480963842,0.8571614614904344,21.04,1.04,-2.32,4.52,8.667179472008181,4.377213725647858,12.18704225602758,0.2798128991906968,25
noise_0_5,5.0,50.0,0.5,0.4,30,0.4,0.2340330237774797,0.5926054264103301,0.44,0.2666563888106734,0.6293266813020123,30.48,0.48,-3.48,4.96,10.650821564555478,6.0266076693277455,14.526011112667296,0.2666846234044961,25
noise_0_5,5.0,50.0,0.5,0.6,10,1.0,0.8668077490609515,1.0,1.0,0.8668077490609515,1.0,10.36,0.36,-0.04,0.76,1.1135528725660044,0.848528137423857,1.3564659966250536,0.5293761127836653,25
noise_0_5,5.0,50.0,0.5,0.6,20,1.0,0.8668077490609515,1.0,1.0,0.8668077490609515,1.0,19.76,-0.24,-0.76,0.28,1.3564659966250536,0.959166304662544,1.7204650534085253,0.5423109731587484,25
noise_0_5,5.0,50.0,0.5,0.6,30,1.0,0.8668077490609515,1.0,1.0,0.8668077490609515,1.0,29.92,-0.08,-0.56,0.4,1.2,0.8944271909999159,1.5099668870541498,0.5606213196312225,25
noise_0_5,5.0,50.0,0.5,0.8,10,1.0,0.8668077490609515,1.0,1.0,0.8668077490609515,1.0,9.96,-0.04,-0.4,0.28,0.8717797887081347,0.6324555320336759,1.1135528725660044,0.9011888613741064,25
noise_0_5,5.0,50.0,0.5,0.8,20,1.0,0.8668077490609515,1.0,1.0,0.8668077490609515,1.0,19.8,-0.2,-0.44,0.08,0.7211102550927979,0.4898979485566356,0.938083151964686,0.9605228974811172,25
noise_0_5,5.0,50.0,0.5,0.8,30,1.0,0.8668077490609515,1.0,1.0,0.8668077490609515,1.0,30.12,0.12,-0.2409999999999996,0.52,1.0,0.8,1.1832159566199232,0.929567177537472,25
noise_0_5,5.0,50.0,0.5,1.0,10,1.0,0.8668077490609515,1.0,1.0,0.8668077490609515,1.0,10.04,0.04,-0.2,0.28,0.6,0.4,0.7483314773547883,1.12038770939932,25
noise_0_5,5.0,50.0,0.5,1.0,20,1.0,0.8668077490609515,1.0,1.0,0.8668077490609515,1.0,20.2,0.2,0.04,0.36,0.4472135954999579,0.2,0.6,1.110957824230374,25
noise_0_5,5.0,50.0,0.5,1.0,30,1.0,0.8668077490609515,1.0,1.0,0.8668077490609515,1.0,30.2,0.2,-0.08,0.44,0.7211102550927979,0.565685424949238,0.848528137423857,1.1313995476356689,25
noise_2,5.0,50.0,2.0,0.0,0,0.32,0.1720519030690797,0.5158973072689775,,,,33.04,,,,,,,0.1009056813110332,25
noise_2,5.0,50.0,2.0,0.2,10,0.04,0.0070962335019872,0.1954406373619373,0.08,0.0222204012848475,0.2496610895039531,40.8,30.8,23.04,37.96,36.12533736866688,30.453899586095705,41.16332102640871,0.1128977192870829,25
noise_2,5.0,50.0,2.0,0.2,20,0.16,0.0640345145667644,0.3465362160717886,0.24,0.1149631369340144,0.4342968335542908,32.04,12.04,5.479000000000001,18.68,20.681392603013947,15.20217062532636,25.49903919729144,0.1104906608475328,25
noise_2,5.0,50.0,2.0,0.2,30,0.12,0.0416681715044035,0.2995579392092732,0.24,0.1149631369340144,0.4342968335542908,31.08,1.08,-6.04,8.24,18.608600162290553,14.900838865705856,21.823106989843957,0.1103908534442186,25
noise_2,5.0,50.0,2.0,0.4,10,0.48,0.3003128595411297,0.6650148304964322,0.6,0.40739457358967,0.7659669762225203,12.08,2.08,-0.96,6.04,9.402127418834526,3.676819179369225,14.889157056268376,0.1926794752898664,25
noise_2,5.0,50.0,2.0,0.4,20,0.52,0.3349851695035678,0.6996871404588704,0.56,0.3706733186979878,0.7333436111893266,20.96,0.96,-2.28,4.16,8.0,4.422442538015286,10.95819326692702,0.242145897750979,25
noise_2,5.0,50.0,2.0,0.4,30,0.44,0.2666563888106734,0.6293266813020123,0.48,0.3003128595411297,0.6650148304964322,31.12,1.12,-2.68,5.36,10.252804494381037,6.532916635886965,13.404514162987889,0.2306267854398357,25
noise_2,5.0,50.0,2.0,0.6,10,1.0,0.8668077490609515,1.0,1.0,0.8668077490609515,1.0,9.84,-0.16,-0.68,0.36,1.3564659966250536,0.916515138991168,1.7438454099178191,0.429110588274523,25
noise_2,5.0,50.0,2.0,0.6,20,0.92,0.7503389104960468,0.9777795987151524,0.92,0.7503389104960468,0.9777795987151524,19.4,-0.6,-1.32,0.16,1.969771560359221,1.5099668870541498,2.3916521486202797,0.439682450433833,25
noise_2,5.0,50.0,2.0,0.6,30,1.0,0.8668077490609515,1.0,1.0,0.8668077490609515,1.0,30.2,0.2,-0.44,0.8,1.61245154965971,1.2165525060596438,1.9700247460332951,0.458850039904364,25
noise_2,5.0,50.0,2.0,0.8,10,1.0,0.8668077490609515,1.0,1.0,0.8668077490609515,1.0,9.8,-0.2,-0.68,0.28,1.2165525060596438,0.916515138991168,1.5099668870541498,0.6673433399055358,25
noise_2,5.0,50.0,2.0,0.8,20,1.0,0.8668077490609515,1.0,1.0,0.8668077490609515,1.0,20.0,0.0,-0.32,0.3209999999999854,0.848528137423857,0.6,1.095445115010332,0.717807240528182,25
noise_2,5.0,50.0,2.0,0.8,30,1.0,0.8668077490609515,1.0,1.0,0.8668077490609515,1.0,30.24,0.24,-0.32,0.76,1.4422205101855958,1.1489125293076057,1.7204650534085253,0.667134790128338,25
noise_2,5.0,50.0,2.0,1.0,10,1.0,0.8668077490609515,1.0,1.0,0.8668077490609515,1.0,10.24,0.24,-0.12,0.64,1.019803902718557,0.6324555320336759,1.4,0.7930462171127038,25
noise_2,5.0,50.0,2.0,1.0,20,1.0,0.8668077490609515,1.0,1.0,0.8668077490609515,1.0,19.96,-0.04,-0.4009999999999997,0.36,1.0,0.7745966692414834,1.2328828005937953,0.7937865774866886,25
noise_2,5.0,50.0,2.0,1.0,30,1.0,0.8668077490609515,1.0,1.0,0.8668077490609515,1.0,30.52,0.52,0.0,1.0,1.3711309200802089,1.0,1.7088007490635062,0.8113284056435941,25
timescale_100,5.0,100.0,1.0,0.0,0,0.08,0.0222204012848475,0.2496610895039531,,,,31.8,,,,,,,0.153221025941919,25
timescale_100,5.0,100.0,1.0,0.2,10,0.0,1.3877787807814457e-17,0.1331922509390484,0.04,0.0070962335019872,0.1954406373619373,34.76,24.76,16.198999999999998,33.24,33.33526661060325,26.764471709485058,38.90810969442693,0.1517849227759088,25
timescale_100,5.0,100.0,1.0,0.2,20,0.0,1.3877787807814457e-17,0.1331922509390484,0.08,0.0222204012848475,0.2496610895039531,32.8,12.8,4.8,20.960999999999988,24.167747102284896,18.51583105196391,28.93373463603262,0.1931220845511081,25
timescale_100,5.0,100.0,1.0,0.2,30,0.0,1.3877787807814457e-17,0.1331922509390484,0.12,0.0416681715044035,0.2995579392092732,32.68,2.68,-5.28,10.56,20.900717691026784,17.28805945461621,24.181852698528093,0.1476487781611289,25
timescale_100,5.0,100.0,1.0,0.4,10,0.28,0.1428385385095656,0.4757660519036157,0.56,0.3706733186979878,0.7333436111893266,19.56,9.56,2.36,17.32,21.759595584477207,13.05737202344143,29.099175245252987,0.277690156644381,25
timescale_100,5.0,100.0,1.0,0.4,20,0.48,0.3003128595411297,0.6650148304964322,0.56,0.3706733186979878,0.7333436111893266,24.68,4.68,-0.28,10.200999999999985,13.915459029439164,7.883144019837816,19.07377775455711,0.3179110087861992,25
timescale_100,5.0,100.0,1.0,0.4,30,0.2,0.0886058468680257,0.3913095036954033,0.4,0.2340330237774797,0.5926054264103301,29.32,-0.68,-6.08,4.6,13.852075656738236,10.293347146834988,16.93729509899925,0.3074307441058252,25
timescale_100,5.0,100.0,1.0,0.6,10,0.84,0.6534637839282114,0.9359654854332357,0.88,0.7004420607907267,0.9583318284955964,9.8,-0.2,-1.2,0.76,2.4576411454889016,1.8867962264113207,3.0528675044947495,0.5378300401681134,25
timescale_100,5.0,100.0,1.0,0.6,20,0.84,0.6534637839282114,0.9359654854332357,0.88,0.7004420607907267,0.9583318284955964,19.92,-0.08,-0.96,0.8,2.2978250586152114,1.4422205101855958,3.0983866769659336,0.5499608938152329,25
timescale_100,5.0,100.0,1.0,0.6,30,0.84,0.6534637839282114,0.9359654854332357,0.84,0.6534637839282114,0.9359654854332357,30.0,0.0,-1.0,0.96,2.513961017995307,1.697056274847714,3.2310988842807022,0.5559481351550641,25
timescale_100,5.0,100.0,1.0,0.8,10,1.0,0.8668077490609515,1.0,1.0,0.8668077490609515,1.0,10.04,0.04,-0.36,0.48,1.0392304845413265,0.7745966692414834,1.2806248474865698,0.8705837256930364,25
timescale_100,5.0,100.0,1.0,0.8,20,1.0,0.8668077490609515,1.0,1.0,0.8668077490609515,1.0,20.04,0.04,-0.36,0.48,1.0770329614269007,0.6928203230275509,1.42828568570857,0.94840104313744,25
timescale_100,5.0,100.0,1.0,0.8,30,1.0,0.8668077490609515,1.0,1.0,0.8668077490609515,1.0,30.2,0.2,-0.2,0.64,1.1135528725660044,0.848528137423857,1.42828568570857,0.9247998720110102,25
timescale_100,5.0,100.0,1.0,1.0,10,1.0,0.8668077490609515,1.0,1.0,0.8668077490609515,1.0,10.32,0.32,-0.08,0.72,1.0583005244258363,0.7483314773547883,1.3856406460551018,1.1053833634565036,25
timescale_100,5.0,100.0,1.0,1.0,20,1.0,0.8668077490609515,1.0,1.0,0.8668077490609515,1.0,20.28,0.28,-0.08,0.64,0.959166304662544,0.6633249580710799,1.3114877048604,1.0705391729336078,25
timescale_100,5.0,100.0,1.0,1.0,30,1.0,0.8668077490609515,1.0,1.0,0.8668077490609515,1.0,30.0,0.0,-0.4,0.4,1.019803902718557,0.8,1.2328828005937953,1.1100961474235804,25
timescale_30,5.0,30.0,1.0,0.0,0,0.16,0.0640345145667644,0.3465362160717886,,,,38.6,,,,,,,0.0845614007114772,25
timescale_30,5.0,30.0,1.0,0.2,10,0.16,0.0640345145667644,0.3465362160717886,0.24,0.1149631369340144,0.4342968335542908,34.8,24.8,17.16,32.72,32.0599438552222,25.694298975980523,37.59647587804352,0.1022312699308397,25
timescale_30,5.0,30.0,1.0,0.2,20,0.04,0.0070962335019872,0.1954406373619373,0.24,0.1149631369340144,0.4342968335542908,30.48,10.48,4.08,16.92,19.438106903708498,14.005713120009275,24.149699768948157,0.1007529402993759,25
timescale_30,5.0,30.0,1.0,0.2,30,0.16,0.0640345145667644,0.3465362160717886,0.32,0.1720519030690797,0.5158973072689775,31.72,1.72,-5.72,9.32,19.20520762709948,15.061175251520526,22.578773216914943,0.1015453667131428,25
timescale_30,5.0,30.0,1.0,0.4,10,0.68,0.4841026927310224,0.8279480969309202,0.8,0.6086904963045967,0.9113941531319742,12.6,2.6,-0.76,7.36,11.054410884348384,2.4,18.14067252132804,0.194573921927291,25
timescale_30,5.0,30.0,1.0,0.4,20,0.68,0.4841026927310224,0.8279480969309202,0.72,0.5242339480963842,0.8571614614904344,19.68,-0.32,-2.56,1.72,5.314132102234569,2.6151479060233207,7.445938443006621,0.2355453656145426,25
timescale_30,5.0,30.0,1.0,0.4,30,0.72,0.5242339480963842,0.8571614614904344,0.76,0.5657031664457093,0.8850368630659855,29.44,-0.56,-1.96,0.84,3.64417343165772,2.4899799195977463,4.669047011971501,0.2272266936621265,25
timescale_30,5.0,30.0,1.0,0.6,10,1.0,0.8668077490609515,1.0,1.0,0.8668077490609515,1.0,9.88,-0.12,-0.52,0.28,1.0392304845413265,0.7745966692414834,1.2810129297914392,0.4732190928358166,25
timescale_30,5.0,30.0,1.0,0.6,20,1.0,0.8668077490609515,1.0,1.0,0.8668077490609515,1.0,19.8,-0.2,-0.72,0.28,1.3114877048604,0.9159629402913868,1.6733200530681511,0.4902787042984395,25
timescale_30,5.0,30.0,1.0,0.6,30,1.0,0.8668077490609515,1.0,1.0,0.8668077490609515,1.0,30.16,0.16,-0.24,0.48,0.938083151964686,0.6324555320336759,1.2806248474865698,0.5012160021987121,25
timescale_30,5.0,30.0,1.0,0.8,10,1.0,0.8668077490609515,1.0,1.0,0.8668077490609515,1.0,10.04,0.04,-0.24,0.28,0.6633249580710799,0.4898979485566356,0.8,0.7961222682796288,25
timescale_30,5.0,30.0,1.0,0.8,20,1.0,0.8668077490609515,1.0,1.0,0.8668077490609515,1.0,19.76,-0.24,-0.44,-0.04,0.565685424949238,0.4,0.7211102550927979,0.8319108931467106,25
timescale_30,5.0,30.0,1.0,0.8,30,1.0,0.8668077490609515,1.0,1.0,0.8668077490609515,1.0,30.12,0.12,-0.2,0.4,0.7745966692414834,0.6324555320336759,0.8944271909999159,0.7842596088026549,25
timescale_30,5.0,30.0,1.0,1.0,10,1.0,0.8668077490609515,1.0,1.0,0.8668077490609515,1.0,9.88,-0.12,-0.32,0.12,0.6,0.282842712474619,0.8717797887081347,0.9348371723774588,25
timescale_30,5.0,30.0,1.0,1.0,20,1.0,0.8668077490609515,1.0,1.0,0.8668077490609515,1.0,19.92,-0.08,-0.32,0.16,0.6324555320336759,0.4472135954999579,0.7745966692414834,0.9244482056024,25
timescale_30,5.0,30.0,1.0,1.0,30,1.0,0.8668077490609515,1.0,1.0,0.8668077490609515,1.0,30.16,0.16,-0.16,0.48,0.8,0.6,1.0,0.9424255622451966,25
width_10,10.0,50.0,1.0,0.0,0,0.16,0.0640345145667644,0.3465362160717886,,,,33.6,,,,,,,0.115480448516013,25
width_10,10.0,50.0,1.0,0.2,10,0.04,0.0070962335019872,0.1954406373619373,0.08,0.0222204012848475,0.2496610895039531,36.44,26.44,18.52,33.80099999999998,32.82742755684642,27.027300511513737,38.021191448770075,0.1272971266849642,25
width_10,10.0,50.0,1.0,0.2,20,0.08,0.0222204012848475,0.2496610895039531,0.2,0.0886058468680257,0.3913095036954033,33.08,13.08,6.0,20.32,22.4793238332473,16.599909628714496,27.403776589259188,0.1259106038642795,25
width_10,10.0,50.0,1.0,0.2,30,0.08,0.0222204012848475,0.2496610895039531,0.2,0.0886058468680257,0.3913095036954033,29.28,-0.72,-8.001,6.88,19.026297590440446,15.31900771392344,22.284523777725205,0.1232574344809704,25
width_10,10.0,50.0,1.0,0.4,10,0.4,0.2340330237774797,0.5926054264103301,0.44,0.2666563888106734,0.6293266813020123,18.0,8.0,1.9990000000000003,15.28,18.880677953929514,9.983736652787808,26.052447074390063,0.2177131817369511,25
width_10,10.0,50.0,1.0,0.4,20,0.64,0.4451849774816486,0.7975211922554178,0.72,0.5242339480963842,0.8571614614904344,23.6,3.6,-0.04,8.120999999999984,11.178550889985695,5.082813249595867,16.538470303034565,0.2700264567403864,25
width_10,10.0,50.0,1.0,0.4,30,0.24,0.1149631369340144,0.4342968335542908,0.36,0.2024788077445822,0.5548150225183514,30.16,0.16,-4.0009999999999994,4.84,11.095945205344158,6.784909335736184,14.872962008240115,0.2543903858804366,25
width_10,10.0,50.0,1.0,0.6,10,1.0,0.8668077490609515,1.0,1.0,0.8668077490609515,1.0,10.32,0.32,-0.24,0.84,1.4142135623730951,1.095445115010332,1.7088007490635062,0.5011634397597928,25
width_10,10.0,50.0,1.0,0.6,20,1.0,0.8668077490609515,1.0,1.0,0.8668077490609515,1.0,19.48,-0.52,-1.08,0.0409999999999854,1.5620499351813308,1.2165525060596438,1.865475810617763,0.5097941185593494,25
width_10,10.0,50.0,1.0,0.6,30,1.0,0.8668077490609515,1.0,1.0,0.8668077490609515,1.0,29.8,-0.2,-0.72,0.36,1.3711309200802089,1.0770329614269007,1.6613247725836149,0.5350086409087447,25
width_10,10.0,50.0,1.0,0.8,10,1.0,0.8668077490609515,1.0,1.0,0.8668077490609515,1.0,10.04,0.04,-0.4,0.48,1.1135528725660044,0.7483314773547883,1.4560219778561037,0.8397700610485779,25
width_10,10.0,50.0,1.0,0.8,20,1.0,0.8668077490609515,1.0,1.0,0.8668077490609515,1.0,19.72,-0.28,-0.68,0.16,1.1135528725660044,0.848528137423857,1.3564659966250536,0.8908635280409453,25
width_10,10.0,50.0,1.0,0.8,30,0.96,0.8045593626380625,0.9929037664980128,0.96,0.8045593626380625,0.9929037664980128,30.32,0.32,-0.16,0.84,1.296148139681572,0.8717797887081347,1.7776388834631178,0.8559012048779819,25
width_10,10.0,50.0,1.0,1.0,10,1.0,0.8668077490609515,1.0,1.0,0.8668077490609515,1.0,10.08,0.08,-0.16,0.32,0.6324555320336759,0.4472135954999579,0.7745966692414834,1.0328231822169536,25
width_10,10.0,50.0,1.0,1.0,20,1.0,0.8668077490609515,1.0,1.0,0.8668077490609515,1.0,19.92,-0.08,-0.4,0.32,0.938083151964686,0.6324555320336759,1.296148139681572,1.0308718645742243,25
width_10,10.0,50.0,1.0,1.0,30,1.0,0.8668077490609515,1.0,1.0,0.8668077490609515,1.0,30.32,0.32,-0.04,0.68,0.9797958971132712,0.7745966692414834,1.1832159566199232,1.0370898621176454,25
width_2,2.0,50.0,1.0,0.0,0,0.16,0.0640345145667644,0.3465362160717886,,,,33.6,,,,,,,0.115480448516013,25
width_2,2.0,50.0,1.0,0.2,10,0.04,0.0070962335019872,0.1954406373619373,0.08,0.0222204012848475,0.2496610895039531,38.36,28.36,20.6,35.56,34.170747723747574,28.376539575076812,39.112721713538114,0.1266212598742298,25
width_2,2.0,50.0,1.0,0.2,20,0.08,0.0222204012848475,0.2496610895039531,0.16,0.0640345145667644,0.3465362160717886,33.52,13.52,6.6,20.44099999999999,22.244100341438852,16.324031324468674,27.23530754073152,0.1266932528470935,25
width_2,2.0,50.0,1.0,0.2,30,0.08,0.0222204012848475,0.2496610895039531,0.24,0.1149631369340144,0.4342968335542908,30.24,0.24,-7.24,8.040999999999984,19.454562446891476,15.615345015721282,22.808046805499373,0.1248103652752835,25
width_2,2.0,50.0,1.0,0.4,10,0.48,0.3003128595411297,0.6650148304964322,0.6,0.40739457358967,0.7659669762225203,15.6,5.6,-0.12,12.280999999999985,17.474552927042225,5.168848683077109,24.632519156268437,0.2175726687642055,25
width_2,2.0,50.0,1.0,0.4,20,0.6,0.40739457358967,0.7659669762225203,0.68,0.4841026927310224,0.8279480969309202,20.36,0.36,-2.4,2.96,6.563535632568776,3.2309439896566703,9.258563597355916,0.267999189813562,25
width_2,2.0,50.0,1.0,0.4,30,0.44,0.2666563888106734,0.6293266813020123,0.52,0.3349851695035678,0.6996871404588704,29.52,-0.48,-4.6,4.120999999999985,10.792590050585634,5.939612758714382,14.82035760704146,0.2565261947458975,25
width_2,2.0,50.0,1.0,0.6,10,1.0,0.8668077490609515,1.0,1.0,0.8668077490609515,1.0,9.92,-0.08,-0.56,0.4,1.2,0.848528137423857,1.5231546211727816,0.4936215892870202,25
width_2,2.0,50.0,1.0,0.6,20,1.0,0.8668077490609515,1.0,1.0,0.8668077490609515,1.0,19.48,-0.52,-1.04,0.04,1.5099668870541498,1.1489125293076057,1.833030277982336,0.514516043817854,25
width_2,2.0,50.0,1.0,0.6,30,1.0,0.8668077490609515,1.0,1.0,0.8668077490609515,1.0,29.96,-0.04,-0.48,0.36,1.0770329614269007,0.8717797887081347,1.2806248474865698,0.5235991062214382,25
width_2,2.0,50.0,1.0,0.8,10,1.0,0.8668077490609515,1.0,1.0,0.8668077490609515,1.0,10.0,0.0,-0.24,0.24,0.565685424949238,0.4,0.7211102550927979,0.8225504519182897,25
width_2,2.0,50.0,1.0,0.8,20,1.0,0.8668077490609515,1.0,1.0,0.8668077490609515,1.0,19.8,-0.2,-0.48,0.08,0.7745966692414834,0.565685424949238,0.9797958971132712,0.8782691765647063,25
width_2,2.0,50.0,1.0,0.8,30,1.0,0.8668077490609515,1.0,1.0,0.8668077490609515,1.0,30.24,0.24,-0.08,0.6,0.938083151964686,0.6633249580710799,1.1832159566199232,0.8457532079221685,25
width_2,2.0,50.0,1.0,1.0,10,1.0,0.8668077490609515,1.0,1.0,0.8668077490609515,1.0,10.2,0.2,-0.08,0.48,0.7211102550927979,0.4898979485566356,0.959166304662544,1.00858516679193,25
width_2,2.0,50.0,1.0,1.0,20,1.0,0.8668077490609515,1.0,1.0,0.8668077490609515,1.0,20.12,0.12,-0.16,0.4,0.7211102550927979,0.565685424949238,0.848528137423857,0.9990939537241936,25
width_2,2.0,50.0,1.0,1.0,30,1.0,0.8668077490609515,1.0,1.0,0.8668077490609515,1.0,30.36,0.36,0.04,0.68,0.8717797887081347,0.6928203230275509,1.0583005244258363,1.0062779857242967,25
