jd_offset,n_observations,continuum,continuum_error
47512.0,1,0.515648,0.017113
47517.0,1,0.605864,0.0189173
47534.0,1,0.659528,0.0199906
47535.0,1,0.696368,0.0207274
47549.0,1,0.682232,0.0204446
47560.0,1,0.593048,0.018661
47573.0,2,0.409784,0.010661098746845937
47574.0,1,0.456176,0.0159235
47575.0,1,0.369944,0.0141989
47576.0,1,0.341576,0.0136315
47582.0,1,0.45764,0.0159528
47587.0,1,0.395,0.0147
47589.0,1,0.38204,0.0144408
47592.0,1,0.433544,0.0154709
47594.0,1,0.422624,0.0152525
47597.0,1,0.536744,0.0175349
47601.0,1,0.531584,0.0174317
47606.0,1,0.705512,0.0209102
47618.0,1,0.75224,0.0218448
47627.0,1,0.775136,0.0223027
47642.0,1,0.859928,0.0239986
47644.0,1,0.841112,0.0236222
47648.0,1,0.718928,0.0211786
47649.0,1,0.782,0.02244
47652.0,2,0.653108,0.014045926541972942
47653.0,1,0.772592,0.0222518
47654.0,1,0.771056,0.0222211
47655.0,1,0.666224,0.0201245
47656.0,1,0.663512,0.0200702
47657.0,1,0.74576,0.0217152
47663.0,3,0.645592,0.011381051507610748
47664.0,1,0.613904,0.0190781
47665.0,1,0.587936,0.0185587
47666.0,1,0.59948,0.0187896
47668.0,1,0.656096,0.0199219
47678.0,1,0.625208,0.0193042
47713.0,1,0.570896,0.0182179
47746.0,1,0.304064,0.0128813
47749.0,1,0.283256,0.0124651
47754.0,1,0.252008,0.0118402
47757.0,1,0.380888,0.0144178
47758.0,1,0.51128,0.0170256
47759.0,1,0.4598,0.015996
47765.0,1,0.34688,0.0137376
47767.0,1,0.410432,0.0150086
47777.0,1,0.565784,0.0181157
47797.0,1,0.715904,0.0211181
47809.0,1,0.693344,0.0206669
47868.0,1,0.695192,0.0207038
47884.0,1,0.530096,0.0174019
47891.0,1,0.476408,0.0163282
47895.0,1,0.422888,0.0152578
47899.0,1,0.490496,0.0166099
47900.0,1,0.465776,0.0161155
47912.0,1,0.27884,0.0123768
47915.0,1,0.360728,0.0140146
47929.0,1,0.25904,0.0119808
47949.0,1,0.274448,0.012289
47957.0,1,0.26444,0.0120888
47958.0,1,0.239072,0.0115814
47971.0,1,0.20456,0.0108912
47982.0,1,0.243104,0.0116621
47990.0,1,0.306608,0.0129322
47994.0,1,0.337808,0.0135562
48007.0,1,0.378536,0.0143707
48011.0,1,0.436952,0.015539
48013.0,1,0.456656,0.0159331
48020.0,1,0.441728,0.0156346
48028.0,1,0.457736,0.0159547
48037.0,1,0.436616,0.0155323
48044.0,1,0.473744,0.0162749
48056.0,1,0.445112,0.0157022
48061.0,1,0.410672,0.0150134
48068.0,1,0.347456,0.0137491
48077.0,1,0.308912,0.0129782
48089.0,2,0.29566400000000004,0.008996455642362719
48090.0,1,0.331952,0.013439
48097.0,1,0.358448,0.013969
48102.0,1,0.336416,0.0135283
48128.0,1,0.412736,0.0150547
48143.0,1,0.366608,0.0141322
48148.0,1,0.396968,0.0147394
48149.0,1,0.384896,0.0144979
48151.0,1,0.390824,0.0146165
48160.0,1,0.436832,0.0155366
48179.0,1,0.616208,0.0191242
48231.0,1,0.615824,0.0191165
48236.0,1,0.655256,0.0199051
48252.0,1,0.63212,0.0194424
48267.0,1,0.67544,0.0203088
48275.0,1,0.70556,0.0209112
48280.0,1,0.677984,0.0203597
48287.0,1,0.646592,0.0197318
48294.0,1,0.701864,0.0208373
48310.0,1,0.725456,0.0213091
48323.0,1,0.777632,0.0223526
48338.0,1,0.695888,0.0207178
48344.0,1,0.596312,0.0187262
48351.0,1,0.528536,0.0173707
48352.0,1,0.529568,0.0173914
48365.0,1,0.555344,0.0179069
48378.0,1,0.610136,0.0190027
48386.0,1,0.67172,0.0202344
48393.0,1,0.572456,0.0182491
48400.0,1,0.45188,0.0158376
48414.0,1,0.522392,0.0172478
48421.0,1,0.668648,0.020173
48431.0,1,0.681536,0.0204307
48455.0,1,0.494792,0.0166958
48456.0,1,0.475712,0.0163142
48460.0,1,0.42176,0.0152352
48474.0,1,0.334688,0.0134938
48477.0,1,0.411512,0.0150302
48512.0,1,0.581288,0.0184258
48513.0,1,0.613136,0.0190627
48514.0,1,0.640208,0.0196042
48516.0,1,0.6026,0.018852
48531.0,1,0.468656,0.0161731
48636.0,1,0.636344,0.0195269
48644.0,1,0.588032,0.0185606
48651.0,1,0.580448,0.018409
48670.0,1,0.461984,0.0160397
48676.0,1,0.385592,0.0145118
48691.0,1,0.28928,0.0125856
48699.0,1,0.271472,0.0122294
48713.0,1,0.180008,0.0104002
48720.0,1,0.160088,0.0100018
48726.0,1,0.180992,0.0104198
48733.0,2,0.18165199999999998,0.0073786678277653886
48742.0,2,0.190232,0.007498627279209176
48744.0,1,0.235088,0.0115018
48745.0,1,0.24332,0.0116664
48746.0,1,0.164648,0.010093
48750.0,1,0.214256,0.0110851
48765.0,1,0.21512,0.0111024
48777.0,1,0.19844,0.0107688
48778.0,1,0.230552,0.011411
48780.0,1,0.325616,0.0133123
48783.0,1,0.316976,0.0131395
48789.0,1,0.33068,0.0134136
48796.0,1,0.293744,0.0126749
48804.0,2,0.215864,0.007862965941201831
48810.0,1,0.1886,0.010572
48817.0,1,0.246536,0.0117307
48825.0,1,0.251456,0.0118291
48830.0,1,0.2138,0.011076
48831.0,2,0.24224,0.00823664371239888
48833.0,1,0.234656,0.0114931
48834.0,1,0.280256,0.0124051
48835.0,1,0.198752,0.010775
48836.0,1,0.250544,0.0118109
48837.0,2,0.24656,0.008302503159890997
48839.0,1,0.310352,0.013007
48848.0,1,0.35636,0.0139272
48858.0,2,0.31367599999999995,0.009247188097605672
48861.0,1,0.308,0.01296
48862.0,2,0.338948,0.009618568730325733
48867.0,1,0.354584,0.0138917
48869.0,1,0.381176,0.0144235
48876.0,1,0.435896,0.0155179
48883.0,1,0.437216,0.0155443
48886.0,1,0.397568,0.0147514
48889.0,1,0.425936,0.0153187
48898.0,2,0.341228,0.009634524184410976
48954.0,1,0.636056,0.0195211
48967.0,1,0.687992,0.0205598
48973.0,1,0.81404,0.0230808
48981.0,1,0.746552,0.021731
48992.0,1,0.843632,0.0236726
49000.0,1,0.674408,0.0202882
49008.0,1,0.64688,0.0197376
49010.0,1,0.647336,0.0197467
49013.0,1,0.613328,0.0190666
49014.0,1,0.60836,0.0189672
49017.0,1,0.61448,0.0190896
49020.0,1,0.658832,0.0199766
49029.0,1,0.646808,0.0197362
49032.0,1,0.64712,0.0197424
49034.0,1,0.673016,0.0202603
49048.0,1,0.633608,0.0194722
49056.0,1,0.601784,0.0188357
49062.0,1,0.581552,0.018431
49064.0,1,0.557456,0.0179491
49070.0,1,0.476336,0.0163267
49074.0,1,0.478544,0.0163709
49077.0,1,0.477944,0.0163589
49078.0,2,0.41786,0.010723654220460486
49079.0,1,0.47996,0.0163992
49080.0,1,0.387296,0.0145459
49083.0,1,0.356096,0.0139219
49085.0,1,0.381752,0.014435
49088.0,1,0.403808,0.0148762
49089.0,1,0.379544,0.0143909
49090.0,2,0.41228,0.010646639266923623
49091.0,1,0.36632,0.0141264
49092.0,1,0.35912,0.0139824
49099.0,1,0.489824,0.0165965
49107.0,2,0.554492,0.01265395767734348
49114.0,1,0.54788,0.0177576
49128.0,1,0.57608,0.0183216
49135.0,1,0.48548,0.0165096
49141.0,1,0.476096,0.0163219
49142.0,1,0.48032,0.0164064
49149.0,1,0.450992,0.0158198
49156.0,2,0.409172,0.010599913702596827
49157.0,1,0.348248,0.013765
49158.0,1,0.381128,0.0144226
49159.0,1,0.348608,0.0137722
49163.0,1,0.421208,0.0152242
49166.0,1,0.44888,0.0157776
49169.0,1,0.454304,0.0158861
49176.0,1,0.498632,0.0167726
49182.0,1,0.507464,0.0169493
49183.0,1,0.5354,0.017508
49190.0,1,0.553064,0.0178613
49196.0,1,0.533816,0.0174763
49197.0,1,0.578048,0.018361
49205.0,1,0.560576,0.0180115
49211.0,1,0.58088,0.0184176
49212.0,1,0.543464,0.0176693
49240.0,2,0.46650800000000003,0.011409348211992654
49242.0,1,0.479624,0.0163925
49243.0,1,0.482144,0.0164429
49255.0,1,0.538808,0.0175762
