filename,jd_offset,absolute_flux_difference
n57512ma.spc,47512.0,0.00035200000000001896
n57517a.spc,47517.0,0.000136000000000025
n57534a.spc,47534.0,0.00047200000000002795
n57535a.spc,47535.0,0.00036800000000003497
n57549m.spc,47549.0,0.00023199999999989895
n57560a.spc,47560.0,4.8000000000048004e-05
n57573a.spc,47573.0,0.0
n57573m.spc,47573.0,0.00043200000000004346
n57574m.spc,47574.0,0.00017600000000000948
n57575ma.spc,47575.0,5.6000000000000494e-05
n57576m.spc,47576.0,0.00042400000000003546
n57582a.spc,47582.0,0.00036000000000002697
n57587m.spc,47587.0,0.0
n57589m.spc,47589.0,3.999999999998449e-05
n57592m.spc,47592.0,0.00045600000000001195
n57594m.spc,47594.0,0.00037599999999998746
n57597m.spc,47597.0,0.000256000000000034
n57601m.spc,47601.0,0.00041600000000008297
n57606m.spc,47606.0,0.00048799999999993293
n57618a.spc,47618.0,0.00024000000000001798
n57627a.spc,47627.0,0.000136000000000025
n57642a.spc,47642.0,7.199999999996098e-05
n57644m.spc,47644.0,0.00011200000000000099
n57648m.spc,47648.0,7.199999999996098e-05
n57649a.spc,47649.0,0.0
n57652m.spc,47652.0,0.00022400000000000198
n57652ma.spc,47652.0,0.00043999999999999595
n57653aa.spc,47653.0,0.00040800000000007497
n57654aa.spc,47654.0,5.599999999994498e-05
n57655aa.spc,47655.0,0.00022400000000000198
n57656m.spc,47656.0,0.00048800000000004395
n57657aa.spc,47657.0,0.00024000000000001798
n57663ma.spc,47663.0,0.000144000000000033
n57663mb.spc,47663.0,0.00040000000000006697
n57663md.spc,47663.0,3.2000000000032e-05
n57664ma.spc,47664.0,9.599999999998499e-05
n57665ma.spc,47665.0,6.399999999995298e-05
n57666ma.spc,47666.0,0.00048000000000003595
n57668ma.spc,47668.0,9.599999999998499e-05
n57678a.spc,47678.0,0.00020799999999998597
n57713m.spc,47713.0,0.00010399999999999299
n57746m.spc,47746.0,6.40000000000085e-05
n57749m.spc,47749.0,0.000256000000000034
n57754m.spc,47754.0,8.000000000008e-06
n57757m.spc,47757.0,0.00011200000000000099
n57758m.spc,47758.0,0.00027999999999994696
n57759m.spc,47759.0,0.00020000000000003348
n57765m.spc,47765.0,0.00011999999999995348
n57767m.spc,47767.0,0.00043200000000004346
n57777h.spc,47777.0,0.00021599999999999397
n57797h.spc,47797.0,9.599999999998499e-05
n57809h.spc,47809.0,0.00034400000000001096
n57868a.spc,47868.0,0.000192000000000081
n57884a.spc,47884.0,9.599999999998499e-05
n57891a.spc,47891.0,0.00040800000000001946
n57895h.spc,47895.0,0.00011200000000000099
n57899a.spc,47899.0,0.0005040000000000044
n57900a.spc,47900.0,0.00022400000000000198
n57912h.spc,47912.0,0.000160000000000049
n57915a.spc,47915.0,0.00027199999999999447
n57929a.spc,47929.0,3.999999999998449e-05
n57949a.spc,47949.0,0.00044800000000000395
n57957a.spc,47957.0,0.00043999999999999595
n57958a.spc,47958.0,7.20000000000165e-05
n57971a.spc,47971.0,0.00043999999999999595
n57982a.spc,47982.0,0.00010399999999999299
n57990a.spc,47990.0,0.00039200000000000346
n57994aa.spc,47994.0,0.00019200000000002548
n58007a.spc,48007.0,0.00046400000000001995
n58011h.spc,48011.0,4.799999999999249e-05
n58013a.spc,48013.0,0.00034400000000001096
n58020aa.spc,48020.0,0.00027199999999999447
n58028aa.spc,48028.0,0.000264000000000042
n58037a.spc,48037.0,0.00038399999999999546
n58044a.spc,48044.0,0.00025599999999997847
n58056h.spc,48056.0,0.00011200000000000099
n58061aa.spc,48061.0,0.00032799999999999496
n58068a.spc,48068.0,0.00045600000000001195
n58077a.spc,48077.0,8.799999999997699e-05
n58089h.spc,48089.0,0.00038399999999999546
n58089m.spc,48089.0,5.6000000000000494e-05
n58090a.spc,48090.0,4.799999999999249e-05
n58097a.spc,48097.0,0.00044800000000000395
n58102h.spc,48102.0,0.00041599999999997195
n58128a.spc,48128.0,0.00026399999999998647
n58143a.spc,48143.0,0.00039200000000000346
n58148a.spc,48148.0,3.2000000000032e-05
n58149a.spc,48149.0,0.00010399999999999299
n58151a.spc,48151.0,0.00017600000000000948
n58160a.spc,48160.0,0.00016800000000000148
n58179a.spc,48179.0,0.00020799999999998597
n58231a.spc,48231.0,0.00017599999999995397
n58236a.spc,48236.0,0.00025599999999992296
n58252a.spc,48252.0,0.00012000000000000899
n58267a.spc,48267.0,0.00043999999999999595
n58275a.spc,48275.0,0.00043999999999999595
n58280a.spc,48280.0,1.6000000000016e-05
n58287a.spc,48287.0,0.00040800000000007497
n58294a.spc,48294.0,0.00013599999999991397
n58310a.spc,48310.0,0.00045600000000001195
n58323a.spc,48323.0,0.00036800000000003497
n58338a.spc,48338.0,0.00011200000000000099
n58344a.spc,48344.0,0.00031199999999997896
n58351a.spc,48351.0,0.00046400000000001995
n58352a.spc,48352.0,0.00043199999999998795
n58365a.spc,48365.0,0.00034399999999989994
n58378a.spc,48378.0,0.000136000000000025
n58386a.spc,48386.0,0.000280000000000058
n58393a.spc,48393.0,0.00045600000000001195
n58400a.spc,48400.0,0.00012000000000000899
n58414a.spc,48414.0,0.00039199999999994795
n58421a.spc,48421.0,0.00035200000000001896
n58431a.spc,48431.0,0.00046400000000001995
n58455a.spc,48455.0,0.00020799999999998597
n58456a.spc,48456.0,0.00028799999999995496
n58460a.spc,48460.0,0.00023999999999996247
n58474m.spc,48474.0,0.00031200000000003447
n58477m.spc,48477.0,0.00048799999999998844
n58512a.spc,48512.0,0.000288000000000066
n58513a.spc,48513.0,0.000136000000000025
n58514a.spc,48514.0,0.00020799999999998597
n58516a.spc,48516.0,0.00039999999999995595
n58531h.spc,48531.0,0.00034399999999995545
n58636a.spc,48636.0,0.00034400000000001096
n58644a.spc,48644.0,3.2000000000032e-05
n58651a.spc,48651.0,0.00044800000000000395
n58670a.spc,48670.0,1.6000000000016e-05
n58676a.spc,48676.0,0.00040800000000001946
n58691a.spc,48691.0,0.00028000000000000247
n58699a.spc,48699.0,0.00047199999999997244
n58713a.spc,48713.0,8.000000000008e-06
n58720a.spc,48720.0,8.800000000000474e-05
n58726a.spc,48726.0,8.000000000008e-06
n58733a.spc,48733.0,0.0004639999999999922
n58733h.spc,48733.0,0.00023200000000000998
n58742a.spc,48742.0,2.3999999999996247e-05
n58742w.spc,48742.0,0.00048799999999998844
n58744wa.spc,48744.0,8.800000000000474e-05
n58745wa.spc,48745.0,0.0003200000000000147
n58746wa.spc,48746.0,0.00035200000000001896
n58750a.spc,48750.0,0.0002560000000000062
n58765h.spc,48765.0,0.00012000000000000899
n58777wa.spc,48777.0,0.00043999999999999595
n58778w.spc,48778.0,0.00044800000000000395
n58780a.spc,48780.0,0.00038399999999999546
n58783ha.spc,48783.0,2.4000000000024002e-05
n58789a.spc,48789.0,0.00032000000000004247
n58796a.spc,48796.0,0.00025599999999997847
n58804a.spc,48804.0,3.200000000000425e-05
n58804w.spc,48804.0,0.0003039999999999987
n58810ha.spc,48810.0,0.00040000000000001146
n58817a.spc,48817.0,0.0004639999999999922
n58825a.spc,48825.0,0.00045600000000001195
n58830wa.spc,48830.0,0.00020000000000000573
n58831a.spc,48831.0,0.00033600000000000296
n58831w.spc,48831.0,0.00018400000000001748
n58833wa.spc,48833.0,0.0003439999999999832
n58834wa.spc,48834.0,0.00025599999999997847
n58835w.spc,48835.0,0.0002479999999999982
n58836wa.spc,48836.0,0.00045600000000001195
n58837h.spc,48837.0,0.00015999999999999348
n58837w.spc,48837.0,4.000000000001225e-05
n58839a.spc,48839.0,0.00035200000000001896
n58848a.spc,48848.0,0.00036000000000002697
n58858h.spc,48858.0,0.000256000000000034
n58858w.spc,48858.0,0.00039200000000000346
n58861w.spc,48861.0,0.0
n58862a.spc,48862.0,8.799999999997699e-05
n58862w.spc,48862.0,0.00019199999999996997
n58867h.spc,48867.0,0.00041599999999997195
n58869a.spc,48869.0,0.00017600000000000948
n58876a.spc,48876.0,0.00010399999999999299
n58883a.spc,48883.0,0.00021599999999999397
n58886h.spc,48886.0,0.00043200000000004346
n58889a.spc,48889.0,6.40000000000085e-05
n58898a.spc,48898.0,8.000000000008e-06
n58898h.spc,48898.0,0.00044800000000000395
n58954a.spc,48954.0,5.599999999994498e-05
n58967a.spc,48967.0,7.999999999896978e-06
n58973a.spc,48973.0,4.0000000000040004e-05
n58981a.spc,48981.0,0.00044800000000000395
n58992a.spc,48992.0,0.00036799999999992394
n59000a.spc,49000.0,0.00040799999999996395
n59008a.spc,49008.0,0.00012000000000000899
n59010wa.spc,49010.0,0.00033600000000000296
n59013a.spc,49013.0,0.00032799999999999496
n59014wa.spc,49014.0,0.00036000000000002697
n59017ha.spc,49017.0,0.00048000000000003595
n59020a.spc,49020.0,0.000168000000000057
n59029a.spc,49029.0,0.00019199999999996997
n59032h.spc,49032.0,0.00012000000000000899
n59034wa.spc,49034.0,1.599999999990498e-05
n59048a.spc,49048.0,0.00039200000000005897
n59056a.spc,49056.0,0.00021599999999999397
n59062a.spc,49062.0,0.00044800000000000395
n59064a.spc,49064.0,0.00045599999999990093
n59070wa.spc,49070.0,0.00033600000000000296
n59074w.spc,49074.0,0.00045599999999995644
n59077w.spc,49077.0,5.6000000000000494e-05
n59078m.spc,49078.0,0.00028000000000000247
n59078w.spc,49078.0,0.0
n59079a.spc,49079.0,3.999999999998449e-05
n59080m.spc,49080.0,0.00029599999999996296
n59083m.spc,49083.0,9.60000000000405e-05
n59085a.spc,49085.0,0.000248000000000026
n59088wa.spc,49088.0,0.00019200000000002548
n59089w.spc,49089.0,0.00045600000000001195
n59090a.spc,49090.0,8.00000000000245e-05
n59090h.spc,49090.0,0.00047999999999998044
n59091h.spc,49091.0,0.00031999999999998696
n59092h.spc,49092.0,0.00012000000000000899
n59099a.spc,49099.0,0.00017600000000000948
n59107a.spc,49107.0,0.00012799999999990597
n59107h.spc,49107.0,0.00011200000000000099
n59114a.spc,49114.0,0.00012000000000000899
n59128a.spc,49128.0,8.000000000008001e-05
n59135a.spc,49135.0,0.00048000000000003595
n59141wa.spc,49141.0,9.60000000000405e-05
n59142a.spc,49142.0,0.00032000000000004247
n59149a.spc,49149.0,8.000000000008e-06
n59156a.spc,49156.0,0.00022400000000000198
n59156wa.spc,49156.0,0.00012000000000000899
n59157wa.spc,49157.0,0.000248000000000026
n59158wa.spc,49158.0,0.000128000000000017
n59159wa.spc,49159.0,0.00039200000000000346
n59163a.spc,49163.0,0.00020800000000004149
n59166h.spc,49166.0,0.00012000000000000899
n59169a.spc,49169.0,0.00030399999999997096
n59176a.spc,49176.0,0.00036799999999997945
n59182h.spc,49182.0,0.00046400000000001995
n59183a.spc,49183.0,0.00039999999999995595
n59190a.spc,49190.0,6.399999999995298e-05
n59196h.spc,49196.0,0.000184000000000073
n59197a.spc,49197.0,4.8000000000048004e-05
n59205a.spc,49205.0,0.00042400000000009097
n59211a.spc,49211.0,0.00012000000000000899
n59212h.spc,49212.0,0.00046399999999990893
n59240a.spc,49240.0,0.00019999999999997797
n59240h.spc,49240.0,0.00021599999999999397
n59242h.spc,49242.0,0.00037599999999998746
n59243h.spc,49243.0,0.000144000000000033
n59255h.spc,49255.0,0.000192000000000081
