table_date,continuum,continuum_error,jd_offset,table_matched,filename
7512.0,0.515648,0.017113,47512.0,True,n57512ma.spc
7517.0,0.605864,0.0189173,47517.0,True,n57517a.spc
7534.0,0.659528,0.0199906,47534.0,True,n57534a.spc
7535.0,0.696368,0.0207274,47535.0,True,n57535a.spc
7549.0,0.682232,0.0204446,47549.0,True,n57549m.spc
7560.0,0.593048,0.018661,47560.0,True,n57560a.spc
7573.0,0.488,0.01656,47573.0,True,n57573a.spc
7573.0,0.331568,0.0134314,47573.0,True,n57573m.spc
7574.0,0.456176,0.0159235,47574.0,True,n57574m.spc
7575.0,0.369944,0.0141989,47575.0,True,n57575ma.spc
7576.0,0.341576,0.0136315,47576.0,True,n57576m.spc
7582.0,0.45764,0.0159528,47582.0,True,n57582a.spc
7587.0,0.395,0.0147,47587.0,True,n57587m.spc
7589.0,0.38204,0.0144408,47589.0,True,n57589m.spc
7592.0,0.433544,0.0154709,47592.0,True,n57592m.spc
7594.0,0.422624,0.0152525,47594.0,True,n57594m.spc
7597.0,0.536744,0.0175349,47597.0,True,n57597m.spc
7601.0,0.531584,0.0174317,47601.0,True,n57601m.spc
7606.0,0.705512,0.0209102,47606.0,True,n57606m.spc
7618.0,0.75224,0.0218448,47618.0,True,n57618a.spc
7627.0,0.775136,0.0223027,47627.0,True,n57627a.spc
7642.0,0.859928,0.0239986,47642.0,True,n57642a.spc
7644.0,0.841112,0.0236222,47644.0,True,n57644m.spc
7648.0,0.718928,0.0211786,47648.0,True,n57648m.spc
7649.0,0.782,0.02244,47649.0,True,n57649a.spc
7652.0,0.639776,0.0195955,47652.0,True,n57652m.spc
7652.0,0.66644,0.0201288,47652.0,True,n57652ma.spc
7653.0,0.772592,0.0222518,47653.0,True,n57653aa.spc
7653.0,0.69104,0.0206208,47653.0,False,
7654.0,0.771056,0.0222211,47654.0,True,n57654aa.spc
7654.0,0.707096,0.0209419,47654.0,False,
7655.0,0.666224,0.0201245,47655.0,True,n57655aa.spc
7656.0,0.663512,0.0200702,47656.0,True,n57656m.spc
7657.0,0.74576,0.0217152,47657.0,True,n57657aa.spc
7657.0,0.703112,0.0208622,47657.0,False,
7663.0,0.644144,0.0196829,47663.0,True,n57663ma.spc
7663.0,0.6566,0.019932,47663.0,True,n57663mb.spc
7663.0,0.636032,0.0195206,47663.0,True,n57663md.spc
7664.0,0.613904,0.0190781,47664.0,True,n57664ma.spc
7665.0,0.587936,0.0185587,47665.0,True,n57665ma.spc
7666.0,0.59948,0.0187896,47666.0,True,n57666ma.spc
7668.0,0.656096,0.0199219,47668.0,True,n57668ma.spc
7678.0,0.625208,0.0193042,47678.0,True,n57678a.spc
7711.0,0.513704,0.0170741,47711.0,False,
7713.0,0.570896,0.0182179,47713.0,True,n57713m.spc
7725.0,0.496064,0.0167213,47725.0,False,
7746.0,0.304064,0.0128813,47746.0,True,n57746m.spc
7749.0,0.283256,0.0124651,47749.0,True,n57749m.spc
7754.0,0.252008,0.0118402,47754.0,True,n57754m.spc
7757.0,0.380888,0.0144178,47757.0,True,n57757m.spc
7758.0,0.51128,0.0170256,47758.0,True,n57758m.spc
7759.0,0.4598,0.015996,47759.0,True,n57759m.spc
7765.0,0.34688,0.0137376,47765.0,True,n57765m.spc
7767.0,0.410432,0.0150086,47767.0,True,n57767m.spc
7777.0,0.565784,0.0181157,47777.0,True,n57777h.spc
7797.0,0.715904,0.0211181,47797.0,True,n57797h.spc
7809.0,0.693344,0.0206669,47809.0,True,n57809h.spc
7868.0,0.695192,0.0207038,47868.0,True,n57868a.spc
7884.0,0.530096,0.0174019,47884.0,True,n57884a.spc
7891.0,0.476408,0.0163282,47891.0,True,n57891a.spc
7895.0,0.422888,0.0152578,47895.0,True,n57895h.spc
7899.0,0.490496,0.0166099,47899.0,True,n57899a.spc
7900.0,0.465776,0.0161155,47900.0,True,n57900a.spc
7912.0,0.27884,0.0123768,47912.0,True,n57912h.spc
7915.0,0.360728,0.0140146,47915.0,True,n57915a.spc
7929.0,0.25904,0.0119808,47929.0,True,n57929a.spc
7949.0,0.274448,0.012289,47949.0,True,n57949a.spc
7957.0,0.26444,0.0120888,47957.0,True,n57957a.spc
7958.0,0.239072,0.0115814,47958.0,True,n57958a.spc
7971.0,0.20456,0.0108912,47971.0,True,n57971a.spc
7982.0,0.243104,0.0116621,47982.0,True,n57982a.spc
7990.0,0.306608,0.0129322,47990.0,True,n57990a.spc
7994.0,0.337808,0.0135562,47994.0,True,n57994aa.spc
8007.0,0.378536,0.0143707,48007.0,True,n58007a.spc
8011.0,0.436952,0.015539,48011.0,True,n58011h.spc
8013.0,0.456656,0.0159331,48013.0,True,n58013a.spc
8020.0,0.441728,0.0156346,48020.0,True,n58020aa.spc
8028.0,0.457736,0.0159547,48028.0,True,n58028aa.spc
8037.0,0.436616,0.0155323,48037.0,True,n58037a.spc
8044.0,0.473744,0.0162749,48044.0,True,n58044a.spc
8056.0,0.445112,0.0157022,48056.0,True,n58056h.spc
8061.0,0.410672,0.0150134,48061.0,True,n58061aa.spc
8068.0,0.347456,0.0137491,48068.0,True,n58068a.spc
8077.0,0.308912,0.0129782,48077.0,True,n58077a.spc
8089.0,0.320384,0.0132077,48089.0,True,n58089h.spc
8089.0,0.270944,0.0122189,48089.0,True,n58089m.spc
8090.0,0.331952,0.013439,48090.0,True,n58090a.spc
8097.0,0.358448,0.013969,48097.0,True,n58097a.spc
8102.0,0.336416,0.0135283,48102.0,True,n58102h.spc
8128.0,0.412736,0.0150547,48128.0,True,n58128a.spc
8143.0,0.366608,0.0141322,48143.0,True,n58143a.spc
8148.0,0.396968,0.0147394,48148.0,True,n58148a.spc
8149.0,0.384896,0.0144979,48149.0,True,n58149a.spc
8151.0,0.390824,0.0146165,48151.0,True,n58151a.spc
8160.0,0.436832,0.0155366,48160.0,True,n58160a.spc
8179.0,0.616208,0.0191242,48179.0,True,n58179a.spc
8231.0,0.615824,0.0191165,48231.0,True,n58231a.spc
8236.0,0.655256,0.0199051,48236.0,True,n58236a.spc
8252.0,0.63212,0.0194424,48252.0,True,n58252a.spc
8267.0,0.67544,0.0203088,48267.0,True,n58267a.spc
8275.0,0.70556,0.0209112,48275.0,True,n58275a.spc
8280.0,0.677984,0.0203597,48280.0,True,n58280a.spc
8287.0,0.646592,0.0197318,48287.0,True,n58287a.spc
8294.0,0.701864,0.0208373,48294.0,True,n58294a.spc
8310.0,0.725456,0.0213091,48310.0,True,n58310a.spc
8323.0,0.777632,0.0223526,48323.0,True,n58323a.spc
8338.0,0.695888,0.0207178,48338.0,True,n58338a.spc
8344.0,0.596312,0.0187262,48344.0,True,n58344a.spc
8351.0,0.528536,0.0173707,48351.0,True,n58351a.spc
8352.0,0.529568,0.0173914,48352.0,True,n58352a.spc
8365.0,0.555344,0.0179069,48365.0,True,n58365a.spc
8378.0,0.610136,0.0190027,48378.0,True,n58378a.spc
8386.0,0.67172,0.0202344,48386.0,True,n58386a.spc
8393.0,0.572456,0.0182491,48393.0,True,n58393a.spc
8400.0,0.45188,0.0158376,48400.0,True,n58400a.spc
8414.0,0.522392,0.0172478,48414.0,True,n58414a.spc
8421.0,0.668648,0.020173,48421.0,True,n58421a.spc
8431.0,0.681536,0.0204307,48431.0,True,n58431a.spc
8455.0,0.494792,0.0166958,48455.0,True,n58455a.spc
8456.0,0.475712,0.0163142,48456.0,True,n58456a.spc
8460.0,0.42176,0.0152352,48460.0,True,n58460a.spc
8474.0,0.334688,0.0134938,48474.0,True,n58474m.spc
8477.0,0.411512,0.0150302,48477.0,True,n58477m.spc
8512.0,0.581288,0.0184258,48512.0,True,n58512a.spc
8513.0,0.613136,0.0190627,48513.0,True,n58513a.spc
8514.0,0.640208,0.0196042,48514.0,True,n58514a.spc
8516.0,0.6026,0.018852,48516.0,True,n58516a.spc
8531.0,0.468656,0.0161731,48531.0,True,n58531h.spc
8636.0,0.636344,0.0195269,48636.0,True,n58636a.spc
8644.0,0.588032,0.0185606,48644.0,True,n58644a.spc
8651.0,0.580448,0.018409,48651.0,True,n58651a.spc
8670.0,0.461984,0.0160397,48670.0,True,n58670a.spc
8676.0,0.385592,0.0145118,48676.0,True,n58676a.spc
8691.0,0.28928,0.0125856,48691.0,True,n58691a.spc
8699.0,0.271472,0.0122294,48699.0,True,n58699a.spc
8713.0,0.180008,0.0104002,48713.0,True,n58713a.spc
8720.0,0.160088,0.0100018,48720.0,True,n58720a.spc
8726.0,0.180992,0.0104198,48726.0,True,n58726a.spc
8733.0,0.171536,0.0102307,48733.0,True,n58733a.spc
8733.0,0.191768,0.0106354,48733.0,True,n58733h.spc
8742.0,0.190976,0.0106195,48742.0,True,n58742a.spc
8742.0,0.189488,0.0105898,48742.0,True,n58742w.spc
8744.0,0.235088,0.0115018,48744.0,True,n58744wa.spc
8745.0,0.24332,0.0116664,48745.0,True,n58745wa.spc
8746.0,0.164648,0.010093,48746.0,True,n58746wa.spc
8750.0,0.214256,0.0110851,48750.0,True,n58750a.spc
8765.0,0.21512,0.0111024,48765.0,True,n58765h.spc
8777.0,0.19844,0.0107688,48777.0,True,n58777wa.spc
8778.0,0.230552,0.011411,48778.0,True,n58778w.spc
8780.0,0.325616,0.0133123,48780.0,True,n58780a.spc
8783.0,0.316976,0.0131395,48783.0,True,n58783ha.spc
8789.0,0.33068,0.0134136,48789.0,True,n58789a.spc
8796.0,0.293744,0.0126749,48796.0,True,n58796a.spc
8804.0,0.228032,0.0113606,48804.0,True,n58804a.spc
8804.0,0.203696,0.0108739,48804.0,True,n58804w.spc
8810.0,0.1886,0.010572,48810.0,True,n58810ha.spc
8817.0,0.246536,0.0117307,48817.0,True,n58817a.spc
8825.0,0.251456,0.0118291,48825.0,True,n58825a.spc
8830.0,0.2138,0.011076,48830.0,True,n58830wa.spc
8831.0,0.256664,0.0119333,48831.0,True,n58831a.spc
8831.0,0.227816,0.0113563,48831.0,True,n58831w.spc
8833.0,0.234656,0.0114931,48833.0,True,n58833wa.spc
8834.0,0.280256,0.0124051,48834.0,True,n58834wa.spc
8835.0,0.198752,0.010775,48835.0,True,n58835w.spc
8836.0,0.250544,0.0118109,48836.0,True,n58836wa.spc
8837.0,0.27116,0.0122232,48837.0,True,n58837h.spc
8837.0,0.22196,0.0112392,48837.0,True,n58837w.spc
8839.0,0.310352,0.013007,48839.0,True,n58839a.spc
8848.0,0.35636,0.0139272,48848.0,True,n58848a.spc
8858.0,0.329744,0.0133949,48858.0,True,n58858h.spc
8858.0,0.297608,0.0127522,48858.0,True,n58858w.spc
8861.0,0.308,0.01296,48861.0,True,n58861w.spc
8862.0,0.379088,0.0143818,48862.0,True,n58862a.spc
8862.0,0.298808,0.0127762,48862.0,True,n58862w.spc
8867.0,0.354584,0.0138917,48867.0,True,n58867h.spc
8869.0,0.381176,0.0144235,48869.0,True,n58869a.spc
8876.0,0.435896,0.0155179,48876.0,True,n58876a.spc
8883.0,0.437216,0.0155443,48883.0,True,n58883a.spc
8886.0,0.397568,0.0147514,48886.0,True,n58886h.spc
8889.0,0.425936,0.0153187,48889.0,True,n58889a.spc
8898.0,0.348008,0.0137602,48898.0,True,n58898a.spc
8898.0,0.334448,0.013489,48898.0,True,n58898h.spc
8954.0,0.636056,0.0195211,48954.0,True,n58954a.spc
8967.0,0.687992,0.0205598,48967.0,True,n58967a.spc
8973.0,0.81404,0.0230808,48973.0,True,n58973a.spc
8981.0,0.746552,0.021731,48981.0,True,n58981a.spc
8992.0,0.843632,0.0236726,48992.0,True,n58992a.spc
9000.0,0.674408,0.0202882,49000.0,True,n59000a.spc
9008.0,0.64688,0.0197376,49008.0,True,n59008a.spc
9010.0,0.647336,0.0197467,49010.0,True,n59010wa.spc
9013.0,0.613328,0.0190666,49013.0,True,n59013a.spc
9014.0,0.60836,0.0189672,49014.0,True,n59014wa.spc
9017.0,0.61448,0.0190896,49017.0,True,n59017ha.spc
9020.0,0.658832,0.0199766,49020.0,True,n59020a.spc
9029.0,0.646808,0.0197362,49029.0,True,n59029a.spc
9032.0,0.64712,0.0197424,49032.0,True,n59032h.spc
9034.0,0.673016,0.0202603,49034.0,True,n59034wa.spc
9048.0,0.633608,0.0194722,49048.0,True,n59048a.spc
9056.0,0.601784,0.0188357,49056.0,True,n59056a.spc
9062.0,0.581552,0.018431,49062.0,True,n59062a.spc
9064.0,0.557456,0.0179491,49064.0,True,n59064a.spc
9070.0,0.476336,0.0163267,49070.0,True,n59070wa.spc
9074.0,0.478544,0.0163709,49074.0,True,n59074w.spc
9077.0,0.477944,0.0163589,49077.0,True,n59077w.spc
9078.0,0.39272,0.0146544,49078.0,True,n59078m.spc
9078.0,0.443,0.01566,49078.0,True,n59078w.spc
9079.0,0.47996,0.0163992,49079.0,True,n59079a.spc
9080.0,0.387296,0.0145459,49080.0,True,n59080m.spc
9083.0,0.356096,0.0139219,49083.0,True,n59083m.spc
9085.0,0.381752,0.014435,49085.0,True,n59085a.spc
9088.0,0.403808,0.0148762,49088.0,True,n59088wa.spc
9089.0,0.379544,0.0143909,49089.0,True,n59089w.spc
9090.0,0.44108,0.0156216,49090.0,True,n59090a.spc
9090.0,0.38348,0.0144696,49090.0,True,n59090h.spc
9091.0,0.36632,0.0141264,49091.0,True,n59091h.spc
9092.0,0.35912,0.0139824,49092.0,True,n59092h.spc
9099.0,0.489824,0.0165965,49099.0,True,n59099a.spc
9107.0,0.576872,0.0183374,49107.0,True,n59107a.spc
9107.0,0.532112,0.0174422,49107.0,True,n59107h.spc
9114.0,0.54788,0.0177576,49114.0,True,n59114a.spc
9128.0,0.57608,0.0183216,49128.0,True,n59128a.spc
9135.0,0.48548,0.0165096,49135.0,True,n59135a.spc
9141.0,0.476096,0.0163219,49141.0,True,n59141wa.spc
9142.0,0.48032,0.0164064,49142.0,True,n59142a.spc
9149.0,0.450992,0.0158198,49149.0,True,n59149a.spc
9156.0,0.432224,0.0154445,49156.0,True,n59156a.spc
9156.0,0.38612,0.0145224,49156.0,True,n59156wa.spc
9157.0,0.348248,0.013765,49157.0,True,n59157wa.spc
9158.0,0.381128,0.0144226,49158.0,True,n59158wa.spc
9159.0,0.348608,0.0137722,49159.0,True,n59159wa.spc
9163.0,0.421208,0.0152242,49163.0,True,n59163a.spc
9166.0,0.44888,0.0157776,49166.0,True,n59166h.spc
9169.0,0.454304,0.0158861,49169.0,True,n59169a.spc
9176.0,0.498632,0.0167726,49176.0,True,n59176a.spc
9182.0,0.507464,0.0169493,49182.0,True,n59182h.spc
9183.0,0.5354,0.017508,49183.0,True,n59183a.spc
9190.0,0.553064,0.0178613,49190.0,True,n59190a.spc
9196.0,0.533816,0.0174763,49196.0,True,n59196h.spc
9197.0,0.578048,0.018361,49197.0,True,n59197a.spc
9205.0,0.560576,0.0180115,49205.0,True,n59205a.spc
9211.0,0.58088,0.0184176,49211.0,True,n59211a.spc
9212.0,0.543464,0.0176693,49212.0,True,n59212h.spc
9240.0,0.4868,0.016536,49240.0,True,n59240a.spc
9240.0,0.446216,0.0157243,49240.0,True,n59240h.spc
9242.0,0.479624,0.0163925,49242.0,True,n59242h.spc
9243.0,0.482144,0.0164429,49243.0,True,n59243h.spc
9255.0,0.538808,0.0175762,49255.0,True,n59255h.spc
