method,bins,seed,null_max
equal_width,3,7300,0.1644770778835954
equal_width,3,7301,0.13382332886857265
equal_width,3,7302,0.16310977871980373
equal_width,3,7303,0.12573200505451015
equal_width,3,7304,0.2255293548468288
equal_width,3,7305,0.10147316050454798
equal_width,3,7306,0.13610540654109013
equal_width,3,7307,0.16988549895962995
equal_width,3,7308,0.1786951785110101
equal_width,3,7309,0.0911458904609578
equal_width,3,7310,0.13521191498045795
equal_width,3,7311,0.14340465605738517
equal_width,3,7312,0.1404493351651855
equal_width,3,7313,0.1603435571069272
equal_width,3,7314,0.16314104289506182
equal_width,3,7315,0.16376427001468896
equal_width,3,7316,0.11906706170225673
equal_width,3,7317,0.1585306663169448
equal_width,3,7318,0.12526657299202246
equal_width,3,7319,0.2041684703432289
equal_width,3,7320,0.14590557850681168
equal_width,3,7321,0.11881329012288347
equal_width,3,7322,0.14483900954045645
equal_width,3,7323,0.14178091750308613
equal_width,3,7324,0.1336052324142376
equal_width,3,7325,0.15665644570310022
equal_width,3,7326,0.11179669348759794
equal_width,3,7327,0.16418302374999408
equal_width,3,7328,0.0827397691108078
equal_width,3,7329,0.11343760087858337
equal_width,3,7330,0.10354906783325055
equal_width,3,7331,0.07810683918562306
equal_width,3,7332,0.07584452820198702
equal_width,3,7333,0.09157975040883101
equal_width,3,7334,0.17142288962808888
equal_width,3,7335,0.12347333348450981
equal_width,3,7336,0.1230900838830944
equal_width,3,7337,0.11353332516511386
equal_width,3,7338,0.1504765787283214
equal_width,3,7339,0.14885087847605313
equal_width,3,7340,0.10856582915899506
equal_width,3,7341,0.19705903945635828
equal_width,3,7342,0.13772949157159076
equal_width,3,7343,0.12130515210903306
equal_width,3,7344,0.15264158196302086
equal_width,3,7345,0.13037901153648077
equal_width,3,7346,0.12156532908460256
equal_width,3,7347,0.20472096752780622
equal_width,3,7348,0.17617657058446076
equal_width,4,7400,0.22458451335081545
equal_width,4,7401,0.22345366336892764
equal_width,4,7402,0.2017301425165091
equal_width,4,7403,0.24903775232219139
equal_width,4,7404,0.2008785409751139
equal_width,4,7405,0.19583385727867658
equal_width,4,7406,0.3020248715019076
equal_width,4,7407,0.1760677103914558
equal_width,4,7408,0.30076297930924845
equal_width,4,7409,0.24546981875535573
equal_width,4,7410,0.27924360519314334
equal_width,4,7411,0.25507758275075754
equal_width,4,7412,0.29126068650948767
equal_width,4,7413,0.29773681598007906
equal_width,4,7414,0.1904830319858316
equal_width,4,7415,0.3003933245737966
equal_width,4,7416,0.23345067253673132
equal_width,4,7417,0.24974520458654706
equal_width,4,7418,0.25563310911841275
equal_width,4,7419,0.24927291792293446
equal_width,4,7420,0.2226981554417306
equal_width,4,7421,0.2542873162101723
equal_width,4,7422,0.2176811657792576
equal_width,4,7423,0.1378901364734852
equal_width,4,7424,0.23968026149785218
equal_width,4,7425,0.24860811858835577
equal_width,4,7426,0.24179256698710697
equal_width,4,7427,0.2490805999824522
equal_width,4,7428,0.21124950288151872
equal_width,4,7429,0.2818961935731265
equal_width,4,7430,0.2334279155678122
equal_width,4,7431,0.17593522378021462
equal_width,4,7432,0.18323826078518368
equal_width,4,7433,0.16376368216493725
equal_width,4,7434,0.24972999019833209
equal_width,4,7435,0.28445674020221534
equal_width,4,7436,0.16563815668914852
equal_width,4,7437,0.25422590604744144
equal_width,4,7438,0.18381452531732362
equal_width,4,7439,0.23291850941687708
equal_width,4,7440,0.22941770990756638
equal_width,4,7441,0.17501206477280007
equal_width,4,7442,0.2621422031861523
equal_width,4,7443,0.22456171304906936
equal_width,4,7444,0.2696453148735915
equal_width,4,7445,0.21068956012556575
equal_width,4,7446,0.21606354094862498
equal_width,4,7447,0.18024583964707855
equal_width,4,7448,0.2620422497794356
equal_width,5,7500,0.36476691703583763
equal_width,5,7501,0.31324931197425865
equal_width,5,7502,0.3339659962767216
equal_width,5,7503,0.38203184804926993
equal_width,5,7504,0.3046649154173664
equal_width,5,7505,0.28317999864942295
equal_width,5,7506,0.26308237943332563
equal_width,5,7507,0.313422696955622
equal_width,5,7508,0.2497587770776822
equal_width,5,7509,0.32503142275516017
equal_width,5,7510,0.21941055163684203
equal_width,5,7511,0.32926295149879303
equal_width,5,7512,0.3180268914673625
equal_width,5,7513,0.28071190569125215
equal_width,5,7514,0.30819276675673785
equal_width,5,7515,0.3464391426876883
equal_width,5,7516,0.265557761529761
equal_width,5,7517,0.21745395239521773
equal_width,5,7518,0.35606174733384405
equal_width,5,7519,0.30360703715056603
equal_width,5,7520,0.39657502697511926
equal_width,5,7521,0.34875981986583493
equal_width,5,7522,0.3265610618612753
equal_width,5,7523,0.37910815243308676
equal_width,5,7524,0.3289436507011142
equal_width,5,7525,0.33044414293179025
equal_width,5,7526,0.38357477494465453
equal_width,5,7527,0.21146391881234763
equal_width,5,7528,0.3236357788997517
equal_width,5,7529,0.35623861751694896
equal_width,5,7530,0.2729283436399923
equal_width,5,7531,0.2663178529223445
equal_width,5,7532,0.32316153903431327
equal_width,5,7533,0.2788823771079099
equal_width,5,7534,0.33488739186980376
equal_width,5,7535,0.304526562035942
equal_width,5,7536,0.3023741614288943
equal_width,5,7537,0.3088642415419014
equal_width,5,7538,0.23723740305657853
equal_width,5,7539,0.2742829361366137
equal_width,5,7540,0.2870398437850182
equal_width,5,7541,0.33769669605492864
equal_width,5,7542,0.2799525794865215
equal_width,5,7543,0.22558636456681538
equal_width,5,7544,0.27797746870821494
equal_width,5,7545,0.3010377808183672
equal_width,5,7546,0.3527815394152241
equal_width,5,7547,0.36166816094772736
equal_width,5,7548,0.29714965445324515
equal_width,6,7600,0.4491580414929308
equal_width,6,7601,0.38143068525376367
equal_width,6,7602,0.31265560120393315
equal_width,6,7603,0.4442868403894977
equal_width,6,7604,0.3605529516370307
equal_width,6,7605,0.3802618694928375
equal_width,6,7606,0.3723360492677547
equal_width,6,7607,0.4319014058515675
equal_width,6,7608,0.41894342004498936
equal_width,6,7609,0.45908689328461494
equal_width,6,7610,0.3856415336490454
equal_width,6,7611,0.47864237684606176
equal_width,6,7612,0.3944216864257008
equal_width,6,7613,0.3649241757434357
equal_width,6,7614,0.3573977292645903
equal_width,6,7615,0.29956682414197866
equal_width,6,7616,0.3749155400810757
equal_width,6,7617,0.46447435073880233
equal_width,6,7618,0.37951766498877565
equal_width,6,7619,0.35960702877487116
equal_width,6,7620,0.3716955040546528
equal_width,6,7621,0.4582332227823929
equal_width,6,7622,0.38908634748505005
equal_width,6,7623,0.33516969826233334
equal_width,6,7624,0.3873378468058486
equal_width,6,7625,0.4895674555455539
equal_width,6,7626,0.5381514181416996
equal_width,6,7627,0.4238325383209983
equal_width,6,7628,0.4314408095472588
equal_width,6,7629,0.39032307608483446
equal_width,6,7630,0.4054571041840968
equal_width,6,7631,0.4481285120465584
equal_width,6,7632,0.35053852747719105
equal_width,6,7633,0.39190023822531334
equal_width,6,7634,0.41298311543509975
equal_width,6,7635,0.3963485683687822
equal_width,6,7636,0.4371502873324691
equal_width,6,7637,0.3591394526854505
equal_width,6,7638,0.36629369006020124
equal_width,6,7639,0.4438475232260055
equal_width,6,7640,0.4125501463903
equal_width,6,7641,0.5103977545035776
equal_width,6,7642,0.3763643982624003
equal_width,6,7643,0.3180354272995282
equal_width,6,7644,0.34562334698825975
equal_width,6,7645,0.3961417841355265
equal_width,6,7646,0.4190658148419974
equal_width,6,7647,0.4054373631609443
equal_width,6,7648,0.27153769287555335
equal_width,7,7700,0.5421817496383281
equal_width,7,7701,0.48116189635016343
equal_width,7,7702,0.47108722232344163
equal_width,7,7703,0.5202916858912422
equal_width,7,7704,0.5325703712655864
equal_width,7,7705,0.45859621551952884
equal_width,7,7706,0.548997817846512
equal_width,7,7707,0.48769104955551695
equal_width,7,7708,0.4904582414325731
equal_width,7,7709,0.5093069277865511
equal_width,7,7710,0.48217321364498966
equal_width,7,7711,0.5666646157502045
equal_width,7,7712,0.37074225463731997
equal_width,7,7713,0.4548586760303173
equal_width,7,7714,0.4733511113449658
equal_width,7,7715,0.4047614801461917
equal_width,7,7716,0.502019805081318
equal_width,7,7717,0.4698555960685571
equal_width,7,7718,0.4450409012188692
equal_width,7,7719,0.47257836671722425
equal_width,7,7720,0.3994466164219873
equal_width,7,7721,0.4883969711462637
equal_width,7,7722,0.5114384625978411
equal_width,7,7723,0.5318974661679327
equal_width,7,7724,0.45164705709638997
equal_width,7,7725,0.47134206191917943
equal_width,7,7726,0.4353428312966448
equal_width,7,7727,0.5981255928046814
equal_width,7,7728,0.5187903789264526
equal_width,7,7729,0.45358043259189834
equal_width,7,7730,0.4246713442150479
equal_width,7,7731,0.45981414845743507
equal_width,7,7732,0.5023918039970637
equal_width,7,7733,0.49479031204777724
equal_width,7,7734,0.48467235595295843
equal_width,7,7735,0.44286374770189474
equal_width,7,7736,0.4437909048780456
equal_width,7,7737,0.5530881050535607
equal_width,7,7738,0.49123205909507184
equal_width,7,7739,0.450301937532873
equal_width,7,7740,0.4394227567935845
equal_width,7,7741,0.41115012524032524
equal_width,7,7742,0.570975166743412
equal_width,7,7743,0.387805599101392
equal_width,7,7744,0.5340101618434788
equal_width,7,7745,0.4328218345532197
equal_width,7,7746,0.5007730420323664
equal_width,7,7747,0.5295249163011251
equal_width,7,7748,0.5162535402291284
equal_width,8,7800,0.5604994851620262
equal_width,8,7801,0.43634156352911385
equal_width,8,7802,0.49785581792650163
equal_width,8,7803,0.5218829226197488
equal_width,8,7804,0.5319168094657105
equal_width,8,7805,0.6458294751663867
equal_width,8,7806,0.5825645792256962
equal_width,8,7807,0.4884367850177391
equal_width,8,7808,0.534386664996536
equal_width,8,7809,0.6171495796508687
equal_width,8,7810,0.5486403507757595
equal_width,8,7811,0.5188925986115289
equal_width,8,7812,0.5780670882031781
equal_width,8,7813,0.543826913423666
equal_width,8,7814,0.5173443501013745
equal_width,8,7815,0.513205526393548
equal_width,8,7816,0.5608936980780643
equal_width,8,7817,0.5588101904776523
equal_width,8,7818,0.5573495333788132
equal_width,8,7819,0.44945729873293033
equal_width,8,7820,0.5440786636824451
equal_width,8,7821,0.5730307326613969
equal_width,8,7822,0.5809587337884754
equal_width,8,7823,0.5220903545453637
equal_width,8,7824,0.5317997219749713
equal_width,8,7825,0.6256712409152643
equal_width,8,7826,0.5933244370261339
equal_width,8,7827,0.5635530665300884
equal_width,8,7828,0.5979009656978048
equal_width,8,7829,0.6010220809038413
equal_width,8,7830,0.6061819394079752
equal_width,8,7831,0.5310187630898315
equal_width,8,7832,0.5615289774188695
equal_width,8,7833,0.4603281663434237
equal_width,8,7834,0.5516988547042813
equal_width,8,7835,0.53221561259909
equal_width,8,7836,0.5318528296738426
equal_width,8,7837,0.5915703671802497
equal_width,8,7838,0.47520541595978694
equal_width,8,7839,0.5600296591706165
equal_width,8,7840,0.549040438351924
equal_width,8,7841,0.48919310233561425
equal_width,8,7842,0.49117253220677337
equal_width,8,7843,0.5714982216065551
equal_width,8,7844,0.5141986410297655
equal_width,8,7845,0.4840026469753899
equal_width,8,7846,0.5049741061148338
equal_width,8,7847,0.48028154146053526
equal_width,8,7848,0.5559752634676096
quantile,3,17300,0.20924659764700146
quantile,3,17301,0.18103644613949013
quantile,3,17302,0.19741622854173432
quantile,3,17303,0.21600495551981957
quantile,3,17304,0.22248147322136425
quantile,3,17305,0.21969395653594131
quantile,3,17306,0.21659058483573795
quantile,3,17307,0.19931952486396934
quantile,3,17308,0.16821834413067446
quantile,3,17309,0.24918760004924165
quantile,3,17310,0.26916842984288697
quantile,3,17311,0.21286806006389042
quantile,3,17312,0.14288621709167793
quantile,3,17313,0.26516828592038844
quantile,3,17314,0.2704272236847556
quantile,3,17315,0.22044972422442344
quantile,3,17316,0.2305623763113992
quantile,3,17317,0.3650571455425907
quantile,3,17318,0.13200349473798934
quantile,3,17319,0.21825429788588596
quantile,3,17320,0.184436261755044
quantile,3,17321,0.26169258706379206
quantile,3,17322,0.37102888575075554
quantile,3,17323,0.1920741299045991
quantile,3,17324,0.2669192925299692
quantile,3,17325,0.23126434661874354
quantile,3,17326,0.2662559314268135
quantile,3,17327,0.2283541703894613
quantile,3,17328,0.18835248582753972
quantile,3,17329,0.20244473420960282
quantile,3,17330,0.2317439195875989
quantile,3,17331,0.2589582894581598
quantile,3,17332,0.20024791901567224
quantile,3,17333,0.25390410271025304
quantile,3,17334,0.2606764148771471
quantile,3,17335,0.18228212437060468
quantile,3,17336,0.28884945329792067
quantile,3,17337,0.22880597930074476
quantile,3,17338,0.2262051554467283
quantile,3,17339,0.2349107029792531
quantile,3,17340,0.16629117863736928
quantile,3,17341,0.23096414749555033
quantile,3,17342,0.24959770952735816
quantile,3,17343,0.18956002353189416
quantile,3,17344,0.23139309476293946
quantile,3,17345,0.19581210873202587
quantile,3,17346,0.2727007893587181
quantile,3,17347,0.23569931218168652
quantile,3,17348,0.16436287460683924
quantile,4,17400,0.33780499382506535
quantile,4,17401,0.49956440275421465
quantile,4,17402,0.39485952428317583
quantile,4,17403,0.4816812617171167
quantile,4,17404,0.3269185134107973
quantile,4,17405,0.33754496435010795
quantile,4,17406,0.3944533882220945
quantile,4,17407,0.4440005844859748
quantile,4,17408,0.4534377575527127
quantile,4,17409,0.45968034974369165
quantile,4,17410,0.5005143460100766
quantile,4,17411,0.4153549694767128
quantile,4,17412,0.3600321835539339
quantile,4,17413,0.430273808639513
quantile,4,17414,0.4031977693142755
quantile,4,17415,0.41771231715305873
quantile,4,17416,0.4991632370122732
quantile,4,17417,0.38094684246908145
quantile,4,17418,0.502029364850326
quantile,4,17419,0.4220594310153821
quantile,4,17420,0.46380303474799656
quantile,4,17421,0.4235077927899725
quantile,4,17422,0.3703785228175982
quantile,4,17423,0.43198310961507724
quantile,4,17424,0.3364990528282132
quantile,4,17425,0.40641584482122894
quantile,4,17426,0.42133554157679465
quantile,4,17427,0.45066758697494874
quantile,4,17428,0.4623444334692296
quantile,4,17429,0.48578446751463095
quantile,4,17430,0.4324912898099657
quantile,4,17431,0.48000149026728284
quantile,4,17432,0.41480018960384146
quantile,4,17433,0.37399050553681734
quantile,4,17434,0.3969034945887192
quantile,4,17435,0.47887771057943246
quantile,4,17436,0.41597196016601584
quantile,4,17437,0.40624164830825904
quantile,4,17438,0.46304218532332014
quantile,4,17439,0.5151016166984514
quantile,4,17440,0.35944250594062344
quantile,4,17441,0.48106267352822707
quantile,4,17442,0.5051094882987719
quantile,4,17443,0.3774268493949205
quantile,4,17444,0.41140640387681293
quantile,4,17445,0.3287518563235488
quantile,4,17446,0.48980413407027523
quantile,4,17447,0.3906096964567563
quantile,4,17448,0.4077969780077285
quantile,5,17500,0.5287741856990932
quantile,5,17501,0.4474862783869701
quantile,5,17502,0.45386743272843016
quantile,5,17503,0.5174660111300569
quantile,5,17504,0.5348076967982383
quantile,5,17505,0.5637133635413446
quantile,5,17506,0.4435250439522558
quantile,5,17507,0.5080127581493294
quantile,5,17508,0.4924159067690704
quantile,5,17509,0.5103717902324493
quantile,5,17510,0.5014041891182027
quantile,5,17511,0.5423588947503732
quantile,5,17512,0.5512103110616388
quantile,5,17513,0.5617195781437471
quantile,5,17514,0.5522612864391082
quantile,5,17515,0.5137730569231985
quantile,5,17516,0.5190491232112158
quantile,5,17517,0.5222150872941377
quantile,5,17518,0.5963381771313385
quantile,5,17519,0.4981550434365212
quantile,5,17520,0.6435839291009091
quantile,5,17521,0.5261907636180295
quantile,5,17522,0.4051987755411277
quantile,5,17523,0.5465224951971144
quantile,5,17524,0.5683485810653356
quantile,5,17525,0.49727178652554854
quantile,5,17526,0.6052158404073755
quantile,5,17527,0.5681547477315065
quantile,5,17528,0.49047200737895763
quantile,5,17529,0.6639107319903065
quantile,5,17530,0.5782632673714686
quantile,5,17531,0.5209782928459548
quantile,5,17532,0.4528945707065442
quantile,5,17533,0.47797922424280975
quantile,5,17534,0.5425210275130751
quantile,5,17535,0.4587756276743232
quantile,5,17536,0.520252198452822
quantile,5,17537,0.5775846729078721
quantile,5,17538,0.6117526376749024
quantile,5,17539,0.5478319885444138
quantile,5,17540,0.4696125114584676
quantile,5,17541,0.483502103723993
quantile,5,17542,0.467029290179029
quantile,5,17543,0.6039970885969088
quantile,5,17544,0.5874012426370725
quantile,5,17545,0.559729230769008
quantile,5,17546,0.5954280139535378
quantile,5,17547,0.5715978704809874
quantile,5,17548,0.5329803741168204
quantile,6,17600,0.6092781031967681
quantile,6,17601,0.5762055964979752
quantile,6,17602,0.5389030926862299
quantile,6,17603,0.6393447609187919
quantile,6,17604,0.6607844964175673
quantile,6,17605,0.678251330030617
quantile,6,17606,0.6155427335275051
quantile,6,17607,0.6886831471632101
quantile,6,17608,0.6294586427617411
quantile,6,17609,0.7250923816116939
quantile,6,17610,0.6385869630805083
quantile,6,17611,0.6698956725034843
quantile,6,17612,0.7236872654074622
quantile,6,17613,0.4876684091777358
quantile,6,17614,0.710103933348978
quantile,6,17615,0.7294150449968655
quantile,6,17616,0.6338126913534352
quantile,6,17617,0.6765610767889906
quantile,6,17618,0.6599921616177421
quantile,6,17619,0.5521822626729931
quantile,6,17620,0.5494603150073852
quantile,6,17621,0.6227104630818598
quantile,6,17622,0.6621339733661369
quantile,6,17623,0.6771725534588271
quantile,6,17624,0.7271817990042024
quantile,6,17625,0.6003206480416354
quantile,6,17626,0.6293903774046148
quantile,6,17627,0.5108944945500633
quantile,6,17628,0.664625822623149
quantile,6,17629,0.681830823181687
quantile,6,17630,0.6087081690840266
quantile,6,17631,0.5752756356732925
quantile,6,17632,0.7013185976731783
quantile,6,17633,0.6250335833215523
quantile,6,17634,0.5401917464673504
quantile,6,17635,0.5255952642748752
quantile,6,17636,0.6953651769685788
quantile,6,17637,0.5619738202120804
quantile,6,17638,0.47409969284248155
quantile,6,17639,0.625077348872091
quantile,6,17640,0.5573355749483725
quantile,6,17641,0.7193750854973288
quantile,6,17642,0.6629073809106912
quantile,6,17643,0.6046186889029673
quantile,6,17644,0.6025138088903631
quantile,6,17645,0.600747836165652
quantile,6,17646,0.6361347594778041
quantile,6,17647,0.6238288656707048
quantile,6,17648,0.66658631948664
quantile,7,17700,0.6961601281306652
quantile,7,17701,0.6826429124880484
quantile,7,17702,0.6883911761062024
quantile,7,17703,0.7518116504205464
quantile,7,17704,0.7191450055727788
quantile,7,17705,0.6749035163033749
quantile,7,17706,0.7484695844500829
quantile,7,17707,0.7229805488354449
quantile,7,17708,0.7244299863892094
quantile,7,17709,0.6731208579962961
quantile,7,17710,0.8190973984844641
quantile,7,17711,0.6458138296848884
quantile,7,17712,0.6414936794655511
quantile,7,17713,0.825044957781472
quantile,7,17714,0.6254871861587397
quantile,7,17715,0.6506620357795049
quantile,7,17716,0.7036527801077616
quantile,7,17717,0.7532644625247116
quantile,7,17718,0.6383963469506252
quantile,7,17719,0.753741063750006
quantile,7,17720,0.7334267501663605
quantile,7,17721,0.6894712126047565
quantile,7,17722,0.6898924538648787
quantile,7,17723,0.6869256834387414
quantile,7,17724,0.7939387007127577
quantile,7,17725,0.6784828760959541
quantile,7,17726,0.821504117356876
quantile,7,17727,0.7189682233785921
quantile,7,17728,0.6792230404752196
quantile,7,17729,0.7649535252105404
quantile,7,17730,0.7839636085524956
quantile,7,17731,0.7086458122819812
quantile,7,17732,0.6507398043300003
quantile,7,17733,0.6841925101335595
quantile,7,17734,0.7018017852640265
quantile,7,17735,0.7269488566979322
quantile,7,17736,0.6832972243619637
quantile,7,17737,0.7064301561989453
quantile,7,17738,0.6909495851152672
quantile,7,17739,0.8284801194112709
quantile,7,17740,0.6827540127603088
quantile,7,17741,0.7144954126477805
quantile,7,17742,0.5971385585740738
quantile,7,17743,0.6602657043304716
quantile,7,17744,0.7537436305362396
quantile,7,17745,0.6456263530372248
quantile,7,17746,0.7109285108970317
quantile,7,17747,0.6695565664702172
quantile,7,17748,0.6114944150076084
quantile,8,17800,0.6750911324481732
quantile,8,17801,0.7489755874163905
quantile,8,17802,0.7508931989379741
quantile,8,17803,0.7273614040699073
quantile,8,17804,0.7125976640060321
quantile,8,17805,0.7717662377734792
quantile,8,17806,0.7901563591630603
quantile,8,17807,0.7343923732786026
quantile,8,17808,0.6612436924960051
quantile,8,17809,0.6975370697450282
quantile,8,17810,0.7148772689101079
quantile,8,17811,0.7004845766075912
quantile,8,17812,0.6571704882765327
quantile,8,17813,0.7042959216418339
quantile,8,17814,0.743063237992038
quantile,8,17815,0.6713629066956163
quantile,8,17816,0.738595648611702
quantile,8,17817,0.7618630235224323
quantile,8,17818,0.7056007525266399
quantile,8,17819,0.7800305493222274
quantile,8,17820,0.8156920731013699
quantile,8,17821,0.7581829290324739
quantile,8,17822,0.7306324092460205
quantile,8,17823,0.7372604866032536
quantile,8,17824,0.8409229940265118
quantile,8,17825,0.7438843024862529
quantile,8,17826,0.8014426298972627
quantile,8,17827,0.8146666904006744
quantile,8,17828,0.7213654204225652
quantile,8,17829,0.7372104753713207
quantile,8,17830,0.6873355247943008
quantile,8,17831,0.8028920446249627
quantile,8,17832,0.7185797452194299
quantile,8,17833,0.7151815426217432
quantile,8,17834,0.7557667091389816
quantile,8,17835,0.6974862094229295
quantile,8,17836,0.8016845444643358
quantile,8,17837,0.7367912419691277
quantile,8,17838,0.6277416092602447
quantile,8,17839,0.7413651781451913
quantile,8,17840,0.7480183521901412
quantile,8,17841,0.858494443083932
quantile,8,17842,0.7688467945979911
quantile,8,17843,0.7880531258293111
quantile,8,17844,0.7784472840923243
quantile,8,17845,0.6844101216986177
quantile,8,17846,0.7817360794211845
quantile,8,17847,0.6874281860156098
quantile,8,17848,0.7736227324263002
