lag,real_cond_synergy,median_null_cond,p2_5_null_cond,p97_5_null_cond
1,0.016008327192217182,0.030032431598434894,0.022449926130783115,0.03933474781366199
2,0.02512644030847348,0.05056749344970673,0.037556823322360704,0.0685660956730114
3,0.036745571863995345,0.07193229219463039,0.05245260140066022,0.09918063778596704
4,0.048612745015857474,0.09141015353460238,0.0643585717244677,0.12810415498687514
5,0.05570304257773932,0.1065915548240768,0.07990530025956118,0.15113142129013665
6,0.06799823135190503,0.12211132684220574,0.08685362007439758,0.16735514483270597
7,0.07654231567068766,0.13709576734666834,0.09889447721402998,0.18312220823386463
8,0.07851943556250392,0.1495374453802991,0.10772642943415008,0.19234190248968822
9,0.08345737841726478,0.1590155543904073,0.11445359932785691,0.20459202040729738
10,0.0850525711216567,0.1679239344013911,0.12223349028295363,0.21287409790104586
11,0.09105736342542718,0.1757187449466231,0.13174545530840118,0.22131546259366908
12,0.09680003906933374,0.18510266229805045,0.13738231914310672,0.23081574166429306
13,0.1011154673346738,0.19651156964323638,0.1426727688796227,0.25123150659350374
14,0.10847546486228317,0.20146172177586547,0.14611266592994504,0.2581153876373322
15,0.11931619274979176,0.20703642443929252,0.1531027825131123,0.2634766246546159
16,0.11290446795331628,0.21456545228478469,0.16153772508809106,0.2748104835981731
17,0.11258902576572978,0.22579341003925285,0.17285568333515558,0.2880973698406691
18,0.11192232670208714,0.23431216014153428,0.18071873977742636,0.3006379603850762
19,0.11478226995874194,0.2411606587424957,0.18926288405946168,0.3106853562729568
20,0.1184154045936207,0.2526095135226477,0.19466068891356678,0.3259320229817844
21,0.12110132455357475,0.2596365500564294,0.2009109766003824,0.33371656315776266
22,0.1253321714158622,0.26537210284787005,0.20410180217370988,0.337145993726237
23,0.13206302278371682,0.26802440544700845,0.20378440136228185,0.34188067133781713
24,0.14056026109057707,0.272268356572837,0.20591134927944682,0.3442282779337639
25,0.14235604253952244,0.2763391882296986,0.21030639837461743,0.34823906333881494
26,0.14774247080828334,0.28205970067977804,0.21301246062010057,0.3563889801142672
27,0.15523738400621606,0.28413421881320855,0.21544594573728817,0.36827584660548013
28,0.16187505001895064,0.28977857676212593,0.22287693571005707,0.3814061408277085
29,0.17194517656932196,0.2899682015344277,0.2239680100246362,0.3905527528200149
30,0.18774565224679926,0.2934750797439511,0.22853786719338448,0.39557397860232335
31,0.19853655766346867,0.29598911657410515,0.22843908890258655,0.39977330439757847
32,0.1983419097032933,0.2992291709839663,0.22875886089698583,0.40003146591572825
33,0.19695171618802101,0.3035797891662118,0.23597682790226795,0.40160668725747944
34,0.1961186315262178,0.30605716811036937,0.2410303602908346,0.4000390395024656
35,0.20436497314314353,0.3092512412450243,0.24196968733182023,0.40962537021017636
36,0.20992035362327405,0.3119349990590771,0.2409752015447887,0.4119873893056123
37,0.22446349631677254,0.3127362053006808,0.2399194412459215,0.4069964369684855
38,0.22367350156063523,0.31712444211981716,0.23885539223445731,0.4077063125321307
39,0.22286902216089508,0.31828436613636857,0.24209855923229914,0.40339579845039913
40,0.232408382584501,0.3190479758341267,0.2410988343573633,0.411183158437446
41,0.23718705951432761,0.32041410361317085,0.24136400617886453,0.4154040116532479
42,0.2361129961479036,0.32406066798048094,0.2402332436368795,0.4112006934333109
43,0.24163401795357112,0.32611277694458374,0.23512848562456468,0.4088865352199848
44,0.24735096468983458,0.3249976917007361,0.23987925343247854,0.40388742585782716
45,0.2568423862658479,0.3295066106964924,0.2418255661865204,0.3961361338431275
46,0.25541011549853687,0.32894560419864044,0.24180497166475926,0.3878494260947356
47,0.25800665901845554,0.3313427971297671,0.2435229055613232,0.396387625086001
48,0.2656993308049461,0.3320825953960749,0.24858301394421073,0.4019415118338671
49,0.26673019534147135,0.3384149765675386,0.25106237592212166,0.40581236564002265
50,0.26768512376955633,0.33556383922428357,0.25136120418863117,0.40678463712416557
51,0.26324397553146234,0.33574632962957685,0.2560663463714965,0.4083263011641193
52,0.2618918061182647,0.3367063964529448,0.2590495136751961,0.4068179340007701
53,0.25980046433222653,0.3364456188617777,0.26405199513128896,0.4084633140705066
54,0.2572696661113824,0.3386664864865163,0.26906077000233264,0.41177449990290405
55,0.2545802765398695,0.33739358216928245,0.2697467236073978,0.4100694962815042
56,0.24994571910451413,0.3390377845841812,0.26967617771606844,0.4104758098825134
57,0.248748407020062,0.34092295030638464,0.26870548306784325,0.4165147893212455
58,0.24857323366181477,0.33813511731469037,0.26585168649865176,0.41675968980371253
59,0.2502952570286269,0.336928145956115,0.2629244705485068,0.4114482696592059
60,0.2529419140461096,0.3414346489270358,0.2592054472905066,0.42160876069881925
61,0.25660633099970653,0.3395816016930646,0.2576206565414992,0.4206419912985856
62,0.26625161323172003,0.34157456314358225,0.25850643616859115,0.42871972273567865
63,0.2644864842482762,0.3412758196712772,0.2562976008219667,0.4321031861772402
64,0.2587016372849442,0.34061378474419235,0.26256963862300225,0.43495346865873163
65,0.2568525602064604,0.3412854262587123,0.26814449137893154,0.4363918817246961
66,0.25746008470497916,0.3429427199304175,0.2730309555989645,0.435698227032131
67,0.26410646472883403,0.3465622534017051,0.2744070079236536,0.43635469810863603
68,0.2716069416493968,0.348974627865203,0.27543309848499825,0.43372114301753195
69,0.2754776008886292,0.35217415194998203,0.27391763591698554,0.4361590759230508
70,0.28753798559693816,0.35196132274287273,0.27231981975785197,0.4360891432138371
71,0.29653243722176403,0.3541821228627585,0.27417970426479715,0.4343051891651761
72,0.29950530677625115,0.3539399501988826,0.2740022913557605,0.4381935860178051
73,0.3092389049196638,0.3586215842240734,0.27453069409674746,0.44133785106906936
74,0.30129406446949486,0.3591385559941934,0.2729600555643067,0.4328598504442758
75,0.29407345803483864,0.35555096280811116,0.2680090546960757,0.4309040371511166
76,0.2948313899942242,0.3619130565358383,0.26878443493524584,0.43863443956571874
77,0.2962724270557089,0.3602801564488815,0.2724256483953423,0.44198028052087
78,0.2790402010233235,0.36009497255658235,0.27732267702696445,0.4435417220700589
79,0.28328003432264626,0.3576341494893952,0.28215708743016443,0.44695251667930036
80,0.28283139563065274,0.3596929764313409,0.28966806985606053,0.452218415009071
81,0.27461115268180963,0.36290875836874126,0.29558044685800516,0.45276764833942823
82,0.2694506371844027,0.361716847732382,0.2945723182516095,0.46179642307892305
83,0.26686962581792506,0.3640429568788467,0.29766874220947126,0.4599593771411517
84,0.2681000948554519,0.36440866537545236,0.2970969755692948,0.45627891566371825
85,0.27406740481634806,0.3668183749862689,0.2961368219377837,0.4556155022940691
86,0.28775381332416416,0.3637785850311453,0.2947171742220484,0.45197181146728976
87,0.29384120296290706,0.3665872172325425,0.2885969958071314,0.4598831448698944
88,0.29943735824611056,0.3661062542951494,0.286754610558396,0.4579150842853357
89,0.2980685402223473,0.36527651466225625,0.2802363669354606,0.46706132990702054
90,0.30067761200643817,0.36695735641964766,0.27251092622777406,0.46252688970397315
91,0.29226981845475325,0.3678178774311154,0.2667777877880467,0.46313993503388834
92,0.28274568903891156,0.36864853068117354,0.26247815130517826,0.4669341182232688
93,0.28227170830180476,0.36200970381864295,0.2572454826195565,0.47250263960171984
94,0.27731655430007807,0.36192476250887134,0.2512477231245889,0.47050748860962865
95,0.27646047906458004,0.3636098724592744,0.2459705704467925,0.4651849331465033
96,0.2796641576830241,0.3653747950296674,0.24286613517782568,0.4660910855920129
97,0.28436640874221747,0.36574130813581407,0.23858690109883474,0.4626996260723219
98,0.2774758557386121,0.3657941270974675,0.23550793513538687,0.4619002931961021
99,0.26990499931652695,0.3618129561984248,0.2383339144956115,0.4580656169738042
100,0.2670109830474724,0.35814011309127713,0.23236617849424848,0.4521646650905381
101,0.2630338182116715,0.3553886774173627,0.22879447039412423,0.4430123293300353
102,0.2568421221103079,0.35340664058257454,0.22976601217242057,0.4415041077807209
103,0.254115329422473,0.3527882914656508,0.2351799986915352,0.4481216498263577
104,0.24777799715891372,0.353127316717267,0.2392164835142087,0.45236318601407194
105,0.24645036038614274,0.354069744601047,0.23785133620355145,0.45349752067347393
106,0.24645491175298143,0.3552489295249296,0.23634426189484187,0.45735802935201364
107,0.24122456372702294,0.35605766110989995,0.2403036875660483,0.4588524306838485
108,0.24417054448223852,0.3612240344555554,0.24828474721023674,0.4640946811736667
109,0.24168594992288409,0.360702903840616,0.25460308159806616,0.45637078639873796
110,0.24336277911223475,0.3624296497918277,0.2553841475881444,0.45685197742888345
111,0.24382441593758372,0.3594399530151189,0.2585564233039053,0.4611664295963792
112,0.24044083332821448,0.360990271811932,0.25837343978918614,0.46298829328682795
113,0.23846251092951354,0.36140021151868884,0.2623924693667054,0.46685344422347286
114,0.22908629859423493,0.3585975445405444,0.26122778386444845,0.46097575973011756
115,0.22451317717046926,0.3607680234706945,0.26182189084990937,0.46507268601787743
116,0.22148862494374175,0.3634219425081834,0.25866445357650425,0.46428557246955554
117,0.21975170546236866,0.3635412013228597,0.2561165354803047,0.4693786809587399
118,0.21738286948422392,0.3677561652263738,0.251578702866877,0.47648196042059754
119,0.21236544427813372,0.36629482702537036,0.24786965296885768,0.48373186883714575
120,0.21202430776084952,0.3680650616382901,0.24951051432961804,0.48415931195616563
