component,lag,r
blue_wing,-100.0,0.17645488255530806
blue_wing,-99.0,0.17900685416538656
blue_wing,-98.0,0.18797478484208763
blue_wing,-97.0,0.1911540518000581
blue_wing,-96.0,0.1959064128060227
blue_wing,-95.0,0.20338045701173418
blue_wing,-94.0,0.20268867399209678
blue_wing,-93.0,0.21363962721944732
blue_wing,-92.0,0.21215645595671556
blue_wing,-91.0,0.20826948456844613
blue_wing,-90.0,0.2133243700088414
blue_wing,-89.0,0.21339878774917878
blue_wing,-88.0,0.21064139497027834
blue_wing,-87.0,0.20771047004072452
blue_wing,-86.0,0.21628414436725757
blue_wing,-85.0,0.22565199023697444
blue_wing,-84.0,0.23185530559891
blue_wing,-83.0,0.24718792727981054
blue_wing,-82.0,0.25509901335930146
blue_wing,-81.0,0.2636736990416575
blue_wing,-80.0,0.2720294209386298
blue_wing,-79.0,0.2784632477524287
blue_wing,-78.0,0.2881998503778235
blue_wing,-77.0,0.29939782202473675
blue_wing,-76.0,0.30217191081633155
blue_wing,-75.0,0.30927808748321994
blue_wing,-74.0,0.3179882398445504
blue_wing,-73.0,0.3300998134299625
blue_wing,-72.0,0.3451034809677174
blue_wing,-71.0,0.3572759012890827
blue_wing,-70.0,0.37247966524470777
blue_wing,-69.0,0.3780607036400744
blue_wing,-68.0,0.3907980979447776
blue_wing,-67.0,0.3977699762732615
blue_wing,-66.0,0.3992547646386861
blue_wing,-65.0,0.40661967599177196
blue_wing,-64.0,0.4091269422572542
blue_wing,-63.0,0.4169649542239893
blue_wing,-62.0,0.423015655714882
blue_wing,-61.0,0.4248763896030112
blue_wing,-60.0,0.4295200848265704
blue_wing,-59.0,0.43578490691079275
blue_wing,-58.0,0.43989455036946257
blue_wing,-57.0,0.4414028528450239
blue_wing,-56.0,0.4453448583808336
blue_wing,-55.0,0.4490242453268418
blue_wing,-54.0,0.45217798663953157
blue_wing,-53.0,0.4541612713207491
blue_wing,-52.0,0.450882387328443
blue_wing,-51.0,0.4589107406770253
blue_wing,-50.0,0.45791782714315854
blue_wing,-49.0,0.46513862833908215
blue_wing,-48.0,0.47326014669429484
blue_wing,-47.0,0.4779738456102348
blue_wing,-46.0,0.4831608238709678
blue_wing,-45.0,0.48940361413118205
blue_wing,-44.0,0.49453874002724557
blue_wing,-43.0,0.4902213110952731
blue_wing,-42.0,0.4871024610310263
blue_wing,-41.0,0.49176103184951625
blue_wing,-40.0,0.49350814713320745
blue_wing,-39.0,0.49919374092157154
blue_wing,-38.0,0.504864338713202
blue_wing,-37.0,0.5082362361649179
blue_wing,-36.0,0.515318847054044
blue_wing,-35.0,0.5236927565706722
blue_wing,-34.0,0.5209002613251033
blue_wing,-33.0,0.5276754714211942
blue_wing,-32.0,0.5257362066758109
blue_wing,-31.0,0.5267488817638877
blue_wing,-30.0,0.5217199148233547
blue_wing,-29.0,0.5296657163677974
blue_wing,-28.0,0.5371436464882375
blue_wing,-27.0,0.5419814448351827
blue_wing,-26.0,0.544514948163271
blue_wing,-25.0,0.5447864815634912
blue_wing,-24.0,0.5470848949995162
blue_wing,-23.0,0.5482517408755888
blue_wing,-22.0,0.5536656718672
blue_wing,-21.0,0.559567925132391
blue_wing,-20.0,0.5621357264631722
blue_wing,-19.0,0.5588614428363416
blue_wing,-18.0,0.561602723792348
blue_wing,-17.0,0.5678017847809917
blue_wing,-16.0,0.5742232688469783
blue_wing,-15.0,0.575748392305773
blue_wing,-14.0,0.5889074225935013
blue_wing,-13.0,0.5958431601753498
blue_wing,-12.0,0.603134113677174
blue_wing,-11.0,0.6050095682987995
blue_wing,-10.0,0.6170981110170553
blue_wing,-9.0,0.6277922939494545
blue_wing,-8.0,0.6396202685848564
blue_wing,-7.0,0.6478315206427508
blue_wing,-6.0,0.6536666772436273
blue_wing,-5.0,0.6672472986781601
blue_wing,-4.0,0.6694166416643128
blue_wing,-3.0,0.6784093990940744
blue_wing,-2.0,0.688780501170662
blue_wing,-1.0,0.6968349112125742
blue_wing,0.0,0.7091402183998665
blue_wing,1.0,0.7187207099239485
blue_wing,2.0,0.724335101513705
blue_wing,3.0,0.733654169438634
blue_wing,4.0,0.7376882490025284
blue_wing,5.0,0.744990725536542
blue_wing,6.0,0.7522913123256136
blue_wing,7.0,0.7597103687236267
blue_wing,8.0,0.7700858194210558
blue_wing,9.0,0.779335121141308
blue_wing,10.0,0.7867560947295498
blue_wing,11.0,0.7931015952907585
blue_wing,12.0,0.7974661376373093
blue_wing,13.0,0.8006527399337958
blue_wing,14.0,0.8069117812695512
blue_wing,15.0,0.8112406104676548
blue_wing,16.0,0.8122496829423845
blue_wing,17.0,0.8121281279668795
blue_wing,18.0,0.8139658246727877
blue_wing,19.0,0.8147916466907101
blue_wing,20.0,0.8143010299550026
blue_wing,21.0,0.8128660557173559
blue_wing,22.0,0.8140320453949946
blue_wing,23.0,0.8123046603099708
blue_wing,24.0,0.8076244052316712
blue_wing,25.0,0.8025873473075591
blue_wing,26.0,0.799831696713257
blue_wing,27.0,0.7972542483204472
blue_wing,28.0,0.7934233818052467
blue_wing,29.0,0.7897611458130529
blue_wing,30.0,0.7830723493390428
blue_wing,31.0,0.7769127810963793
blue_wing,32.0,0.765714093501799
blue_wing,33.0,0.7589365232236567
blue_wing,34.0,0.7466552069105354
blue_wing,35.0,0.7336166687346904
blue_wing,36.0,0.7267068886142566
blue_wing,37.0,0.719694477108995
blue_wing,38.0,0.710626404461169
blue_wing,39.0,0.7023580804612983
blue_wing,40.0,0.6911670023524854
blue_wing,41.0,0.6842864186922842
blue_wing,42.0,0.6781338279005187
blue_wing,43.0,0.6735650416694501
blue_wing,44.0,0.665391646667975
blue_wing,45.0,0.6542470419525478
blue_wing,46.0,0.6419876298507491
blue_wing,47.0,0.6313057991192037
blue_wing,48.0,0.6183385617641957
blue_wing,49.0,0.6103438025317851
blue_wing,50.0,0.6142560989703629
blue_wing,51.0,0.6132612364686096
blue_wing,52.0,0.6057007194235253
blue_wing,53.0,0.5976977743022641
blue_wing,54.0,0.5915295994026761
blue_wing,55.0,0.5793339431171035
blue_wing,56.0,0.5764795993263341
blue_wing,57.0,0.5744000453958703
blue_wing,58.0,0.5691772339222511
blue_wing,59.0,0.5643169002851649
blue_wing,60.0,0.557148983569518
blue_wing,61.0,0.5478220776184339
blue_wing,62.0,0.5423931429514921
blue_wing,63.0,0.533893986000606
blue_wing,64.0,0.5284601652070737
blue_wing,65.0,0.5209629922056295
blue_wing,66.0,0.5140275480913961
blue_wing,67.0,0.5090071968668903
blue_wing,68.0,0.5056840460483736
blue_wing,69.0,0.4911723375162484
blue_wing,70.0,0.48227465604699604
blue_wing,71.0,0.47617454444965746
blue_wing,72.0,0.46517800948311927
blue_wing,73.0,0.46082398898407395
blue_wing,74.0,0.4562265209766115
blue_wing,75.0,0.45091241806815846
blue_wing,76.0,0.44508765192005395
blue_wing,77.0,0.43912937428839427
blue_wing,78.0,0.43601400288528025
blue_wing,79.0,0.42752858455758996
blue_wing,80.0,0.4174790757250547
blue_wing,81.0,0.41166976472117256
blue_wing,82.0,0.3975521450608932
blue_wing,83.0,0.3936852032383219
blue_wing,84.0,0.3888944608466548
blue_wing,85.0,0.3803921033510109
blue_wing,86.0,0.37565372941070563
blue_wing,87.0,0.3685750758192383
blue_wing,88.0,0.3660672954787402
blue_wing,89.0,0.36490900628907513
blue_wing,90.0,0.3574363358759147
blue_wing,91.0,0.34592572705671154
blue_wing,92.0,0.3407748351327343
blue_wing,93.0,0.32874546166471597
blue_wing,94.0,0.322284769181883
blue_wing,95.0,0.3172016139797176
blue_wing,96.0,0.3100726269604855
blue_wing,97.0,0.3118890016250317
blue_wing,98.0,0.3071352548882758
blue_wing,99.0,0.30266373081960557
blue_wing,100.0,0.30260839672357165
blue_wing,101.0,0.30489819151766745
blue_wing,102.0,0.30672022783663144
blue_wing,103.0,0.30595798177626765
blue_wing,104.0,0.3090306905386716
blue_wing,105.0,0.3076748092234778
blue_wing,106.0,0.30075660880177746
blue_wing,107.0,0.2962578829480456
blue_wing,108.0,0.2902804611197813
blue_wing,109.0,0.28259826687103506
blue_wing,110.0,0.27876920612920353
blue_wing,111.0,0.2764553724453704
blue_wing,112.0,0.2724878859784037
blue_wing,113.0,0.26924642953520694
blue_wing,114.0,0.26732828639278783
blue_wing,115.0,0.267049642188228
blue_wing,116.0,0.265373648375708
blue_wing,117.0,0.259520834741757
blue_wing,118.0,0.25524768617067084
blue_wing,119.0,0.2469585552450455
blue_wing,120.0,0.2404643899978829
blue_wing,121.0,0.23457330883086702
blue_wing,122.0,0.22913039462245477
blue_wing,123.0,0.22177434546720143
blue_wing,124.0,0.2148415174587044
blue_wing,125.0,0.20660254927371918
blue_wing,126.0,0.1995547581794551
blue_wing,127.0,0.19041836562480388
blue_wing,128.0,0.18629049082089044
blue_wing,129.0,0.18368928475745144
blue_wing,130.0,0.17538735095269242
blue_wing,131.0,0.16846073545380272
blue_wing,132.0,0.1641794022533351
blue_wing,133.0,0.15893653936811863
blue_wing,134.0,0.1492717734217739
blue_wing,135.0,0.14130974375238556
blue_wing,136.0,0.13634169163870585
blue_wing,137.0,0.1337184803238557
blue_wing,138.0,0.12523817835065046
blue_wing,139.0,0.12181971222597149
blue_wing,140.0,0.1154922399136191
blue_wing,141.0,0.105708780922639
blue_wing,142.0,0.0943620675468202
blue_wing,143.0,0.0814878537328482
blue_wing,144.0,0.0774748957367545
blue_wing,145.0,0.06838015898503602
blue_wing,146.0,0.057801282626210454
blue_wing,147.0,0.051562221236027696
blue_wing,148.0,0.04442622000871749
blue_wing,149.0,0.04007024525979441
blue_wing,150.0,0.027282705129069697
blue_wing,151.0,0.018912525403520015
blue_wing,152.0,0.004976639072845904
blue_wing,153.0,0.00394244008264447
blue_wing,154.0,-0.0005931972568770545
blue_wing,155.0,-0.0021142898387096973
blue_wing,156.0,-0.0016479502008584362
blue_wing,157.0,-0.005566953101447267
blue_wing,158.0,-0.007125793033256497
blue_wing,159.0,-0.00742223545959592
blue_wing,160.0,-0.005514520157513768
blue_wing,161.0,-0.0009830799779013653
blue_wing,162.0,-0.0001893500008641573
blue_wing,163.0,-0.004415222974932215
blue_wing,164.0,-0.006633208587861043
blue_wing,165.0,-0.007406508746752048
blue_wing,166.0,-0.007655036722369456
blue_wing,167.0,-0.010110665154865583
blue_wing,168.0,-0.010910775930950314
blue_wing,169.0,-0.017808168574194642
blue_wing,170.0,-0.015283224769885712
blue_wing,171.0,-0.017796948172896378
blue_wing,172.0,-0.018932439289201804
blue_wing,173.0,-0.02007857896995886
blue_wing,174.0,-0.022833909687583285
blue_wing,175.0,-0.027660380428055464
blue_wing,176.0,-0.033585965871326534
blue_wing,177.0,-0.038672546935397525
blue_wing,178.0,-0.0421585007389077
blue_wing,179.0,-0.04984089020455103
blue_wing,180.0,-0.05242666707774495
blue_wing,181.0,-0.053391831234927835
blue_wing,182.0,-0.05701270616775629
blue_wing,183.0,-0.06102599254893958
blue_wing,184.0,-0.06684321110343995
blue_wing,185.0,-0.07553067375239786
blue_wing,186.0,-0.07714388296249405
blue_wing,187.0,-0.08078443918611458
blue_wing,188.0,-0.08700816946741685
blue_wing,189.0,-0.0938296558274655
blue_wing,190.0,-0.09943005599553036
blue_wing,191.0,-0.1045049567814218
blue_wing,192.0,-0.11023095462854501
blue_wing,193.0,-0.11685358540801186
blue_wing,194.0,-0.12527922274474576
blue_wing,195.0,-0.1319337033257177
blue_wing,196.0,-0.138537341268857
blue_wing,197.0,-0.14456967461298498
blue_wing,198.0,-0.14586418302929738
blue_wing,199.0,-0.14785070974709286
blue_wing,200.0,-0.1541132582527967
core,-100.0,0.1408187145204479
core,-99.0,0.14215873279695515
core,-98.0,0.154972269412023
core,-97.0,0.16054662594178049
core,-96.0,0.16954513013055794
core,-95.0,0.18552149931523554
core,-94.0,0.17728324708535373
core,-93.0,0.1845485022526523
core,-92.0,0.18135991387771266
core,-91.0,0.17140906463351294
core,-90.0,0.17884436770528728
core,-89.0,0.1807823347627018
core,-88.0,0.18198012125938362
core,-87.0,0.1806859323754852
core,-86.0,0.19666408696995538
core,-85.0,0.20518284486879063
core,-84.0,0.22059874220360098
core,-83.0,0.24660237654965744
core,-82.0,0.2645098200856133
core,-81.0,0.2787638446453885
core,-80.0,0.2890022925555161
core,-79.0,0.2980004966737065
core,-78.0,0.31630311031104774
core,-77.0,0.33266890296947393
core,-76.0,0.34108282782246235
core,-75.0,0.3546080920282896
core,-74.0,0.36756780418982704
core,-73.0,0.38183331613670385
core,-72.0,0.4013588879238488
core,-71.0,0.4175165657639279
core,-70.0,0.4351881379750227
core,-69.0,0.44950540547156836
core,-68.0,0.46504593187179166
core,-67.0,0.4746963610499152
core,-66.0,0.4752056460437389
core,-65.0,0.4805547875392724
core,-64.0,0.4824854315246819
core,-63.0,0.48548846078316504
core,-62.0,0.49125483331040887
core,-61.0,0.49443199290703116
core,-60.0,0.5004585314479942
core,-59.0,0.5090925574323135
core,-58.0,0.5146860596707677
core,-57.0,0.5174061264054673
core,-56.0,0.5215322790845034
core,-55.0,0.5271378421292446
core,-54.0,0.5262633938477251
core,-53.0,0.5279405723598187
core,-52.0,0.5194635739926776
core,-51.0,0.52190008753899
core,-50.0,0.5229803591111528
core,-49.0,0.5332523051871634
core,-48.0,0.5420721493313119
core,-47.0,0.5467883682347454
core,-46.0,0.5466528689234461
core,-45.0,0.5505520492434173
core,-44.0,0.5522262972070914
core,-43.0,0.5421811331349317
core,-42.0,0.5315325334633333
core,-41.0,0.5402125574371951
core,-40.0,0.5410415224599292
core,-39.0,0.5514916442114766
core,-38.0,0.5581015869107404
core,-37.0,0.5603100665005813
core,-36.0,0.5668332759535605
core,-35.0,0.5714377146544733
core,-34.0,0.568190331896171
core,-33.0,0.5736403514448722
core,-32.0,0.5690561498399659
core,-31.0,0.569322015078552
core,-30.0,0.5657653434436134
core,-29.0,0.5680368763293756
core,-28.0,0.5741004349489016
core,-27.0,0.5766664790531533
core,-26.0,0.582772954642692
core,-25.0,0.5878321671713833
core,-24.0,0.5924113875314542
core,-23.0,0.5952335586851644
core,-22.0,0.6039163160769009
core,-21.0,0.6097694408159084
core,-20.0,0.617662800325939
core,-19.0,0.6188199253748972
core,-18.0,0.6249116472981768
core,-17.0,0.6349252170554911
core,-16.0,0.6426647538176289
core,-15.0,0.6499373345603701
core,-14.0,0.6653493746323595
core,-13.0,0.673196353746785
core,-12.0,0.6810512235269295
core,-11.0,0.6865492574834742
core,-10.0,0.6966375846847486
core,-9.0,0.7064179149733757
core,-8.0,0.7137975425842926
core,-7.0,0.722015861741964
core,-6.0,0.7331367166130611
core,-5.0,0.7472119256959736
core,-4.0,0.7525969393695646
core,-3.0,0.7584020160247835
core,-2.0,0.770861085428026
core,-1.0,0.7829845075379478
core,0.0,0.7922183760444151
core,1.0,0.8035407692579148
core,2.0,0.8106741829525985
core,3.0,0.8144219337702305
core,4.0,0.8226281101547037
core,5.0,0.8329636482592598
core,6.0,0.8367607381561556
core,7.0,0.8446449298152809
core,8.0,0.8521919276120893
core,9.0,0.8574509839089093
core,10.0,0.8629976838181235
core,11.0,0.8674056823900641
core,12.0,0.8697888651842047
core,13.0,0.8744596555323405
core,14.0,0.8760916097064733
core,15.0,0.8778481597897302
core,16.0,0.8765270253532014
core,17.0,0.873205360476872
core,18.0,0.87402510007798
core,19.0,0.8744626240721936
core,20.0,0.8751590418695183
core,21.0,0.8776778118765174
core,22.0,0.8797309228038499
core,23.0,0.878045741248101
core,24.0,0.8765866625035781
core,25.0,0.8717412535460363
core,26.0,0.8699093774228803
core,27.0,0.8664297748266143
core,28.0,0.8634883826048033
core,29.0,0.8612654888978939
core,30.0,0.8574711504696071
core,31.0,0.8520770653003256
core,32.0,0.8460968884212063
core,33.0,0.8403710791606438
core,34.0,0.8343586512134509
core,35.0,0.8275564454369069
core,36.0,0.8200591461894927
core,37.0,0.8140127146927946
core,38.0,0.8091010632645002
core,39.0,0.8022527706796698
core,40.0,0.7916994900463341
core,41.0,0.7875903528615165
core,42.0,0.7820878191356673
core,43.0,0.7806472298534373
core,44.0,0.7732854113296406
core,45.0,0.7662525820487706
core,46.0,0.7591017955037667
core,47.0,0.752729014860152
core,48.0,0.7431714783469379
core,49.0,0.7355570661836472
core,50.0,0.7364624196019671
core,51.0,0.7353648985877095
core,52.0,0.7265509718133989
core,53.0,0.7181003328591848
core,54.0,0.7102101507064144
core,55.0,0.6999037642986814
core,56.0,0.6972202277075346
core,57.0,0.6919051598916385
core,58.0,0.684281087517303
core,59.0,0.6783991672335898
core,60.0,0.6723725898232585
core,61.0,0.6613475999225517
core,62.0,0.6580733422937268
core,63.0,0.6513396878937012
core,64.0,0.6471217257748179
core,65.0,0.6381784950244744
core,66.0,0.6323936490832784
core,67.0,0.6274585991156749
core,68.0,0.6208375960724479
core,69.0,0.6065771215463897
core,70.0,0.5990081109983344
core,71.0,0.5923553234807771
core,72.0,0.5848102780072
core,73.0,0.5816135087780449
core,74.0,0.5772768433685378
core,75.0,0.5744248076188423
core,76.0,0.5689006329549959
core,77.0,0.5636694924426178
core,78.0,0.5619769916279549
core,79.0,0.5537689332345809
core,80.0,0.5447546123039686
core,81.0,0.5409474491569344
core,82.0,0.527531007787759
core,83.0,0.5241030498325634
core,84.0,0.5192178825862656
core,85.0,0.5124600384872972
core,86.0,0.5117819263305601
core,87.0,0.5061001485435006
core,88.0,0.5055950721562139
core,89.0,0.5121382712724156
core,90.0,0.507973529767361
core,91.0,0.5007907496739983
core,92.0,0.5014466235163556
core,93.0,0.4909884312962682
core,94.0,0.4905518534317004
core,95.0,0.48766134080588996
core,96.0,0.4847424919858862
core,97.0,0.4877400174979307
core,98.0,0.48607351387101416
core,99.0,0.48636167808716124
core,100.0,0.4901297194266573
core,101.0,0.49444429081138397
core,102.0,0.4987862061982125
core,103.0,0.49916406622649434
core,104.0,0.5002939570464787
core,105.0,0.49865944253448946
core,106.0,0.4916295572310714
core,107.0,0.4862411446585458
core,108.0,0.48167928971905905
core,109.0,0.4747053848944005
core,110.0,0.4709086176180701
core,111.0,0.4678678480448265
core,112.0,0.4683640329645784
core,113.0,0.46984910844052385
core,114.0,0.46801632712795643
core,115.0,0.46705487507037025
core,116.0,0.46240672921567444
core,117.0,0.45456328560497855
core,118.0,0.44815847452387686
core,119.0,0.4401405556577963
core,120.0,0.4328749947661772
core,121.0,0.42849854999339737
core,122.0,0.42567443816086475
core,123.0,0.4226750508913628
core,124.0,0.4202902874119583
core,125.0,0.41413097563525547
core,126.0,0.40932239208685006
core,127.0,0.40108818548365277
core,128.0,0.3961498319939081
core,129.0,0.3940211005279447
core,130.0,0.3832626408712584
core,131.0,0.37779770175774696
core,132.0,0.37464197132590893
core,133.0,0.37365026202008006
core,134.0,0.37014087227497716
core,135.0,0.3649640479826817
core,136.0,0.36044168675407284
core,137.0,0.3568081024210826
core,138.0,0.34936153336941456
core,139.0,0.3472477444055478
core,140.0,0.3419271469253794
core,141.0,0.33354933100169865
core,142.0,0.32351855321703704
core,143.0,0.31076442428470874
core,144.0,0.3070867345666627
core,145.0,0.2992708823450767
core,146.0,0.29156908784079333
core,147.0,0.28736390369867043
core,148.0,0.28435551292548855
core,149.0,0.2818878130705007
core,150.0,0.2777845373237056
core,151.0,0.2742857656003888
core,152.0,0.2582527634385204
core,153.0,0.25957104602995784
core,154.0,0.25903597609432993
core,155.0,0.25392858912272975
core,156.0,0.2564202531692604
core,157.0,0.25330090510097814
core,158.0,0.25285538572247457
core,159.0,0.256682413150135
core,160.0,0.2597041854327793
core,161.0,0.2645236739748526
core,162.0,0.26245157587399676
core,163.0,0.2564139771215671
core,164.0,0.25286233459963764
core,165.0,0.2519168630501745
core,166.0,0.251413244003928
core,167.0,0.24489126519951973
core,168.0,0.23980584929784365
core,169.0,0.2320837550963721
core,170.0,0.2325798231499946
core,171.0,0.2294408604986791
core,172.0,0.2274190636418168
core,173.0,0.22213865730206758
core,174.0,0.21928284470390574
core,175.0,0.2142109299719715
core,176.0,0.20714797126558912
core,177.0,0.203626348437053
core,178.0,0.19850456191591245
core,179.0,0.19035782471339305
core,180.0,0.1853859090035619
core,181.0,0.18272288173547013
core,182.0,0.1792302978627005
core,183.0,0.1778490343863659
core,184.0,0.16952808033446287
core,185.0,0.16050062859351005
core,186.0,0.15859376024659472
core,187.0,0.15295565195732116
core,188.0,0.14782363652174235
core,189.0,0.13964764658441317
core,190.0,0.1335787947302515
core,191.0,0.13067317447871923
core,192.0,0.12517407888793464
core,193.0,0.12106052851403143
core,194.0,0.11122693230679634
core,195.0,0.10479999117935339
core,196.0,0.09826335750965819
core,197.0,0.08900428873589371
core,198.0,0.0840936097276836
core,199.0,0.08096039802758573
core,200.0,0.07410640247272722
red_wing,-100.0,-0.008843547477399115
red_wing,-99.0,-0.0043711172451302675
red_wing,-98.0,0.004874073962711396
red_wing,-97.0,0.009333961341493571
red_wing,-96.0,0.016620171611535426
red_wing,-95.0,0.030903424601704386
red_wing,-94.0,0.02897355213901519
red_wing,-93.0,0.027572638396208306
red_wing,-92.0,0.024664957208352635
red_wing,-91.0,0.019241465539532574
red_wing,-90.0,0.026064443790985305
red_wing,-89.0,0.03766274121489091
red_wing,-88.0,0.038561134742572126
red_wing,-87.0,0.03878468886637987
red_wing,-86.0,0.051705512703808576
red_wing,-85.0,0.055391226573075755
red_wing,-84.0,0.06929038974319993
red_wing,-83.0,0.08661599708483436
red_wing,-82.0,0.0958654063881833
red_wing,-81.0,0.10510101465503627
red_wing,-80.0,0.10780878462932389
red_wing,-79.0,0.11537243080312899
red_wing,-78.0,0.1331512570927835
red_wing,-77.0,0.1447746922565098
red_wing,-76.0,0.14996741161333943
red_wing,-75.0,0.1616298917927666
red_wing,-74.0,0.17351132186354806
red_wing,-73.0,0.18874667157917566
red_wing,-72.0,0.20317267959540036
red_wing,-71.0,0.21850801823110833
red_wing,-70.0,0.23519448756825628
red_wing,-69.0,0.24604411606978985
red_wing,-68.0,0.2631242538943044
red_wing,-67.0,0.2726591914837267
red_wing,-66.0,0.2756191881982398
red_wing,-65.0,0.27717751371485966
red_wing,-64.0,0.2834011975997473
red_wing,-63.0,0.2872513585053339
red_wing,-62.0,0.29589230660798804
red_wing,-61.0,0.30271254378904644
red_wing,-60.0,0.30741960893802184
red_wing,-59.0,0.31176962928739094
red_wing,-58.0,0.3136620230104179
red_wing,-57.0,0.3151091164597805
red_wing,-56.0,0.3152353016861382
red_wing,-55.0,0.3198930453112637
red_wing,-54.0,0.3187399191247362
red_wing,-53.0,0.32439681139872084
red_wing,-52.0,0.32101197789574853
red_wing,-51.0,0.32237207340889096
red_wing,-50.0,0.32261824151947727
red_wing,-49.0,0.3340368998939529
red_wing,-48.0,0.3384902959842413
red_wing,-47.0,0.3395713142053357
red_wing,-46.0,0.34056716772021317
red_wing,-45.0,0.3423345611846639
red_wing,-44.0,0.34184483563595935
red_wing,-43.0,0.33233982836604486
red_wing,-42.0,0.326453826600719
red_wing,-41.0,0.3359614484158405
red_wing,-40.0,0.33894412442785754
red_wing,-39.0,0.3503151365618753
red_wing,-38.0,0.3515881728148445
red_wing,-37.0,0.3503605420561883
red_wing,-36.0,0.35515410284259263
red_wing,-35.0,0.35716841916750786
red_wing,-34.0,0.3567541810855095
red_wing,-33.0,0.36044507677533644
red_wing,-32.0,0.35618830781154376
red_wing,-31.0,0.35718775960056337
red_wing,-30.0,0.3535635258389931
red_wing,-29.0,0.3473810237429437
red_wing,-28.0,0.34832007459113884
red_wing,-27.0,0.34684554375189425
red_wing,-26.0,0.35071398464981696
red_wing,-25.0,0.35442378748564995
red_wing,-24.0,0.3516980686303829
red_wing,-23.0,0.354573027257115
red_wing,-22.0,0.3620848896964561
red_wing,-21.0,0.3673774946170021
red_wing,-20.0,0.3729664298476226
red_wing,-19.0,0.37074913559470796
red_wing,-18.0,0.37252167331390146
red_wing,-17.0,0.3732087642594606
red_wing,-16.0,0.38019258739431655
red_wing,-15.0,0.38837472560285047
red_wing,-14.0,0.4034304002874683
red_wing,-13.0,0.41492192406680584
red_wing,-12.0,0.4235820461673142
red_wing,-11.0,0.43153273776549184
red_wing,-10.0,0.4414804142069479
red_wing,-9.0,0.4464958548781831
red_wing,-8.0,0.4493372009631307
red_wing,-7.0,0.46240556415335576
red_wing,-6.0,0.4747043117126629
red_wing,-5.0,0.48784415702273454
red_wing,-4.0,0.48939476441327145
red_wing,-3.0,0.4953826601836169
red_wing,-2.0,0.5064363066618722
red_wing,-1.0,0.5211623015184792
red_wing,0.0,0.5244204357635873
red_wing,1.0,0.5342298518018656
red_wing,2.0,0.5405569187779649
red_wing,3.0,0.5491175313248141
red_wing,4.0,0.5578787440913691
red_wing,5.0,0.5714984453038621
red_wing,6.0,0.5756000266043169
red_wing,7.0,0.587618140832209
red_wing,8.0,0.5926479150723626
red_wing,9.0,0.5930010365629337
red_wing,10.0,0.591723525720041
red_wing,11.0,0.5956873560400839
red_wing,12.0,0.5939809329129213
red_wing,13.0,0.5982877445314104
red_wing,14.0,0.5995367904707904
red_wing,15.0,0.6002142760095943
red_wing,16.0,0.5958399309942491
red_wing,17.0,0.5923760892816805
red_wing,18.0,0.5961831083097279
red_wing,19.0,0.5942726133966895
red_wing,20.0,0.5908263360361168
red_wing,21.0,0.594273723708715
red_wing,22.0,0.590097303502215
red_wing,23.0,0.5871748998116666
red_wing,24.0,0.5842887686149467
red_wing,25.0,0.5792046414596326
red_wing,26.0,0.5717467454717491
red_wing,27.0,0.5735169889706664
red_wing,28.0,0.5785902661415322
red_wing,29.0,0.5810518482312441
red_wing,30.0,0.5771028810032112
red_wing,31.0,0.5778947285569328
red_wing,32.0,0.5758704377622048
red_wing,33.0,0.5744191643225591
red_wing,34.0,0.5723329076464968
red_wing,35.0,0.5692553761291251
red_wing,36.0,0.5645650331550238
red_wing,37.0,0.5645169349766006
red_wing,38.0,0.5629449013700069
red_wing,39.0,0.5581713273939
red_wing,40.0,0.5489907467358546
red_wing,41.0,0.5477673235911151
red_wing,42.0,0.546117421057172
red_wing,43.0,0.545343440545378
red_wing,44.0,0.5417482635080806
red_wing,45.0,0.538846130736187
red_wing,46.0,0.5394363659033512
red_wing,47.0,0.5408599499549526
red_wing,48.0,0.5378078056257989
red_wing,49.0,0.5334701027927018
red_wing,50.0,0.5414065989434723
red_wing,51.0,0.5463951734402936
red_wing,52.0,0.5400731254872329
red_wing,53.0,0.5352188629935584
red_wing,54.0,0.5304110825647339
red_wing,55.0,0.5198236945841517
red_wing,56.0,0.5224160558766404
red_wing,57.0,0.5215680643908206
red_wing,58.0,0.5170176303409962
red_wing,59.0,0.5138763615892352
red_wing,60.0,0.508864123560117
red_wing,61.0,0.501531793564155
red_wing,62.0,0.5009464169367749
red_wing,63.0,0.5043467466818976
red_wing,64.0,0.5019408841214366
red_wing,65.0,0.4935458131417577
red_wing,66.0,0.4901394982149393
red_wing,67.0,0.4890428776659345
red_wing,68.0,0.48139167633493857
red_wing,69.0,0.4719819886904122
red_wing,70.0,0.46903434610033884
red_wing,71.0,0.46648875490531405
red_wing,72.0,0.4655063607122457
red_wing,73.0,0.46808480542995173
red_wing,74.0,0.46886341037824664
red_wing,75.0,0.4671522126691737
red_wing,76.0,0.46580212699784
red_wing,77.0,0.46186971082545936
red_wing,78.0,0.4624897497362722
red_wing,79.0,0.4573542833509321
red_wing,80.0,0.447799406497595
red_wing,81.0,0.44363559076891235
red_wing,82.0,0.429667946642201
red_wing,83.0,0.4269849247397035
red_wing,84.0,0.42530620118478313
red_wing,85.0,0.41939265483488297
red_wing,86.0,0.41972292106302594
red_wing,87.0,0.4138185089604445
red_wing,88.0,0.4161167315002093
red_wing,89.0,0.4233289865569848
red_wing,90.0,0.4236756114013651
red_wing,91.0,0.4213577333828086
red_wing,92.0,0.42193379691498917
red_wing,93.0,0.41789211219345135
red_wing,94.0,0.42160943688200103
red_wing,95.0,0.42145650382794353
red_wing,96.0,0.42463327768776116
red_wing,97.0,0.4318223126660757
red_wing,98.0,0.43242828648842196
red_wing,99.0,0.4350842253918027
red_wing,100.0,0.44132913722709965
red_wing,101.0,0.445725968595034
red_wing,102.0,0.450537033559173
red_wing,103.0,0.4529110508237053
red_wing,104.0,0.45243707142479683
red_wing,105.0,0.4492578403318114
red_wing,106.0,0.45087182459575975
red_wing,107.0,0.4494970899375176
red_wing,108.0,0.44650489757945067
red_wing,109.0,0.44331591460840547
red_wing,110.0,0.4384565564828461
red_wing,111.0,0.43076515230737283
red_wing,112.0,0.4311528419787576
red_wing,113.0,0.4297952433273844
red_wing,114.0,0.43133722112666106
red_wing,115.0,0.43038654456742936
red_wing,116.0,0.42767076953985694
red_wing,117.0,0.4150963022376505
red_wing,118.0,0.4135875745506472
red_wing,119.0,0.40994740441742794
red_wing,120.0,0.4075195587999468
red_wing,121.0,0.40282721607753724
red_wing,122.0,0.4027824607814702
red_wing,123.0,0.40223885548171134
red_wing,124.0,0.3994027425517378
red_wing,125.0,0.3934707147154153
red_wing,126.0,0.3909150909413257
red_wing,127.0,0.38431567647489484
red_wing,128.0,0.377379860593045
red_wing,129.0,0.37671393690974264
red_wing,130.0,0.3696128733360957
red_wing,131.0,0.36404854966486655
red_wing,132.0,0.36368596872157266
red_wing,133.0,0.3632205587952595
red_wing,134.0,0.3603998758923507
red_wing,135.0,0.35451810281263246
red_wing,136.0,0.34939033621618665
red_wing,137.0,0.343712482394855
red_wing,138.0,0.3339291525382405
red_wing,139.0,0.3334509352320192
red_wing,140.0,0.330103237168185
red_wing,141.0,0.32186234497458915
red_wing,142.0,0.31062945864512037
red_wing,143.0,0.31020566510687436
red_wing,144.0,0.3094843907992245
red_wing,145.0,0.3048733921482506
red_wing,146.0,0.3020777574340392
red_wing,147.0,0.3016185058831094
red_wing,148.0,0.29989746822504243
red_wing,149.0,0.3026513997474254
red_wing,150.0,0.3021599426011185
red_wing,151.0,0.30102048890237737
red_wing,152.0,0.29150261163085994
red_wing,153.0,0.29441334288843757
red_wing,154.0,0.2925377948862199
red_wing,155.0,0.2934860502632542
red_wing,156.0,0.29432979673398413
red_wing,157.0,0.28879419194788764
red_wing,158.0,0.2898720104117142
red_wing,159.0,0.2883587087620617
red_wing,160.0,0.2884727804016864
red_wing,161.0,0.28950131425538933
red_wing,162.0,0.2885085982960279
red_wing,163.0,0.28480414744402777
red_wing,164.0,0.28253605459860703
red_wing,165.0,0.27925134678087005
red_wing,166.0,0.27492995483480664
red_wing,167.0,0.2702456670113352
red_wing,168.0,0.26173572971371006
red_wing,169.0,0.25147177173855495
red_wing,170.0,0.2514235599290059
red_wing,171.0,0.2490049201274749
red_wing,172.0,0.24913495720822554
red_wing,173.0,0.24205746429820843
red_wing,174.0,0.2388996360394905
red_wing,175.0,0.2318470900024702
red_wing,176.0,0.2248283008700276
red_wing,177.0,0.22388171224051512
red_wing,178.0,0.22256702302238365
red_wing,179.0,0.21697142055751198
red_wing,180.0,0.21296916295015322
red_wing,181.0,0.210908146483825
red_wing,182.0,0.20341116369752568
red_wing,183.0,0.20519982098603815
red_wing,184.0,0.19739825233045816
red_wing,185.0,0.19252421788888224
red_wing,186.0,0.1938045683926509
red_wing,187.0,0.19244183585977773
red_wing,188.0,0.18676897523913455
red_wing,189.0,0.17982919241810416
red_wing,190.0,0.1773507228764329
red_wing,191.0,0.1758310332617275
red_wing,192.0,0.1721018662529761
red_wing,193.0,0.17313152230336945
red_wing,194.0,0.16428724790416407
red_wing,195.0,0.15860957286595306
red_wing,196.0,0.152631173418989
red_wing,197.0,0.14526530665471035
red_wing,198.0,0.1384284459469208
red_wing,199.0,0.13513696768142114
red_wing,200.0,0.13689589749468722
