lag,k,cmi_nats
1,3,0.15493049003623194
1,5,0.11146382481982964
1,10,0.06203975353837876
2,3,0.33980100356516885
2,5,0.23999272556708973
2,10,0.13278662385308548
3,3,0.49565593258764334
3,5,0.34808556843954586
3,10,0.20226289027811184
4,3,0.637533331641937
4,5,0.4474995976491436
4,10,0.2664437857252129
5,3,0.7607479987509806
5,5,0.5414482285286049
5,10,0.32971484575692567
6,3,0.8455294027950842
6,5,0.6329090923839272
6,10,0.39043604578382785
7,3,0.9236285845849115
7,5,0.7054642952910988
7,10,0.45226726797071204
8,3,0.9952546329271892
8,5,0.7776315451408432
8,10,0.5049027973122573
9,3,1.0562875154995965
9,5,0.8411010837141132
9,10,0.5542449892238985
10,3,1.1068581881453747
10,5,0.9005168878033561
10,10,0.604842779921184
11,3,1.1455871798008839
11,5,0.9388822924401686
11,10,0.6523518494561777
12,3,1.171666865394363
12,5,0.955441908429226
12,10,0.6878856140255418
13,3,1.1945573856557754
13,5,0.9834307671765735
13,10,0.7106397602413523
14,3,1.208856207785973
14,5,1.0022779679582328
14,10,0.725251894567869
15,3,1.2230278645722403
15,5,1.0165774453638443
15,10,0.7373299422730355
16,3,1.2392107405776578
16,5,1.040091790942998
16,10,0.7516381660102387
17,3,1.2608556750383613
17,5,1.06670795443917
17,10,0.7680994803193306
18,3,1.277518319769542
18,5,1.0858471470307032
18,10,0.7846769447177351
19,3,1.2873574538163155
19,5,1.0884956520940057
19,10,0.8073352827889919
20,3,1.3054325295035445
20,5,1.1082102292699743
20,10,0.8222707918592933
21,3,1.328825899806475
21,5,1.1215033525641669
21,10,0.8277158959516033
22,3,1.344192454857435
22,5,1.1319225735805372
22,10,0.8350925047281765
23,3,1.3517499348796616
23,5,1.1444080447436562
23,10,0.8424191276696684
24,3,1.361559834334657
24,5,1.1537956347509315
24,10,0.8522300570157944
25,3,1.372675054501081
25,5,1.1550032999804198
25,10,0.8551105541679533
26,3,1.377990681118011
26,5,1.162107424407619
26,10,0.853315227583574
27,3,1.3813744968994146
27,5,1.1714221721125613
27,10,0.8554247054384949
28,3,1.3843312147720233
28,5,1.1757599094043594
28,10,0.8596514209474304
29,3,1.4021250275706834
29,5,1.1920580432095114
29,10,0.8629700520096817
30,3,1.4197805401520556
30,5,1.20601096774954
30,10,0.8664836496809112
31,3,1.4367442000265993
31,5,1.2199378340224425
31,10,0.8689455450803794
32,3,1.4388479836722334
32,5,1.226836050398493
32,10,0.8824748414806678
33,3,1.4416070591213108
33,5,1.228439961925829
33,10,0.8959581833146806
34,3,1.4603308480626214
34,5,1.2444806447432966
34,10,0.9070408905534999
35,3,1.4683205426822206
35,5,1.262934185155209
35,10,0.9197206580561175
36,3,1.475390217237118
36,5,1.2673496871625145
36,10,0.9258467071431344
37,3,1.4813345003772762
37,5,1.278743783061713
37,10,0.9314593163252136
38,3,1.4970368577341002
38,5,1.2957995207566992
38,10,0.9368438137660742
39,3,1.513418637701571
39,5,1.3080518565054309
39,10,0.9420118564683833
40,3,1.5152830088532547
40,5,1.3059854442260854
40,10,0.9502482476427505
41,3,1.5250880298142435
41,5,1.309270678889694
41,10,0.957752342618573
42,3,1.5260750404368797
42,5,1.3108853959731168
42,10,0.966123391323694
43,3,1.5246042072208583
43,5,1.3109701731439376
43,10,0.9767360594936823
44,3,1.5278506841788784
44,5,1.3246566982219652
44,10,0.9865305529202919
45,3,1.5394635936930476
45,5,1.336251809634863
45,10,0.9939522402185863
46,3,1.5467216048968133
46,5,1.3412555674041355
46,10,0.9970866766059949
47,3,1.5539747092880323
47,5,1.3466024037379072
47,10,1.0037594676688513
48,3,1.540845543128893
48,5,1.3388501153307806
48,10,1.0109408398161326
49,3,1.539127469437666
49,5,1.3398053995786667
49,10,1.0088044754104055
50,3,1.5498947971149806
50,5,1.3428970343754218
50,10,1.0124709644724232
51,3,1.5556432078823188
51,5,1.350066860405601
51,10,1.0183936327055498
52,3,1.550380733744432
52,5,1.3493726432822237
52,10,1.0209403559825798
53,3,1.5378794743816384
53,5,1.3446726504844226
53,10,1.0215175135545325
54,3,1.5314136083219678
54,5,1.3422283608590158
54,10,1.0212571290387553
55,3,1.529934436247058
55,5,1.3363782815804717
55,10,1.0243994398383078
56,3,1.5326751003959935
56,5,1.3416603516849475
56,10,1.0256947898895903
57,3,1.5357377178497094
57,5,1.3384116442661234
57,10,1.0324261277395186
58,3,1.5370951918371487
58,5,1.3448998939592822
58,10,1.0337602196716738
59,3,1.5263928734612962
59,5,1.3417677624126356
59,10,1.0296858554626647
60,3,1.513135719922981
60,5,1.3359476383351474
60,10,1.0209622182162197
61,3,1.514743194516148
61,5,1.3305582362676005
61,10,1.018511514115288
62,3,1.5100641489217927
62,5,1.3284892572108695
62,10,1.0094934095162378
63,3,1.5071595164642644
63,5,1.3225784928881699
63,10,1.0070974658068477
64,3,1.5045621705795338
64,5,1.319262466025887
64,10,1.007265409305962
65,3,1.5126758180252389
65,5,1.3227904384017417
65,10,1.0066350674447722
66,3,1.5177272548270597
66,5,1.3328716945221009
66,10,1.0082039040721205
67,3,1.526420479553724
67,5,1.341657669944738
67,10,1.0183817991820574
68,3,1.5364420322008825
68,5,1.3478095461651898
68,10,1.0333509814313728
69,3,1.5371692682246025
69,5,1.352473159041768
69,10,1.0381676948686727
70,3,1.530918384713116
70,5,1.3493953206674907
70,10,1.0308146479262552
71,3,1.5420899369187273
71,5,1.3485205389851553
71,10,1.0284631254646013
72,3,1.5458735999726325
72,5,1.3512748746818388
72,10,1.0278335982479694
73,3,1.5603536656667956
73,5,1.3626344222299924
73,10,1.0308421046919942
74,3,1.568256109608397
74,5,1.3734371108178292
74,10,1.037840307656622
75,3,1.5745578020777324
75,5,1.3786225944529824
75,10,1.0437946324500857
76,3,1.5797545452690804
76,5,1.3874081401021323
76,10,1.0467446743940958
77,3,1.5848103017929795
77,5,1.3936904976128475
77,10,1.048846480189742
78,3,1.5847933781477404
78,5,1.386715673707435
78,10,1.0451314002978722
79,3,1.5932601842577891
79,5,1.3848859507191844
79,10,1.0472361067134213
80,3,1.5960962659970563
80,5,1.3818334395382537
80,10,1.0474408820949639
81,3,1.5818071184433458
81,5,1.376571354010728
81,10,1.0429720607879254
82,3,1.5622754222912225
82,5,1.367081035570977
82,10,1.0397886217828631
83,3,1.5641666600549051
83,5,1.3559433852265075
83,10,1.0361378080694497
84,3,1.5598452717593576
84,5,1.3569927741202128
84,10,1.0293196401316842
85,3,1.552797584063593
85,5,1.353260306892399
85,10,1.023087910552753
86,3,1.5474147023489258
86,5,1.3490711276986123
86,10,1.0161810532099582
87,3,1.5477269122145965
87,5,1.3451345044210619
87,10,1.017326016475352
88,3,1.543103179739809
88,5,1.341270619780619
88,10,1.0191970714905436
89,3,1.5512808073378732
89,5,1.3420015170076647
89,10,1.0179366789602176
90,3,1.55338867366518
90,5,1.3423661512949896
90,10,1.0170677918349285
91,3,1.5565874093406713
91,5,1.3459288167254257
91,10,1.0151559591198902
92,3,1.5543204911702098
92,5,1.3477675699844496
92,10,1.0174271936094919
93,3,1.5524973162831137
93,5,1.3496965905799347
93,10,1.014947533738437
94,3,1.5515049283031
94,5,1.3459471455099135
94,10,1.0146604090279725
95,3,1.5494172431551658
95,5,1.3453683109244892
95,10,1.0150932624967783
96,3,1.5374835485420189
96,5,1.3419451000537739
96,10,1.008114762553662
97,3,1.539311923153324
97,5,1.336013982743522
97,10,1.0015108653276228
98,3,1.5353420632310781
98,5,1.328329633952556
98,10,1.0012702604314379
99,3,1.5240419986503655
99,5,1.3196065108689374
99,10,0.9996477509226664
100,3,1.51018551131465
100,5,1.313519159867119
100,10,0.9959133472675541
101,3,1.5110871994549426
101,5,1.3094898963842265
101,10,0.9930093807887077
102,3,1.5057152309126884
102,5,1.3043690358538524
102,10,0.9897032587903543
103,3,1.5019065465485313
103,5,1.291794154690072
103,10,0.9820646979863452
104,3,1.5009539882549183
104,5,1.289862839429228
104,10,0.979608319707129
105,3,1.4891541571049163
105,5,1.2786074489684496
105,10,0.9784832975998277
106,3,1.4929821689312113
106,5,1.2845407410961747
106,10,0.9778195922569326
107,3,1.5033275124872614
107,5,1.29524803514658
107,10,0.9855320680007877
108,3,1.507409093355002
108,5,1.3047640580265314
108,10,0.9956788223939728
109,3,1.51198155175023
109,5,1.3143028560706909
109,10,1.0060500257568412
110,3,1.5045715727392164
110,5,1.312369058524516
110,10,1.012091529730587
111,3,1.5079202039988364
111,5,1.3167272310659293
111,10,1.0210973965320702
112,3,1.5180558955326728
112,5,1.321886855623128
112,10,1.0316993399845271
113,3,1.5343244110693919
113,5,1.3361942129447621
113,10,1.0404475839239598
114,3,1.546834192976529
114,5,1.343669481473345
114,10,1.0446015460402622
115,3,1.5619482840611663
115,5,1.3531345298762312
115,10,1.0554799156125272
116,3,1.5715143794480309
116,5,1.3585300576070214
116,10,1.0719586006563602
117,3,1.570395134855774
117,5,1.363965278207816
117,10,1.0772734198292762
118,3,1.57162317780446
118,5,1.371785605700983
118,10,1.076416955938479
119,3,1.5798369570793853
119,5,1.3762455640200333
119,10,1.0761857109942248
120,3,1.5755416058414426
120,5,1.3693821186014459
120,10,1.0702604250631471
