target,k,real_peak_lag_1_200,real_peak_mi_nats_1_200,global_p_1_200,real_peak_lag_61_200,real_peak_mi_nats_61_200,global_p_61_200,surd_peak_lag,mi_nats_at_surd_peak,pointwise_p_at_surd_peak,surrogate_count
blue_wing,3,1,2.5955235935222927,0.001,169,2.395841207152751,0.182,93,2.314048070256632,0.194,999
blue_wing,5,1,2.2664133408157605,0.001,168,2.0706493062298117,0.167,93,1.9742202166934355,0.216,999
blue_wing,10,1,1.8148568268243102,0.004,167,1.5888164388895643,0.271,93,1.4730119292635653,0.384,999
continuum,3,2,2.088060017468668,0.965,94,2.0797004438720954,0.911,115,2.0246384062705634,0.816,999
continuum,5,94,1.7996834612257686,0.942,94,1.7996834612257686,0.861,115,1.7159083420743393,0.862,999
continuum,10,98,1.3540145785468312,0.964,98,1.3540145785468312,0.895,115,1.2517589271779936,0.907,999
core,3,1,2.6782071739429183,0.001,61,2.4383129177280063,0.466,128,2.35028998149805,0.589,999
core,5,1,2.3549363993484462,0.001,61,2.102187106199894,0.418,128,2.0134480696097965,0.493,999
core,10,1,1.9155303840205837,0.001,61,1.6179738569448663,0.441,128,1.5080212006676383,0.568,999
red_wing,3,1,2.362680918926179,0.001,167,2.148642723740113,0.888,198,2.0768943493351797,0.805,999
red_wing,5,1,2.059399693668982,0.001,164,1.8500272742662434,0.787,198,1.7801132833243525,0.681,999
red_wing,10,1,1.5966161685166416,0.003,103,1.4250706310055676,0.592,198,1.2920053047854694,0.841,999
