target,lag,k,mi_nats
continuum,1,3,2.0873766957363964
continuum,1,5,1.7666506971956863
continuum,1,10,1.3454231146808606
continuum,2,3,2.088060017468668
continuum,2,5,1.7740226068608198
continuum,2,10,1.3436787936423134
continuum,3,3,2.0801673544333426
continuum,3,5,1.7735233790549785
continuum,3,10,1.3318315028892194
continuum,4,3,2.0584117159552138
continuum,4,5,1.7659284310241574
continuum,4,10,1.3159837265826493
continuum,5,3,2.047171904520252
continuum,5,5,1.7503507852608102
continuum,5,10,1.3067564916744008
continuum,6,3,2.0416280587886693
continuum,6,5,1.7417901352187721
continuum,6,10,1.2965172449376983
continuum,7,3,2.0375463037058053
continuum,7,5,1.7250421560312166
continuum,7,10,1.2909526253753256
continuum,8,3,2.033407926554198
continuum,8,5,1.7195607053497906
continuum,8,10,1.2776125642320988
continuum,9,3,2.0236613228023526
continuum,9,5,1.7109528408650938
continuum,9,10,1.2727545913148308
continuum,10,3,2.004690307058959
continuum,10,5,1.706439298846277
continuum,10,10,1.2691302770743533
continuum,11,3,2.0204804859529295
continuum,11,5,1.7256427487533355
continuum,11,10,1.27966273608045
continuum,12,3,2.034892744992029
continuum,12,5,1.729507499285977
continuum,12,10,1.2818967236469039
continuum,13,3,2.041937278576337
continuum,13,5,1.7552789168300196
continuum,13,10,1.2925264337038946
continuum,14,3,2.0341320646391523
continuum,14,5,1.7643197348712665
continuum,14,10,1.3064491412103738
continuum,15,3,2.035280495087169
continuum,15,5,1.761005680017795
continuum,15,10,1.3119281474692546
continuum,16,3,2.0431450211166275
continuum,16,5,1.756328470903572
continuum,16,10,1.3156273056971628
continuum,17,3,2.0221571026362177
continuum,17,5,1.7546256543719743
continuum,17,10,1.3177140764597848
continuum,18,3,2.0058566958021666
continuum,18,5,1.7365775424957821
continuum,18,10,1.3240700467209212
continuum,19,3,2.015077911143738
continuum,19,5,1.740152649486574
continuum,19,10,1.318710720442727
continuum,20,3,2.0358112032739566
continuum,20,5,1.7501752950563843
continuum,20,10,1.3109453597060856
continuum,21,3,2.0276244757575625
continuum,21,5,1.7484117630512266
continuum,21,10,1.3002381893802148
continuum,22,3,2.02932863578632
continuum,22,5,1.7411519070398391
continuum,22,10,1.2874510656156932
continuum,23,3,2.0374088089678972
continuum,23,5,1.7426377676980929
continuum,23,10,1.2768075177328928
continuum,24,3,2.0447205983361476
continuum,24,5,1.74363154877609
continuum,24,10,1.2651627456378947
continuum,25,3,2.039790794500007
continuum,25,5,1.7385929628819312
continuum,25,10,1.2612814385033104
continuum,26,3,2.03719282166902
continuum,26,5,1.7512559129397784
continuum,26,10,1.254775117679662
continuum,27,3,2.044034830394862
continuum,27,5,1.7516274975046748
continuum,27,10,1.259081445557408
continuum,28,3,2.0324673314804356
continuum,28,5,1.7298211586733379
continuum,28,10,1.2554685554374583
continuum,29,3,2.0269991246415877
continuum,29,5,1.7321745681904446
continuum,29,10,1.2538182833149598
continuum,30,3,2.011147759734418
continuum,30,5,1.7358079843959375
continuum,30,10,1.2639726842316232
continuum,31,3,2.0049103596102817
continuum,31,5,1.7301242616852326
continuum,31,10,1.2659568143196402
continuum,32,3,2.0071641795677504
continuum,32,5,1.7330535949985597
continuum,32,10,1.2707386016564506
continuum,33,3,2.004293389497005
continuum,33,5,1.7252846289372865
continuum,33,10,1.268496042336853
continuum,34,3,1.9946122434970066
continuum,34,5,1.710555186906399
continuum,34,10,1.2495034231508964
continuum,35,3,2.0000419153121696
continuum,35,5,1.7010995357648326
continuum,35,10,1.2386337849452254
continuum,36,3,1.9774326381527016
continuum,36,5,1.6860787313576022
continuum,36,10,1.2358920800092985
continuum,37,3,1.9837926867458746
continuum,37,5,1.6995280324115303
continuum,37,10,1.242465829248987
continuum,38,3,1.973594871390275
continuum,38,5,1.6903101706536665
continuum,38,10,1.2365113071394678
continuum,39,3,1.9503630631826763
continuum,39,5,1.6809322165953482
continuum,39,10,1.239099017985847
continuum,40,3,1.9543222502100788
continuum,40,5,1.6786054542759175
continuum,40,10,1.2381744368301995
continuum,41,3,1.9415838160380092
continuum,41,5,1.6780758708787786
continuum,41,10,1.2400133015444048
continuum,42,3,1.9595795001001797
continuum,42,5,1.6936999638252521
continuum,42,10,1.2454530271739461
continuum,43,3,1.9680278659593258
continuum,43,5,1.7093324868655664
continuum,43,10,1.251980960807911
continuum,44,3,1.977502253617537
continuum,44,5,1.6945410089246513
continuum,44,10,1.2454852565537848
continuum,45,3,1.9750398579427229
continuum,45,5,1.6996986891150874
continuum,45,10,1.2366377600314227
continuum,46,3,1.9586222186576556
continuum,46,5,1.6964105676432446
continuum,46,10,1.2288044323165845
continuum,47,3,1.9690478898333668
continuum,47,5,1.689940661856113
continuum,47,10,1.215394527255084
continuum,48,3,1.9798680455252669
continuum,48,5,1.6934486326592966
continuum,48,10,1.2156174683907004
continuum,49,3,1.9806809431499017
continuum,49,5,1.6912355334096683
continuum,49,10,1.2150569964272098
continuum,50,3,1.987861206416218
continuum,50,5,1.7005783769745335
continuum,50,10,1.2238219296783441
continuum,51,3,2.000603378720122
continuum,51,5,1.7142919068272064
continuum,51,10,1.2356264258768466
continuum,52,3,2.0030506671952395
continuum,52,5,1.7248304644756134
continuum,52,10,1.2419095094751587
continuum,53,3,1.9994819065138865
continuum,53,5,1.7293824470967465
continuum,53,10,1.2494116374375164
continuum,54,3,2.004438177967767
continuum,54,5,1.7302020326775898
continuum,54,10,1.2524654783202482
continuum,55,3,1.9976349745308228
continuum,55,5,1.7332187778153685
continuum,55,10,1.2616536399348863
continuum,56,3,1.990660797085801
continuum,56,5,1.7316445090096622
continuum,56,10,1.2710268118045125
continuum,57,3,1.9839100728439858
continuum,57,5,1.7283780890091416
continuum,57,10,1.2865382443861328
continuum,58,3,1.9853998954299064
continuum,58,5,1.7186583919999814
continuum,58,10,1.2913958411342819
continuum,59,3,1.986027418887307
continuum,59,5,1.7145021366831141
continuum,59,10,1.2870793652759804
continuum,60,3,1.977085168007366
continuum,60,5,1.706891420316337
continuum,60,10,1.2804851017057342
continuum,61,3,1.9639261940049755
continuum,61,5,1.6941293666165294
continuum,61,10,1.2731198853220906
continuum,62,3,1.9522343289025192
continuum,62,5,1.6799669437973508
continuum,62,10,1.265545940015496
continuum,63,3,1.9542398665416822
continuum,63,5,1.6793144928592216
continuum,63,10,1.2552672908670015
continuum,64,3,1.9673423702338884
continuum,64,5,1.6940377878743167
continuum,64,10,1.2554211581255732
continuum,65,3,1.9622418684373493
continuum,65,5,1.6935507810124415
continuum,65,10,1.2505069404044455
continuum,66,3,1.975161966952598
continuum,66,5,1.6979490276257891
continuum,66,10,1.2485700635067651
continuum,67,3,1.9670451283110575
continuum,67,5,1.696656870117442
continuum,67,10,1.2501906136873195
continuum,68,3,1.9714971048704788
continuum,68,5,1.6904446714524841
continuum,68,10,1.2475168982503764
continuum,69,3,1.9722924146098162
continuum,69,5,1.6873319719240847
continuum,69,10,1.2495271103504848
continuum,70,3,1.9677130924370738
continuum,70,5,1.6733172548420754
continuum,70,10,1.24321669312911
continuum,71,3,1.9502835343500635
continuum,71,5,1.667953179511298
continuum,71,10,1.240216104486418
continuum,72,3,1.9815969971822245
continuum,72,5,1.6841422900278626
continuum,72,10,1.2386216516268682
continuum,73,3,1.9896595001791813
continuum,73,5,1.6928996072041658
continuum,73,10,1.2373834687696093
continuum,74,3,1.9895198059020638
continuum,74,5,1.6941301997486553
continuum,74,10,1.2337769856064984
continuum,75,3,2.002548587512324
continuum,75,5,1.7013297434965766
continuum,75,10,1.230652644794585
continuum,76,3,2.0055704103154515
continuum,76,5,1.700449446069329
continuum,76,10,1.238489802832035
continuum,77,3,2.0098650870657364
continuum,77,5,1.7080165959450646
continuum,77,10,1.2459881897835494
continuum,78,3,2.0168094624589434
continuum,78,5,1.7156560647941248
continuum,78,10,1.2581176748532084
continuum,79,3,2.016008596301562
continuum,79,5,1.711450929227846
continuum,79,10,1.2651275813412717
continuum,80,3,2.002787999378791
continuum,80,5,1.7264397081520038
continuum,80,10,1.2799478256538919
continuum,81,3,2.00250107493322
continuum,81,5,1.735738650451994
continuum,81,10,1.2922116815970224
continuum,82,3,2.020166121127092
continuum,82,5,1.7487350079135675
continuum,82,10,1.3109680223305933
continuum,83,3,2.034937191149095
continuum,83,5,1.7496573314568806
continuum,83,10,1.3171845535458129
continuum,84,3,2.056959168619101
continuum,84,5,1.762123217680248
continuum,84,10,1.32204548977157
continuum,85,3,2.0524303984102863
continuum,85,5,1.7651120775653855
continuum,85,10,1.3195987558136046
continuum,86,3,2.0378705838147875
continuum,86,5,1.7550958681218232
continuum,86,10,1.3079407402853214
continuum,87,3,2.029272395203236
continuum,87,5,1.745589867748592
continuum,87,10,1.301123674016388
continuum,88,3,2.0319678888075945
continuum,88,5,1.739586841527207
continuum,88,10,1.2949826176512733
continuum,89,3,2.035247545738102
continuum,89,5,1.745796761678755
continuum,89,10,1.2860344185604262
continuum,90,3,2.0376262944862544
continuum,90,5,1.7517521466436445
continuum,90,10,1.2948567697544267
continuum,91,3,2.0379327780301546
continuum,91,5,1.7584971891663121
continuum,91,10,1.3042459686346284
continuum,92,3,2.044191216648299
continuum,92,5,1.7639446254117601
continuum,92,10,1.3180041402550344
continuum,93,3,2.05925577800131
continuum,93,5,1.7817920125481415
continuum,93,10,1.3233632717822097
continuum,94,3,2.0797004438720954
continuum,94,5,1.7996834612257686
continuum,94,10,1.3350271907366285
continuum,95,3,2.075200451844731
continuum,95,5,1.7985053353333766
continuum,95,10,1.3417596480958736
continuum,96,3,2.0711570830640467
continuum,96,5,1.79503592232071
continuum,96,10,1.3444795974895385
continuum,97,3,2.0720844520899506
continuum,97,5,1.7971100387151866
continuum,97,10,1.3527710540221882
continuum,98,3,2.0627245313343874
continuum,98,5,1.7788807429535627
continuum,98,10,1.3540145785468312
continuum,99,3,2.0377456443070896
continuum,99,5,1.768723589293388
continuum,99,10,1.3509030936529882
continuum,100,3,2.0265108872200948
continuum,100,5,1.756451180780628
continuum,100,10,1.3384902905455132
continuum,101,3,2.0296823009366403
continuum,101,5,1.7461576319275034
continuum,101,10,1.3313810881148562
continuum,102,3,2.0207107131253643
continuum,102,5,1.7371898571997324
continuum,102,10,1.3172707731811304
continuum,103,3,2.0115648388280967
continuum,103,5,1.732506116327123
continuum,103,10,1.3024491884400984
continuum,104,3,2.0104232316980184
continuum,104,5,1.7292978935604264
continuum,104,10,1.2896968140915437
continuum,105,3,2.0122569460399857
continuum,105,5,1.7163295666834557
continuum,105,10,1.2839317371698975
continuum,106,3,2.0171825972362836
continuum,106,5,1.7290447841083338
continuum,106,10,1.2807498210524049
continuum,107,3,2.002095509771973
continuum,107,5,1.7296956781922121
continuum,107,10,1.2847303750682144
continuum,108,3,2.009820999087159
continuum,108,5,1.7320601361099683
continuum,108,10,1.286027987387662
continuum,109,3,2.025592953101066
continuum,109,5,1.7381803173908548
continuum,109,10,1.2835533959892835
continuum,110,3,2.021168114099929
continuum,110,5,1.7305758050567528
continuum,110,10,1.280107857177745
continuum,111,3,2.0137048941478586
continuum,111,5,1.7199101465032705
continuum,111,10,1.2798357666551734
continuum,112,3,2.019747762466335
continuum,112,5,1.716600981284735
continuum,112,10,1.2681295276092701
continuum,113,3,2.0214701768383385
continuum,113,5,1.7260314567351598
continuum,113,10,1.2620294407742403
continuum,114,3,2.01995491688598
continuum,114,5,1.726601068577633
continuum,114,10,1.261380451990025
continuum,115,3,2.0246384062705634
continuum,115,5,1.7159083420743393
continuum,115,10,1.2517589271779936
continuum,116,3,2.0200877411202107
continuum,116,5,1.71326603061293
continuum,116,10,1.2497803399566791
continuum,117,3,2.0280377281249544
continuum,117,5,1.721635688607508
continuum,117,10,1.2543611107434653
continuum,118,3,2.0332926038439076
continuum,118,5,1.7297877228746117
continuum,118,10,1.2587562842503548
continuum,119,3,2.0269523381404326
continuum,119,5,1.7259304503990922
continuum,119,10,1.2589609454697595
continuum,120,3,2.016279269920086
continuum,120,5,1.7178349531012929
continuum,120,10,1.2599825064018653
continuum,121,3,2.0132027841721705
continuum,121,5,1.7257084068474118
continuum,121,10,1.2631591862142653
continuum,122,3,2.0188734583397387
continuum,122,5,1.7392104706026572
continuum,122,10,1.2760955116733328
continuum,123,3,2.0146840352776048
continuum,123,5,1.7382325929588687
continuum,123,10,1.285022013901452
continuum,124,3,2.00110991076508
continuum,124,5,1.7192871715722724
continuum,124,10,1.2791988378143184
continuum,125,3,2.0048143019440117
continuum,125,5,1.7183993822651074
continuum,125,10,1.275559826657826
continuum,126,3,2.001305427253002
continuum,126,5,1.720581784266349
continuum,126,10,1.2723853311669
continuum,127,3,2.0076175976800634
continuum,127,5,1.7307188613258102
continuum,127,10,1.2872805750545808
continuum,128,3,2.016795441601256
continuum,128,5,1.7344817020007968
continuum,128,10,1.301560608767872
continuum,129,3,2.0221302267492653
continuum,129,5,1.7443250400878956
continuum,129,10,1.3177213067350309
continuum,130,3,2.0253228638355028
continuum,130,5,1.749896950269605
continuum,130,10,1.3233712768227335
continuum,131,3,2.0263123623540027
continuum,131,5,1.7543209933585233
continuum,131,10,1.3364570500972341
continuum,132,3,2.034503057148423
continuum,132,5,1.754572485197115
continuum,132,10,1.3386126687157418
continuum,133,3,2.037764883590625
continuum,133,5,1.7651278194498428
continuum,133,10,1.3502191623514026
continuum,134,3,2.0444109725550925
continuum,134,5,1.761283472856074
continuum,134,10,1.3538126963229207
continuum,135,3,2.036631221553251
continuum,135,5,1.7503497393606882
continuum,135,10,1.3504249025066901
continuum,136,3,2.0288357583246226
continuum,136,5,1.7408177388172117
continuum,136,10,1.3452627351166342
continuum,137,3,2.00955240793823
continuum,137,5,1.7284004845663254
continuum,137,10,1.3455227548834223
continuum,138,3,1.9976797077646502
continuum,138,5,1.7200510597882728
continuum,138,10,1.3433692544361246
continuum,139,3,2.003355241521956
continuum,139,5,1.7153712116322328
continuum,139,10,1.333170834114327
continuum,140,3,2.000325854936193
continuum,140,5,1.700693744903373
continuum,140,10,1.3225503454471017
continuum,141,3,2.0027783278972757
continuum,141,5,1.7070667771084125
continuum,141,10,1.3205071075957306
continuum,142,3,2.0098064196875836
continuum,142,5,1.717309134294835
continuum,142,10,1.3197416743368926
continuum,143,3,2.005467562335504
continuum,143,5,1.7223152900435545
continuum,143,10,1.3148518913835456
continuum,144,3,2.000901695975389
continuum,144,5,1.7192412247740911
continuum,144,10,1.3082490662342074
continuum,145,3,2.0130532853246654
continuum,145,5,1.7244588778366525
continuum,145,10,1.3049680465149045
continuum,146,3,2.0227158544795865
continuum,146,5,1.7332478706211774
continuum,146,10,1.3058480364701985
continuum,147,3,2.023885336663552
continuum,147,5,1.7368622811473147
continuum,147,10,1.31313805577358
continuum,148,3,2.0183170671852544
continuum,148,5,1.7515237723176398
continuum,148,10,1.3196719232005218
continuum,149,3,2.041400699067868
continuum,149,5,1.7669762180183435
continuum,149,10,1.3289507030193555
continuum,150,3,2.032317954082462
continuum,150,5,1.7567647665415462
continuum,150,10,1.3251856269546707
continuum,151,3,2.0390758521475734
continuum,151,5,1.752646558025826
continuum,151,10,1.3223223269591724
continuum,152,3,2.0482973830712234
continuum,152,5,1.7478910381372312
continuum,152,10,1.3132694900515158
continuum,153,3,2.047965611877162
continuum,153,5,1.739198682368043
continuum,153,10,1.3057603185803917
continuum,154,3,2.0329408250510257
continuum,154,5,1.7287488706982437
continuum,154,10,1.2946222189941725
continuum,155,3,2.0161109921266673
continuum,155,5,1.7160581071508512
continuum,155,10,1.2967996993539899
continuum,156,3,2.0195648980971344
continuum,156,5,1.7075917103634008
continuum,156,10,1.301196228871877
continuum,157,3,2.0205960189483516
continuum,157,5,1.7153210113331179
continuum,157,10,1.3101577627626337
continuum,158,3,2.023816589147506
continuum,158,5,1.7245181103887042
continuum,158,10,1.3169446327989558
continuum,159,3,2.0192908452027556
continuum,159,5,1.7152688313154565
continuum,159,10,1.3273075193348394
continuum,160,3,1.996109197722764
continuum,160,5,1.709016417066624
continuum,160,10,1.3274723341359032
continuum,161,3,1.9961469641852467
continuum,161,5,1.7057775461226852
continuum,161,10,1.32647202330085
continuum,162,3,1.991467696692597
continuum,162,5,1.699427334127991
continuum,162,10,1.326047541600575
continuum,163,3,1.998059458076722
continuum,163,5,1.6990361537279774
continuum,163,10,1.3269138196124803
continuum,164,3,2.0089796272698477
continuum,164,5,1.7089225554840901
continuum,164,10,1.3313559093822551
continuum,165,3,2.008713498904406
continuum,165,5,1.6964869968223937
continuum,165,10,1.327922775749668
continuum,166,3,1.979937058157316
continuum,166,5,1.6841248463687455
continuum,166,10,1.31649744471118
continuum,167,3,1.972280329447905
continuum,167,5,1.6722211016662696
continuum,167,10,1.3040417544692406
continuum,168,3,1.9627298317695079
continuum,168,5,1.6622556396823294
continuum,168,10,1.2908001551846322
continuum,169,3,1.9580478820729894
continuum,169,5,1.6643742660867353
continuum,169,10,1.2747657362439409
continuum,170,3,1.9594576751428354
continuum,170,5,1.6582751780645442
continuum,170,10,1.2653516687934978
continuum,171,3,1.9687763733925179
continuum,171,5,1.6600081127287538
continuum,171,10,1.2526590986015158
continuum,172,3,1.9693320004314883
continuum,172,5,1.658663788906078
continuum,172,10,1.2528827168527261
continuum,173,3,1.967394257207121
continuum,173,5,1.6689288805758373
continuum,173,10,1.2500616528229092
continuum,174,3,1.9774352815000462
continuum,174,5,1.6736500543049608
continuum,174,10,1.2453804905737123
continuum,175,3,1.9785988549049858
continuum,175,5,1.671081688756833
continuum,175,10,1.2348340644010278
continuum,176,3,1.976977498190192
continuum,176,5,1.6668371818276997
continuum,176,10,1.2306820053080045
continuum,177,3,1.9706220213716907
continuum,177,5,1.6636038848091088
continuum,177,10,1.2320346188128983
continuum,178,3,1.9611071960548276
continuum,178,5,1.6599943837981908
continuum,178,10,1.2343039611323299
continuum,179,3,1.9635512878645285
continuum,179,5,1.6608479376067695
continuum,179,10,1.2427889558420997
continuum,180,3,1.9783287133430818
continuum,180,5,1.6766188164226108
continuum,180,10,1.2556541772470204
continuum,181,3,1.9929241977092325
continuum,181,5,1.698249249378942
continuum,181,10,1.261312734988019
continuum,182,3,1.9954692343425098
continuum,182,5,1.7134519776291466
continuum,182,10,1.2738631267281626
continuum,183,3,2.0070706480324727
continuum,183,5,1.7180835307737317
continuum,183,10,1.2870958944982434
continuum,184,3,2.0121799000239324
continuum,184,5,1.7195913350615912
continuum,184,10,1.298706659764031
continuum,185,3,2.0195660342903707
continuum,185,5,1.7280773170421933
continuum,185,10,1.2976919190689653
continuum,186,3,2.011509866933265
continuum,186,5,1.7295448748390987
continuum,186,10,1.3009997507085416
continuum,187,3,2.011444528201938
continuum,187,5,1.7201032655108524
continuum,187,10,1.2950781698211884
continuum,188,3,2.005325284739505
continuum,188,5,1.7202536600667013
continuum,188,10,1.2940125055215965
continuum,189,3,2.0132386156761655
continuum,189,5,1.7250000743643685
continuum,189,10,1.306341560721485
continuum,190,3,2.0174277575095765
continuum,190,5,1.730396010795224
continuum,190,10,1.3107434967625409
continuum,191,3,2.0273102325075376
continuum,191,5,1.7391817014556734
continuum,191,10,1.313326858263986
continuum,192,3,2.0203982688043087
continuum,192,5,1.7355559364858628
continuum,192,10,1.3035595281580523
continuum,193,3,2.0218534625553684
continuum,193,5,1.7327210486505722
continuum,193,10,1.2992325529393263
continuum,194,3,2.034827994033324
continuum,194,5,1.735743841023763
continuum,194,10,1.3020491883008276
continuum,195,3,2.0412724369655884
continuum,195,5,1.7347032790811028
continuum,195,10,1.3037808894647203
continuum,196,3,2.0354738295755084
continuum,196,5,1.7405725061895794
continuum,196,10,1.299306406484435
continuum,197,3,2.04530324654245
continuum,197,5,1.753436393485213
continuum,197,10,1.2939783815458963
continuum,198,3,2.035224788610715
continuum,198,5,1.7386206659146053
continuum,198,10,1.2944478191855815
continuum,199,3,2.0293543559539176
continuum,199,5,1.7307534788696994
continuum,199,10,1.2908324208093624
continuum,200,3,2.027719811382868
continuum,200,5,1.7348020321414754
continuum,200,10,1.2956983776926183
blue_wing,1,3,2.5955235935222927
blue_wing,1,5,2.2664133408157605
blue_wing,1,10,1.8148568268243102
blue_wing,2,3,2.569722567767169
blue_wing,2,5,2.236394739800951
blue_wing,2,10,1.7974869040485695
blue_wing,3,3,2.5470663152055595
blue_wing,3,5,2.2147555839563067
blue_wing,3,10,1.7847740794455769
blue_wing,4,3,2.53697059438736
blue_wing,4,5,2.20060062093539
blue_wing,4,10,1.7770518680388694
blue_wing,5,3,2.5322970536232647
blue_wing,5,5,2.1873630208221044
blue_wing,5,10,1.7766102634854049
blue_wing,6,3,2.5323221473622635
blue_wing,6,5,2.190557186481362
blue_wing,6,10,1.773026537601254
blue_wing,7,3,2.531092071805186
blue_wing,7,5,2.1907130585475443
blue_wing,7,10,1.7680749611245306
blue_wing,8,3,2.5292869481465097
blue_wing,8,5,2.1971770745703
blue_wing,8,10,1.7704429092034104
blue_wing,9,3,2.540650652791329
blue_wing,9,5,2.207903669855746
blue_wing,9,10,1.775417902993464
blue_wing,10,3,2.543369731302697
blue_wing,10,5,2.2164335234645467
blue_wing,10,10,1.7778205391041677
blue_wing,11,3,2.5359970887480907
blue_wing,11,5,2.2181462853155436
blue_wing,11,10,1.783683723244974
blue_wing,12,3,2.5299767106191355
blue_wing,12,5,2.2126589523630127
blue_wing,12,10,1.786680667880427
blue_wing,13,3,2.5068252466399024
blue_wing,13,5,2.199555775677166
blue_wing,13,10,1.7817846756815925
blue_wing,14,3,2.5011304977102062
blue_wing,14,5,2.1810462506386115
blue_wing,14,10,1.775857297074495
blue_wing,15,3,2.472973181174943
blue_wing,15,5,2.1664187485424495
blue_wing,15,10,1.769252317272974
blue_wing,16,3,2.4693635051912803
blue_wing,16,5,2.169890522310361
blue_wing,16,10,1.7620108434105601
blue_wing,17,3,2.471352087812761
blue_wing,17,5,2.1559864615510698
blue_wing,17,10,1.7512131410974678
blue_wing,18,3,2.46855094923644
blue_wing,18,5,2.1534544577432957
blue_wing,18,10,1.7368042740501677
blue_wing,19,3,2.4771923733082524
blue_wing,19,5,2.156330786451809
blue_wing,19,10,1.7282271658628074
blue_wing,20,3,2.4772105996967833
blue_wing,20,5,2.154908001298611
blue_wing,20,10,1.7155268703901676
blue_wing,21,3,2.4820469209846285
blue_wing,21,5,2.1590312814727177
blue_wing,21,10,1.7132187924483588
blue_wing,22,3,2.4915588405246583
blue_wing,22,5,2.1757649456533743
blue_wing,22,10,1.7113865045784316
blue_wing,23,3,2.494228235389155
blue_wing,23,5,2.1811967030945096
blue_wing,23,10,1.7119635572057206
blue_wing,24,3,2.4852830018591945
blue_wing,24,5,2.177949368318604
blue_wing,24,10,1.708625686307224
blue_wing,25,3,2.459923849913335
blue_wing,25,5,2.1667270296393957
blue_wing,25,10,1.7038355352834627
blue_wing,26,3,2.4572420947539886
blue_wing,26,5,2.154341903224246
blue_wing,26,10,1.6961419686356791
blue_wing,27,3,2.4608279746699813
blue_wing,27,5,2.146238888628508
blue_wing,27,10,1.6886800754050864
blue_wing,28,3,2.444733318281937
blue_wing,28,5,2.1420586526235192
blue_wing,28,10,1.6810505135388656
blue_wing,29,3,2.4399335258905372
blue_wing,29,5,2.132514641517589
blue_wing,29,10,1.6769854344336412
blue_wing,30,3,2.4317881087031017
blue_wing,30,5,2.1229508466122775
blue_wing,30,10,1.6651970817781336
blue_wing,31,3,2.43131313173878
blue_wing,31,5,2.1147542580966547
blue_wing,31,10,1.6548711903814635
blue_wing,32,3,2.423331069420122
blue_wing,32,5,2.1079588108645737
blue_wing,32,10,1.6488287919091604
blue_wing,33,3,2.4226524505815776
blue_wing,33,5,2.1091997558189517
blue_wing,33,10,1.649736109720381
blue_wing,34,3,2.4192233891654027
blue_wing,34,5,2.1097797465369865
blue_wing,34,10,1.6479986066481889
blue_wing,35,3,2.423837896106207
blue_wing,35,5,2.1118584325900107
blue_wing,35,10,1.646665046240205
blue_wing,36,3,2.420331614906231
blue_wing,36,5,2.115165979891798
blue_wing,36,10,1.6454369155150292
blue_wing,37,3,2.4105681365196494
blue_wing,37,5,2.1156736843275263
blue_wing,37,10,1.6449025062037723
blue_wing,38,3,2.417533075040505
blue_wing,38,5,2.119951276372917
blue_wing,38,10,1.6496937645552272
blue_wing,39,3,2.4291319898680213
blue_wing,39,5,2.121794050580858
blue_wing,39,10,1.652451354171438
blue_wing,40,3,2.431512152656582
blue_wing,40,5,2.1155354350369633
blue_wing,40,10,1.6501679194498422
blue_wing,41,3,2.435849034759462
blue_wing,41,5,2.1113204045422505
blue_wing,41,10,1.6431545039187636
blue_wing,42,3,2.4129553143048357
blue_wing,42,5,2.0962207929579213
blue_wing,42,10,1.634537805410016
blue_wing,43,3,2.4028538619901285
blue_wing,43,5,2.0881609316518457
blue_wing,43,10,1.630255378584307
blue_wing,44,3,2.4096966680289658
blue_wing,44,5,2.084304482664307
blue_wing,44,10,1.6306930950054586
blue_wing,45,3,2.4239756462301543
blue_wing,45,5,2.086114407854237
blue_wing,45,10,1.6295793588948886
blue_wing,46,3,2.4235126092518167
blue_wing,46,5,2.091017715143847
blue_wing,46,10,1.622490078007102
blue_wing,47,3,2.4016695372383836
blue_wing,47,5,2.0900211813079554
blue_wing,47,10,1.614391069074614
blue_wing,48,3,2.3852588071133995
blue_wing,48,5,2.072215914283934
blue_wing,48,10,1.6017727899606324
blue_wing,49,3,2.3728460454982763
blue_wing,49,5,2.051640179232706
blue_wing,49,10,1.580253027012649
blue_wing,50,3,2.3706382074319343
blue_wing,50,5,2.0363979545688577
blue_wing,50,10,1.564441752516668
blue_wing,51,3,2.35991836979586
blue_wing,51,5,2.016618281704175
blue_wing,51,10,1.5558305402484631
blue_wing,52,3,2.340646361661686
blue_wing,52,5,2.011544758444731
blue_wing,52,10,1.540118986712658
blue_wing,53,3,2.3276967434689944
blue_wing,53,5,2.004496438086954
blue_wing,53,10,1.5228014810104202
blue_wing,54,3,2.323421101908596
blue_wing,54,5,1.9916595965282076
blue_wing,54,10,1.5061511149234867
blue_wing,55,3,2.3240441888336107
blue_wing,55,5,1.9837412406237904
blue_wing,55,10,1.4932014635747795
blue_wing,56,3,2.315724717282194
blue_wing,56,5,1.9831834171078473
blue_wing,56,10,1.4839708300710797
blue_wing,57,3,2.3136326955902478
blue_wing,57,5,1.9877788778359946
blue_wing,57,10,1.4817417634344974
blue_wing,58,3,2.3180854117362397
blue_wing,58,5,1.9879436053607424
blue_wing,58,10,1.486642660854713
blue_wing,59,3,2.3177577129315576
blue_wing,59,5,1.988229428869749
blue_wing,59,10,1.4859478499621055
blue_wing,60,3,2.322013712973601
blue_wing,60,5,1.985513316096565
blue_wing,60,10,1.4871658781319699
blue_wing,61,3,2.321097326149136
blue_wing,61,5,1.979884271604722
blue_wing,61,10,1.4938645742964916
blue_wing,62,3,2.3084561035707365
blue_wing,62,5,1.9708595369543973
blue_wing,62,10,1.4847740579045148
blue_wing,63,3,2.3020942963757554
blue_wing,63,5,1.971013334424641
blue_wing,63,10,1.4827477847508526
blue_wing,64,3,2.295632947758186
blue_wing,64,5,1.967635620201893
blue_wing,64,10,1.476953899073541
blue_wing,65,3,2.3076656013821912
blue_wing,65,5,1.975930505710596
blue_wing,65,10,1.4790326799886468
blue_wing,66,3,2.308493560214713
blue_wing,66,5,1.96922008060083
blue_wing,66,10,1.4779822307619312
blue_wing,67,3,2.3035326452678806
blue_wing,67,5,1.9686146229828667
blue_wing,67,10,1.4814945265429973
blue_wing,68,3,2.299016182893026
blue_wing,68,5,1.9750289967795442
blue_wing,68,10,1.4863935547120946
blue_wing,69,3,2.3045247618360394
blue_wing,69,5,1.9743469308600652
blue_wing,69,10,1.4908538690158206
blue_wing,70,3,2.313465531481728
blue_wing,70,5,1.980833730895343
blue_wing,70,10,1.4884071065219437
blue_wing,71,3,2.310453306844545
blue_wing,71,5,1.9786217692560157
blue_wing,71,10,1.4834842567710869
blue_wing,72,3,2.310463907685115
blue_wing,72,5,1.9815517873376383
blue_wing,72,10,1.4807941227861328
blue_wing,73,3,2.31280812157512
blue_wing,73,5,1.9863108123457014
blue_wing,73,10,1.4803428779545982
blue_wing,74,3,2.3253294504288906
blue_wing,74,5,1.9927281437272502
blue_wing,74,10,1.4821608622513107
blue_wing,75,3,2.326977592134278
blue_wing,75,5,1.9906302553230226
blue_wing,75,10,1.4826112186989988
blue_wing,76,3,2.3252917476476904
blue_wing,76,5,1.9946929056646132
blue_wing,76,10,1.479321196638109
blue_wing,77,3,2.310236389224932
blue_wing,77,5,1.986817992469935
blue_wing,77,10,1.474666548344043
blue_wing,78,3,2.3110413235453553
blue_wing,78,5,1.9825026528988872
blue_wing,78,10,1.468828953166783
blue_wing,79,3,2.31298157572809
blue_wing,79,5,1.9749703834644112
blue_wing,79,10,1.458879055281228
blue_wing,80,3,2.3145930250188176
blue_wing,80,5,1.9709904666586588
blue_wing,80,10,1.4527057325624195
blue_wing,81,3,2.310839339926387
blue_wing,81,5,1.963510560013039
blue_wing,81,10,1.4487904547370238
blue_wing,82,3,2.299470801857363
blue_wing,82,5,1.9565145573129366
blue_wing,82,10,1.4509244811042006
blue_wing,83,3,2.297384528649098
blue_wing,83,5,1.960322758679359
blue_wing,83,10,1.4566906483909392
blue_wing,84,3,2.308458248112962
blue_wing,84,5,1.963048310893173
blue_wing,84,10,1.4600278107020923
blue_wing,85,3,2.3010739354478176
blue_wing,85,5,1.9666293742122285
blue_wing,85,10,1.4535096824875335
blue_wing,86,3,2.2921683650566465
blue_wing,86,5,1.9563192964062637
blue_wing,86,10,1.447813083047098
blue_wing,87,3,2.299070603369355
blue_wing,87,5,1.9572016729626496
blue_wing,87,10,1.44357616775544
blue_wing,88,3,2.298007333569089
blue_wing,88,5,1.9614113575080259
blue_wing,88,10,1.4459939451333241
blue_wing,89,3,2.3052591142235643
blue_wing,89,5,1.9599710774839227
blue_wing,89,10,1.4471945042943481
blue_wing,90,3,2.2991423093245933
blue_wing,90,5,1.9563226305719503
blue_wing,90,10,1.446762660219969
blue_wing,91,3,2.3113121076609557
blue_wing,91,5,1.966083255600128
blue_wing,91,10,1.4543526570115013
blue_wing,92,3,2.315505557067657
blue_wing,92,5,1.9697321964601917
blue_wing,92,10,1.4691349348700822
blue_wing,93,3,2.314048070256632
blue_wing,93,5,1.9742202166934355
blue_wing,93,10,1.4730119292635653
blue_wing,94,3,2.3208961613593075
blue_wing,94,5,1.9793311425919482
blue_wing,94,10,1.483369952853689
blue_wing,95,3,2.329160042042762
blue_wing,95,5,1.9911726367575122
blue_wing,95,10,1.4933547086195134
blue_wing,96,3,2.353558987928176
blue_wing,96,5,2.0041262419922
blue_wing,96,10,1.503022650722345
blue_wing,97,3,2.362968498225186
blue_wing,97,5,2.0102398564355104
blue_wing,97,10,1.5052641816685135
blue_wing,98,3,2.3575738530440686
blue_wing,98,5,2.014854459385301
blue_wing,98,10,1.511018436282484
blue_wing,99,3,2.3385670926458957
blue_wing,99,5,1.9979774448718848
blue_wing,99,10,1.5132907615812101
blue_wing,100,3,2.3311078764605897
blue_wing,100,5,1.9916235956628174
blue_wing,100,10,1.515592739570499
blue_wing,101,3,2.327695825855632
blue_wing,101,5,1.9843385946705974
blue_wing,101,10,1.5129062223667713
blue_wing,102,3,2.326446402949868
blue_wing,102,5,1.9797750962631024
blue_wing,102,10,1.505543370664114
blue_wing,103,3,2.3361546071227215
blue_wing,103,5,1.9796376545876537
blue_wing,103,10,1.5047598839635814
blue_wing,104,3,2.3574885095526676
blue_wing,104,5,1.9856607385974385
blue_wing,104,10,1.5009218323509952
blue_wing,105,3,2.3532221731834584
blue_wing,105,5,1.993371177344149
blue_wing,105,10,1.5030821967919579
blue_wing,106,3,2.356687029139896
blue_wing,106,5,2.001042603428381
blue_wing,106,10,1.5093521987300527
blue_wing,107,3,2.359352793094062
blue_wing,107,5,2.008715439909472
blue_wing,107,10,1.5191611880078142
blue_wing,108,3,2.360899503579943
blue_wing,108,5,2.0123960179823914
blue_wing,108,10,1.5273447278155352
blue_wing,109,3,2.3649500035075857
blue_wing,109,5,2.024802189048259
blue_wing,109,10,1.541500384497251
blue_wing,110,3,2.368017847561065
blue_wing,110,5,2.029824165135965
blue_wing,110,10,1.5508548662469401
blue_wing,111,3,2.3696071118915922
blue_wing,111,5,2.0386939457900306
blue_wing,111,10,1.56040354056438
blue_wing,112,3,2.37059565223198
blue_wing,112,5,2.0437907770472084
blue_wing,112,10,1.5660822681360624
blue_wing,113,3,2.3676900269265726
blue_wing,113,5,2.0393683250887626
blue_wing,113,10,1.5653654205884369
blue_wing,114,3,2.357589167197557
blue_wing,114,5,2.0272475395451126
blue_wing,114,10,1.5619909563779153
blue_wing,115,3,2.3547434362103363
blue_wing,115,5,2.0196785704902096
blue_wing,115,10,1.5556230966003213
blue_wing,116,3,2.353512478791477
blue_wing,116,5,2.0139223085039415
blue_wing,116,10,1.548808110073086
blue_wing,117,3,2.3504712626103617
blue_wing,117,5,2.0067544558554866
blue_wing,117,10,1.540176701218039
blue_wing,118,3,2.3615964491642805
blue_wing,118,5,2.025727368070661
blue_wing,118,10,1.5365958950495582
blue_wing,119,3,2.381935094898596
blue_wing,119,5,2.035905811602941
blue_wing,119,10,1.5364878766373593
blue_wing,120,3,2.3916881109576815
blue_wing,120,5,2.0380980566951807
blue_wing,120,10,1.5261210790599282
blue_wing,121,3,2.387276390207658
blue_wing,121,5,2.0398396850270757
blue_wing,121,10,1.5153859492301969
blue_wing,122,3,2.3761964435420433
blue_wing,122,5,2.0269981393597947
blue_wing,122,10,1.505394768638526
blue_wing,123,3,2.3692301237755435
blue_wing,123,5,2.010734783664244
blue_wing,123,10,1.495707176821254
blue_wing,124,3,2.3707131864116953
blue_wing,124,5,2.003924793372759
blue_wing,124,10,1.487599076147248
blue_wing,125,3,2.360236388029283
blue_wing,125,5,2.0008766339452393
blue_wing,125,10,1.482755747450076
blue_wing,126,3,2.357331508753278
blue_wing,126,5,1.9973389920669549
blue_wing,126,10,1.480320942533222
blue_wing,127,3,2.351096205350232
blue_wing,127,5,1.9930413402881477
blue_wing,127,10,1.4762142826045892
blue_wing,128,3,2.344801245371481
blue_wing,128,5,1.9888006221744137
blue_wing,128,10,1.4768948697417859
blue_wing,129,3,2.348033890386694
blue_wing,129,5,1.9925330734859976
blue_wing,129,10,1.47933383455325
blue_wing,130,3,2.340991941863164
blue_wing,130,5,1.9985136893832385
blue_wing,130,10,1.4829219412705523
blue_wing,131,3,2.3366911542050097
blue_wing,131,5,1.9997723894286707
blue_wing,131,10,1.4817139756016147
blue_wing,132,3,2.3355442435914835
blue_wing,132,5,1.9936778810902203
blue_wing,132,10,1.4794148860653742
blue_wing,133,3,2.340201387616424
blue_wing,133,5,1.9871629306641143
blue_wing,133,10,1.475896155910423
blue_wing,134,3,2.3369361439684555
blue_wing,134,5,1.9806162186430738
blue_wing,134,10,1.4713307801411144
blue_wing,135,3,2.3212139602158075
blue_wing,135,5,1.9737150593850865
blue_wing,135,10,1.468917051024242
blue_wing,136,3,2.314819408943875
blue_wing,136,5,1.9758228820228627
blue_wing,136,10,1.4670056972424312
blue_wing,137,3,2.3118462812497738
blue_wing,137,5,1.9761738478573818
blue_wing,137,10,1.4654374195444273
blue_wing,138,3,2.30916549977786
blue_wing,138,5,1.9805363456764695
blue_wing,138,10,1.4678048613313006
blue_wing,139,3,2.3089277183081434
blue_wing,139,5,1.9819684000789666
blue_wing,139,10,1.471460808036202
blue_wing,140,3,2.3185361008260825
blue_wing,140,5,1.9837047253501243
blue_wing,140,10,1.4735755676214968
blue_wing,141,3,2.321244030704646
blue_wing,141,5,1.9947026222895312
blue_wing,141,10,1.481656029682899
blue_wing,142,3,2.336592119898037
blue_wing,142,5,2.004636592082397
blue_wing,142,10,1.4955846804037378
blue_wing,143,3,2.3487352026883546
blue_wing,143,5,2.0083607718778094
blue_wing,143,10,1.5028069122797376
blue_wing,144,3,2.3530197367349466
blue_wing,144,5,2.0071726704075665
blue_wing,144,10,1.5073617762290397
blue_wing,145,3,2.342429477969895
blue_wing,145,5,2.0043305112056453
blue_wing,145,10,1.5120693653252228
blue_wing,146,3,2.3377377664605534
blue_wing,146,5,2.0106992072662297
blue_wing,146,10,1.5141282188084215
blue_wing,147,3,2.350625474178311
blue_wing,147,5,2.0180856046833826
blue_wing,147,10,1.5244579379976315
blue_wing,148,3,2.3677110940772224
blue_wing,148,5,2.0304882389395607
blue_wing,148,10,1.5375845744269316
blue_wing,149,3,2.363422810836944
blue_wing,149,5,2.0286787549182552
blue_wing,149,10,1.5521762710022422
blue_wing,150,3,2.3632086890826587
blue_wing,150,5,2.0286887009465087
blue_wing,150,10,1.552546376887653
blue_wing,151,3,2.3649113821337053
blue_wing,151,5,2.033942957777886
blue_wing,151,10,1.5544531070468945
blue_wing,152,3,2.3766305516678923
blue_wing,152,5,2.035217692803905
blue_wing,152,10,1.5530761701966362
blue_wing,153,3,2.3770517557828716
blue_wing,153,5,2.034605440999063
blue_wing,153,10,1.5475045896080122
blue_wing,154,3,2.3716477382110694
blue_wing,154,5,2.0257436928225143
blue_wing,154,10,1.5375027700190387
blue_wing,155,3,2.364527300443526
blue_wing,155,5,2.012313767594068
blue_wing,155,10,1.528177141854032
blue_wing,156,3,2.3651505839312748
blue_wing,156,5,2.0068413057065824
blue_wing,156,10,1.525568926293337
blue_wing,157,3,2.365346301727615
blue_wing,157,5,2.017983481300022
blue_wing,157,10,1.525810796433726
blue_wing,158,3,2.3657654079132557
blue_wing,158,5,2.018639256842242
blue_wing,158,10,1.529658655950854
blue_wing,159,3,2.373960644671606
blue_wing,159,5,2.0351848233580627
blue_wing,159,10,1.540959416326217
blue_wing,160,3,2.3701060995612213
blue_wing,160,5,2.0448323721772317
blue_wing,160,10,1.5482741732841347
blue_wing,161,3,2.367826075987268
blue_wing,161,5,2.0509238645320895
blue_wing,161,10,1.551125982027438
blue_wing,162,3,2.3728489240413104
blue_wing,162,5,2.0525328281358286
blue_wing,162,10,1.5514188139046254
blue_wing,163,3,2.380644273177295
blue_wing,163,5,2.0536350641754924
blue_wing,163,10,1.5526675584554983
blue_wing,164,3,2.3819600624033335
blue_wing,164,5,2.0526259679459296
blue_wing,164,10,1.558058863567254
blue_wing,165,3,2.3785137768578357
blue_wing,165,5,2.0569071289832896
blue_wing,165,10,1.5678389580564662
blue_wing,166,3,2.3835103209040183
blue_wing,166,5,2.066058647322289
blue_wing,166,10,1.5822398123078774
blue_wing,167,3,2.3880352054357594
blue_wing,167,5,2.06760775630969
blue_wing,167,10,1.5888164388895643
blue_wing,168,3,2.3868635689857465
blue_wing,168,5,2.0706493062298117
blue_wing,168,10,1.585880838883046
blue_wing,169,3,2.395841207152751
blue_wing,169,5,2.068195356471251
blue_wing,169,10,1.575103975131908
blue_wing,170,3,2.3766767039599292
blue_wing,170,5,2.037782787190033
blue_wing,170,10,1.5601150769780094
blue_wing,171,3,2.3650574422942308
blue_wing,171,5,2.0227120939685896
blue_wing,171,10,1.542312039771133
blue_wing,172,3,2.3479379370945663
blue_wing,172,5,2.0153553019607626
blue_wing,172,10,1.5332867035786162
blue_wing,173,3,2.3358758566729616
blue_wing,173,5,2.003072184980631
blue_wing,173,10,1.5254368688033537
blue_wing,174,3,2.3271769612373525
blue_wing,174,5,1.9896700585971319
blue_wing,174,10,1.5199003163774378
blue_wing,175,3,2.3302646856903664
blue_wing,175,5,1.991959731957417
blue_wing,175,10,1.5160879705081118
blue_wing,176,3,2.3343679023859307
blue_wing,176,5,1.9908120664476012
blue_wing,176,10,1.5100859890645797
blue_wing,177,3,2.337960817670532
blue_wing,177,5,2.0019925182096623
blue_wing,177,10,1.5126171538822177
blue_wing,178,3,2.344087831893253
blue_wing,178,5,2.011145881215696
blue_wing,178,10,1.5183618383891293
blue_wing,179,3,2.3480936969642867
blue_wing,179,5,2.0104750170594574
blue_wing,179,10,1.519727683436054
blue_wing,180,3,2.3409053042329795
blue_wing,180,5,1.9924289452807464
blue_wing,180,10,1.5146585445998948
blue_wing,181,3,2.325082796394409
blue_wing,181,5,1.9821341208618595
blue_wing,181,10,1.5106053833389268
blue_wing,182,3,2.3255654366069995
blue_wing,182,5,1.980367525574228
blue_wing,182,10,1.5118995695989152
blue_wing,183,3,2.3288068138433937
blue_wing,183,5,1.992004528430467
blue_wing,183,10,1.5133908495697384
blue_wing,184,3,2.3477868560286357
blue_wing,184,5,2.01560349187523
blue_wing,184,10,1.518731276798066
blue_wing,185,3,2.346457804274147
blue_wing,185,5,2.0263074480628083
blue_wing,185,10,1.5199955595733439
blue_wing,186,3,2.3559119539498985
blue_wing,186,5,2.025733517072384
blue_wing,186,10,1.5247925384025294
blue_wing,187,3,2.3427152302806924
blue_wing,187,5,2.016501653210626
blue_wing,187,10,1.5206561502110922
blue_wing,188,3,2.3294813948468054
blue_wing,188,5,2.0141224148050076
blue_wing,188,10,1.5194769627879605
blue_wing,189,3,2.320398914730485
blue_wing,189,5,2.0120137938073874
blue_wing,189,10,1.5212005784859208
blue_wing,190,3,2.3193276016864566
blue_wing,190,5,2.0068441024371184
blue_wing,190,10,1.5233569612283766
blue_wing,191,3,2.318655010070729
blue_wing,191,5,2.0058394607639753
blue_wing,191,10,1.5283465513557903
blue_wing,192,3,2.3315679201971893
blue_wing,192,5,2.016748054631609
blue_wing,192,10,1.5337456215971184
blue_wing,193,3,2.3392904755331356
blue_wing,193,5,2.022671943622469
blue_wing,193,10,1.5400567566796681
blue_wing,194,3,2.3433964217393104
blue_wing,194,5,2.020160783580331
blue_wing,194,10,1.5425617328351446
blue_wing,195,3,2.3491421359634774
blue_wing,195,5,2.0218172596354425
blue_wing,195,10,1.5426230199756432
blue_wing,196,3,2.3478053760918174
blue_wing,196,5,2.0315923562803055
blue_wing,196,10,1.5462123329897004
blue_wing,197,3,2.3572155927685925
blue_wing,197,5,2.036605723487594
blue_wing,197,10,1.5543616007570247
blue_wing,198,3,2.3699760840489823
blue_wing,198,5,2.0473613062968905
blue_wing,198,10,1.5624108401482033
blue_wing,199,3,2.372070293723013
blue_wing,199,5,2.0512191100256496
blue_wing,199,10,1.5669911219010988
blue_wing,200,3,2.3695660809769725
blue_wing,200,5,2.0530718592515447
blue_wing,200,10,1.5638792820033753
core,1,3,2.6782071739429183
core,1,5,2.3549363993484462
core,1,10,1.9155303840205837
core,2,3,2.659205149623448
core,2,5,2.3385547314584905
core,2,10,1.906731899574253
core,3,3,2.632700476125402
core,3,5,2.314780087984511
core,3,10,1.9013565195485498
core,4,3,2.6292104909075755
core,4,5,2.3019106705426626
core,4,10,1.8952011994084472
core,5,3,2.6159077446347805
core,5,5,2.2836389558574073
core,5,10,1.88126509688448
core,6,3,2.5994545914529974
core,6,5,2.2887003159157047
core,6,10,1.8742872474701748
core,7,3,2.598961306438466
core,7,5,2.2868544614650475
core,7,10,1.874161887558997
core,8,3,2.605417398833951
core,8,5,2.2854539757980312
core,8,10,1.8762732609659665
core,9,3,2.6098910971686093
core,9,5,2.292177892429791
core,9,10,1.8684977229144328
core,10,3,2.616015900359624
core,10,5,2.2913867740772282
core,10,10,1.8577141446587087
core,11,3,2.609751108082113
core,11,5,2.286455647678247
core,11,10,1.8511241808293928
core,12,3,2.603143460779747
core,12,5,2.2732223123173654
core,12,10,1.8398575636445065
core,13,3,2.5820283183144745
core,13,5,2.25739529719107
core,13,10,1.8275744022404776
core,14,3,2.567503402834295
core,14,5,2.2391715004059085
core,14,10,1.8139913519053126
core,15,3,2.5487740043299825
core,15,5,2.224978939903745
core,15,10,1.8039285262168328
core,16,3,2.5224217561428848
core,16,5,2.210078980127271
core,16,10,1.7903687247089648
core,17,3,2.5183600631090837
core,17,5,2.2037323716986217
core,17,10,1.780404872383576
core,18,3,2.5051779409608415
core,18,5,2.201698243710064
core,18,10,1.7774544901099736
core,19,3,2.495347076337441
core,19,5,2.191026198590194
core,19,10,1.7717496156657004
core,20,3,2.4925108267291387
core,20,5,2.1828377874754112
core,20,10,1.767094517248463
core,21,3,2.5024840226743663
core,21,5,2.1835743522638618
core,21,10,1.7574295216150198
core,22,3,2.5038453822820737
core,22,5,2.1810473856619152
core,22,10,1.74254855969449
core,23,3,2.5050316936006096
core,23,5,2.175910506921265
core,23,10,1.7325627430091215
core,24,3,2.511356424109141
core,24,5,2.172499531595422
core,24,10,1.7253325654852762
core,25,3,2.504837701917843
core,25,5,2.1654429403312045
core,25,10,1.7165122802702957
core,26,3,2.4953034606040827
core,26,5,2.1550814038094916
core,26,10,1.7093555905107296
core,27,3,2.489416194163332
core,27,5,2.1529086163494178
core,27,10,1.7001642265656942
core,28,3,2.485635159572541
core,28,5,2.146716124057611
core,28,10,1.692936053211545
core,29,3,2.488202730271629
core,29,5,2.144636010279492
core,29,10,1.6836382693887373
core,30,3,2.491986769343125
core,30,5,2.14100581641779
core,30,10,1.6796782174531995
core,31,3,2.498817622779246
core,31,5,2.1435289202449344
core,31,10,1.6711284193621498
core,32,3,2.4938212488653067
core,32,5,2.1424465065143306
core,32,10,1.6686270311331803
core,33,3,2.498391699943915
core,33,5,2.148757137994842
core,33,10,1.667406429481229
core,34,3,2.5064060156424244
core,34,5,2.157806617144929
core,34,10,1.6658829318173307
core,35,3,2.510590302433167
core,35,5,2.171213211871918
core,35,10,1.6733128419918142
core,36,3,2.5198257065910097
core,36,5,2.172249216020524
core,36,10,1.6863531935494684
core,37,3,2.5102510180417763
core,37,5,2.1648893671939122
core,37,10,1.6872334859445548
core,38,3,2.500716270113604
core,38,5,2.1583653014797735
core,38,10,1.6827089351172049
core,39,3,2.5004137198152527
core,39,5,2.1537593072953625
core,39,10,1.6790215874487888
core,40,3,2.4932490009598425
core,40,5,2.1489690402519415
core,40,10,1.671467025567905
core,41,3,2.477727735398325
core,41,5,2.143867919802063
core,41,10,1.6662963834014075
core,42,3,2.4653642857017886
core,42,5,2.1320868337201864
core,42,10,1.6609651454524883
core,43,3,2.459870657021038
core,43,5,2.1260220391654814
core,43,10,1.655635435967092
core,44,3,2.4650236009527395
core,44,5,2.1293555643487796
core,44,10,1.6574091535013533
core,45,3,2.4804554830022694
core,45,5,2.139363890931154
core,45,10,1.6589785849434104
core,46,3,2.4867248632331016
core,46,5,2.1381753053647214
core,46,10,1.6580981006835298
core,47,3,2.4921317767154543
core,47,5,2.142459904888719
core,47,10,1.6629205608181437
core,48,3,2.4753276957614565
core,48,5,2.133532990617838
core,48,10,1.6632680178359003
core,49,3,2.4698320014574193
core,49,5,2.1321034835798702
core,49,10,1.6603008668611512
core,50,3,2.4767160711111638
core,50,5,2.1314720516316283
core,50,10,1.656569817087659
core,51,3,2.4848266206219263
core,51,5,2.1410872731063213
core,51,10,1.6615765830343037
core,52,3,2.4781444443601215
core,52,5,2.1425205036408475
core,52,10,1.6596668390379072
core,53,3,2.4694085074362624
core,53,5,2.132118831882332
core,53,10,1.6546045211029927
core,54,3,2.4642943301116427
core,54,5,2.1247960254871803
core,54,10,1.652105203719886
core,55,3,2.4633076087051586
core,55,5,2.1255872308454817
core,55,10,1.6494014340461458
core,56,3,2.4626708105308497
core,56,5,2.1223337742254405
core,56,10,1.648717616591707
core,57,3,2.449217185608453
core,57,5,2.115053632133593
core,57,10,1.6442691243081349
core,58,3,2.448047322136711
core,58,5,2.111124467770356
core,58,10,1.6441318813169765
core,59,3,2.441777255862765
core,59,5,2.109415989222768
core,59,10,1.6434716619997847
core,60,3,2.4352779701373706
core,60,5,2.104631422466036
core,60,10,1.6292640861089875
core,61,3,2.4383129177280063
core,61,5,2.102187106199894
core,61,10,1.6179738569448663
core,62,3,2.4226661016475006
core,62,5,2.0909254956384906
core,62,10,1.6042828556701014
core,63,3,2.417226801672652
core,63,5,2.0866371513986204
core,63,10,1.5985188282172036
core,64,3,2.4078659772907987
core,64,5,2.0815753385844875
core,64,10,1.5921149979691513
core,65,3,2.4060571720157853
core,65,5,2.078993122530801
core,65,10,1.5847296384646299
core,66,3,2.3900998295138356
core,66,5,2.0717125167563397
core,66,10,1.5792295762276911
core,67,3,2.385744970052823
core,67,5,2.073824632317602
core,67,10,1.5810691032046407
core,68,3,2.393196408560069
core,68,5,2.0739982692243597
core,68,10,1.5779057195608832
core,69,3,2.400034334309532
core,69,5,2.0722007774941575
core,69,10,1.5733716352698615
core,70,3,2.3859131142831167
core,70,5,2.0665440879681354
core,70,10,1.5654605866889177
core,71,3,2.3844576203177095
core,71,5,2.059783260498132
core,71,10,1.558867431430615
core,72,3,2.378254921053384
core,72,5,2.0532994298595515
core,72,10,1.5566186794653625
core,73,3,2.3858834764307426
core,73,5,2.0513538724514726
core,73,10,1.5569738367822357
core,74,3,2.3877244927029944
core,74,5,2.059833528920133
core,74,10,1.5602064529707036
core,75,3,2.3834937782651977
core,75,5,2.0534587073276604
core,75,10,1.5611041549774605
core,76,3,2.3771333124868246
core,76,5,2.052796144711059
core,76,10,1.5618383894706849
core,77,3,2.3604648390434733
core,77,5,2.0527526401751937
core,77,10,1.5581158796416172
core,78,3,2.3595428254064874
core,78,5,2.050899116861798
core,78,10,1.5533755896538644
core,79,3,2.3687742393385225
core,79,5,2.0518572606050602
core,79,10,1.556375035529868
core,80,3,2.3785747769897316
core,80,5,2.051144751064812
core,80,10,1.557507254443129
core,81,3,2.3620256106031077
core,81,5,2.037419007761276
core,81,10,1.5423775993593303
core,82,3,2.3406100290280376
core,82,5,2.0173485592080738
core,82,10,1.5292443841825065
core,83,3,2.334698855745863
core,83,5,2.0038146765663587
core,83,10,1.513563248529664
core,84,3,2.333902321440422
core,84,5,1.9996941304274687
core,84,10,1.496646084931042
core,85,3,2.3249190508138176
core,85,5,1.9965204159359455
core,85,10,1.4886334689616163
core,86,3,2.322838971268051
core,86,5,1.9962492323381467
core,86,10,1.4796014352729472
core,87,3,2.3295498360538103
core,87,5,1.9970020935820028
core,87,10,1.4742300988044033
core,88,3,2.3307436297599065
core,88,5,1.9941999189181265
core,88,10,1.473415444688717
core,89,3,2.334741684909658
core,89,5,1.99350143371037
core,89,10,1.4742621392033826
core,90,3,2.3367240121175126
core,90,5,1.9895003086163552
core,90,10,1.47209042885153
core,91,3,2.333608883714682
core,91,5,1.9910557329946794
core,91,10,1.4789433496112618
core,92,3,2.3198246599833485
core,92,5,1.9863101558857377
core,92,10,1.4816847745536599
core,93,3,2.3180507795822463
core,93,5,1.9889019377909483
core,93,10,1.4850994569631464
core,94,3,2.3181977267647023
core,94,5,1.986530177716344
core,94,10,1.4848861851999295
core,95,3,2.3266418127834507
core,95,5,1.9919590266408127
core,95,10,1.483294667835592
core,96,3,2.3295489167727057
core,96,5,1.9917413954501884
core,96,10,1.4786508670369134
core,97,3,2.3312719469930876
core,97,5,1.9925031222474976
core,97,10,1.477379547565489
core,98,3,2.340601250387932
core,98,5,1.9991172482251285
core,98,10,1.4822202733001593
core,99,3,2.3431000127665964
core,99,5,2.0069199664083097
core,99,10,1.485385728332135
core,100,3,2.34655193689726
core,100,5,2.0083542762520654
core,100,10,1.4895384035534835
core,101,3,2.3445113648081612
core,101,5,2.004334589714637
core,101,10,1.4878998488133934
core,102,3,2.3389717617570627
core,102,5,1.9971106320991492
core,102,10,1.4815963845427138
core,103,3,2.3300083803343714
core,103,5,1.981267300299507
core,103,10,1.4786480683294325
core,104,3,2.3329302628726163
core,104,5,1.9790445130908623
core,104,10,1.4763075794300775
core,105,3,2.3262493317325346
core,105,5,1.9758963510170995
core,105,10,1.4762802659044816
core,106,3,2.320463922805307
core,106,5,1.982416803823563
core,106,10,1.4808577833997294
core,107,3,2.3324216037916212
core,107,5,1.9900579222998376
core,107,10,1.4903424409671011
core,108,3,2.349143272879793
core,108,5,1.9995374440096843
core,108,10,1.5000890411609777
core,109,3,2.357572137414909
core,109,5,2.009574012621039
core,109,10,1.5109385767278276
core,110,3,2.3484403199010853
core,110,5,2.0024805969447756
core,110,10,1.5145209761021245
core,111,3,2.344003652201428
core,111,5,2.005598448342125
core,111,10,1.5245598559330684
core,112,3,2.344118289207062
core,112,5,2.005897479730714
core,112,10,1.5323599120388085
core,113,3,2.3484695818227115
core,113,5,2.0110101503309625
core,113,10,1.5382633657415674
core,114,3,2.3525335307527007
core,114,5,2.01773805534581
core,114,10,1.5413340346756819
core,115,3,2.3655369301472833
core,115,5,2.0216530091001497
core,115,10,1.5385074073645786
core,116,3,2.368931558840397
core,116,5,2.027050437172279
core,116,10,1.5358695281886217
core,117,3,2.3706265264287305
core,117,5,2.0301419806703906
core,117,10,1.5322830975881416
core,118,3,2.3824832967662903
core,118,5,2.0347890051645976
core,118,10,1.5312271063173206
core,119,3,2.380425706869013
core,119,5,2.0323899241784416
core,119,10,1.52784785095092
core,120,3,2.3724613429492107
core,120,5,2.0292848227770905
core,120,10,1.5209312253922835
core,121,3,2.361021696913186
core,121,5,2.020112217111895
core,121,10,1.5160138928714417
core,122,3,2.356283237267114
core,122,5,2.0167888047557065
core,122,10,1.5102927957225614
core,123,3,2.3557965954727775
core,123,5,2.0151213839418824
core,123,10,1.5117245685650715
core,124,3,2.356631439742432
core,124,5,2.0129595353552725
core,124,10,1.5084702478110295
core,125,3,2.3541635360869204
core,125,5,2.0128230615403053
core,125,10,1.5058192366496037
core,126,3,2.351818806566002
core,126,5,2.0097546608864967
core,126,10,1.5070889841338708
core,127,3,2.348810553559323
core,127,5,2.0085502261842763
core,127,10,1.5051128153560285
core,128,3,2.35028998149805
core,128,5,2.0134480696097965
core,128,10,1.5080212006676383
core,129,3,2.342575696817396
core,129,5,2.004869476086361
core,129,10,1.5034832427966673
core,130,3,2.337780602471354
core,130,5,2.0066326895910445
core,130,10,1.5026385716660648
core,131,3,2.3326635907406335
core,131,5,2.000982227405694
core,131,10,1.5018007522841703
core,132,3,2.336031723532604
core,132,5,2.000469640376547
core,132,10,1.5009053026854264
core,133,3,2.3408599226211493
core,133,5,2.007645989281052
core,133,10,1.5032606976177565
core,134,3,2.3462577771716377
core,134,5,2.008056966840585
core,134,10,1.5079785451061323
core,135,3,2.3418076344376635
core,135,5,2.002825773824802
core,135,10,1.5005327927881051
core,136,3,2.3482826137552033
core,136,5,2.004563562150919
core,136,10,1.5003210543089356
core,137,3,2.354955183078249
core,137,5,2.010376448430277
core,137,10,1.5061612620115152
core,138,3,2.3512633708696793
core,138,5,2.020093776463068
core,138,10,1.512995820009932
core,139,3,2.3452843995323445
core,139,5,2.023143646863934
core,139,10,1.5161537282718829
core,140,3,2.343402827318849
core,140,5,2.0217718580332082
core,140,10,1.5191471827916452
core,141,3,2.351893727138579
core,141,5,2.0198228652673036
core,141,10,1.5239887365338394
core,142,3,2.3621986616860866
core,142,5,2.0260590898464494
core,142,10,1.5318051086728577
core,143,3,2.3693902030292824
core,143,5,2.0302093987947307
core,143,10,1.5430438674955305
core,144,3,2.373650904280888
core,144,5,2.0379627802133022
core,144,10,1.5478359539648778
core,145,3,2.376328197814094
core,145,5,2.043452655638032
core,145,10,1.5470260281823673
core,146,3,2.3650348893775783
core,146,5,2.0413444009492263
core,146,10,1.5480313718391514
core,147,3,2.3758541144738032
core,147,5,2.0473978287435335
core,147,10,1.555685100125201
core,148,3,2.3892690645303647
core,148,5,2.053710293766933
core,148,10,1.5617452678641133
core,149,3,2.3983998931577375
core,149,5,2.0569747245497325
core,149,10,1.5620850168302525
core,150,3,2.400769407757754
core,150,5,2.0612973091003335
core,150,10,1.5653457696395083
core,151,3,2.403034907978615
core,151,5,2.0663235037938428
core,151,10,1.5647409510654828
core,152,3,2.4044431503243224
core,152,5,2.070165538515762
core,152,10,1.5603945080546815
core,153,3,2.4110032240580477
core,153,5,2.0640997890933486
core,153,10,1.5575751561302429
core,154,3,2.4071617464926396
core,154,5,2.062426284212914
core,154,10,1.5556637102788518
core,155,3,2.3979653988465577
core,155,5,2.054059744873787
core,155,10,1.5542931526766868
core,156,3,2.3905930977257066
core,156,5,2.045912148807793
core,156,10,1.5537660307681573
core,157,3,2.378792540304792
core,157,5,2.0410171684652765
core,157,10,1.5490713884340686
core,158,3,2.375820046592928
core,158,5,2.0361046039048167
core,158,10,1.5420035602570508
core,159,3,2.371349907395663
core,159,5,2.029071828732569
core,159,10,1.5388789017167177
core,160,3,2.364493493629065
core,160,5,2.0260108994374804
core,160,10,1.534593491866831
core,161,3,2.3598344944819045
core,161,5,2.019375258205029
core,161,10,1.5298587901632885
core,162,3,2.3439517027266783
core,162,5,2.008129793090296
core,162,10,1.525575226624353
core,163,3,2.337891524873416
core,163,5,2.002004694836331
core,163,10,1.5245011198828298
core,164,3,2.34064343066202
core,164,5,1.9986310807735075
core,164,10,1.5193973406951997
core,165,3,2.3427872913895076
core,165,5,2.0016517131006024
core,165,10,1.5177336404516257
core,166,3,2.339237423673655
core,166,5,2.002933601792951
core,166,10,1.5188262225024598
core,167,3,2.336906742151866
core,167,5,2.005228777282345
core,167,10,1.5204012952789725
core,168,3,2.3445363942654938
core,168,5,2.0058884486593316
core,168,10,1.5251684193993
core,169,3,2.336143315601732
core,169,5,2.002526629942831
core,169,10,1.521840249798256
core,170,3,2.332520431766783
core,170,5,2.0001478639264807
core,170,10,1.520741147422962
core,171,3,2.3262351815822395
core,171,5,1.998987450994779
core,171,10,1.524716406770791
core,172,3,2.3269148102162154
core,172,5,2.0026094889444694
core,172,10,1.5256255772953953
core,173,3,2.322864733316453
core,173,5,1.9988884630141222
core,173,10,1.5129488770058064
core,174,3,2.318065601562898
core,174,5,1.9959644176051627
core,174,10,1.5045119966841813
core,175,3,2.3207898387629573
core,175,5,1.9973848183282312
core,175,10,1.5001757993001146
core,176,3,2.322658352726182
core,176,5,1.9939276085626192
core,176,10,1.4932860900832967
core,177,3,2.322034914913088
core,177,5,1.9835044651062468
core,177,10,1.4891982624929785
core,178,3,2.3223396065285957
core,178,5,1.979940014586365
core,178,10,1.4901692337118977
core,179,3,2.3172219399091167
core,179,5,1.9771442947022582
core,179,10,1.4878702212225878
core,180,3,2.3078426678664785
core,180,5,1.9731530641944852
core,180,10,1.489295365421004
core,181,3,2.3006523627181874
core,181,5,1.969772390341391
core,181,10,1.4920666158261344
core,182,3,2.2987932580316572
core,182,5,1.9652080992586445
core,182,10,1.4946356001740693
core,183,3,2.304073624438736
core,183,5,1.9765536123130927
core,183,10,1.5041617321417071
core,184,3,2.3144731114612824
core,184,5,1.9928074431032368
core,184,10,1.509816032816392
core,185,3,2.3266655202809607
core,185,5,2.0072034326544896
core,185,10,1.5218742251526898
core,186,3,2.3279656391452557
core,186,5,2.0096367447420054
core,186,10,1.53145157128335
core,187,3,2.3120997893444013
core,187,5,1.9986016505101523
core,187,10,1.5359576676578772
core,188,3,2.3030898433344307
core,188,5,1.986923381775222
core,188,10,1.540502518261798
core,189,3,2.3056777055079785
core,189,5,1.9828629763522834
core,189,10,1.5450647941531663
core,190,3,2.302278012265358
core,190,5,1.9779044105803685
core,190,10,1.5471656198626782
core,191,3,2.3008484604378223
core,191,5,1.9786221781808324
core,191,10,1.5462819173833253
core,192,3,2.304719347818901
core,192,5,1.988149762948594
core,192,10,1.544180964079338
core,193,3,2.3053569953240762
core,193,5,1.99409752339466
core,193,10,1.5407608202617062
core,194,3,2.310569968092178
core,194,5,2.000100364477424
core,194,10,1.5375536575037945
core,195,3,2.3191343310699466
core,195,5,2.004728858376005
core,195,10,1.5313863406655859
core,196,3,2.3180029349481845
core,196,5,2.00523366995968
core,196,10,1.5346833774378474
core,197,3,2.327872651333049
core,197,5,2.0062255322662947
core,197,10,1.5424854616626966
core,198,3,2.341497766520509
core,198,5,2.01971633482387
core,198,10,1.5525592577303584
core,199,3,2.3436892967863416
core,199,5,2.02221215002172
core,199,10,1.5558530329208473
core,200,3,2.3398167905616933
core,200,5,2.0151068645186196
core,200,10,1.5603590830851601
red_wing,1,3,2.362680918926179
red_wing,1,5,2.059399693668982
red_wing,1,10,1.5966161685166416
red_wing,2,3,2.3478463549475395
red_wing,2,5,2.041013429087534
red_wing,2,10,1.585449074362863
red_wing,3,3,2.351514174373462
red_wing,3,5,2.020591311211014
red_wing,3,10,1.5743627958687672
red_wing,4,3,2.339512002790702
red_wing,4,5,1.988029030160079
red_wing,4,10,1.5667360658550376
red_wing,5,3,2.3207963963072267
red_wing,5,5,1.962322988981473
red_wing,5,10,1.5620162398472424
red_wing,6,3,2.295271396516015
red_wing,6,5,1.9598047225141775
red_wing,6,10,1.5520570497660096
red_wing,7,3,2.2973319112768857
red_wing,7,5,1.9727957236075984
red_wing,7,10,1.5501297291755005
red_wing,8,3,2.2963470477484806
red_wing,8,5,1.975667259005748
red_wing,8,10,1.5459057496850974
red_wing,9,3,2.2874977751338825
red_wing,9,5,1.9687057203362084
red_wing,9,10,1.5350891495804806
red_wing,10,3,2.28036824457455
red_wing,10,5,1.9625140569898383
red_wing,10,10,1.531282365059532
red_wing,11,3,2.2696289571729977
red_wing,11,5,1.9465840920660034
red_wing,11,10,1.5140004692592939
red_wing,12,3,2.2630189637359086
red_wing,12,5,1.9327070578891652
red_wing,12,10,1.491067037474469
red_wing,13,3,2.2464342577196925
red_wing,13,5,1.9040287843428692
red_wing,13,10,1.4729641498908812
red_wing,14,3,2.245323983078946
red_wing,14,5,1.8868475487817804
red_wing,14,10,1.4570910669997783
red_wing,15,3,2.2433793836322753
red_wing,15,5,1.888575287385633
red_wing,15,10,1.448199021315867
red_wing,16,3,2.2346049655166027
red_wing,16,5,1.8983552719059498
red_wing,16,10,1.4449446861795217
red_wing,17,3,2.2407224550119826
red_wing,17,5,1.906638483054449
red_wing,17,10,1.452013177852784
red_wing,18,3,2.2471168526037424
red_wing,18,5,1.913784562403527
red_wing,18,10,1.458794064755006
red_wing,19,3,2.2511310212734
red_wing,19,5,1.9130586509349765
red_wing,19,10,1.4700809989578083
red_wing,20,3,2.238989952638585
red_wing,20,5,1.927614725347091
red_wing,20,10,1.4811152843238684
red_wing,21,3,2.2335851502802493
red_wing,21,5,1.9224143956998718
red_wing,21,10,1.4762580351622479
red_wing,22,3,2.2286590349747915
red_wing,22,5,1.9204288554448796
red_wing,22,10,1.4670471434721382
red_wing,23,3,2.2225729814663815
red_wing,23,5,1.9159569454619563
red_wing,23,10,1.4590788789866824
red_wing,24,3,2.2054786875387444
red_wing,24,5,1.9042300484336216
red_wing,24,10,1.4530031800664887
red_wing,25,3,2.199421243850841
red_wing,25,5,1.895617614986512
red_wing,25,10,1.4491364199368082
red_wing,26,3,2.1899438461762024
red_wing,26,5,1.8854616572697012
red_wing,26,10,1.4462535960518483
red_wing,27,3,2.196378983333921
red_wing,27,5,1.881526585192125
red_wing,27,10,1.4473764288757174
red_wing,28,3,2.1804009125793558
red_wing,28,5,1.8710428220828978
red_wing,28,10,1.4510385794473173
red_wing,29,3,2.1621092207660997
red_wing,29,5,1.8585452175842532
red_wing,29,10,1.438344984502109
red_wing,30,3,2.157499043501601
red_wing,30,5,1.8515810895606224
red_wing,30,10,1.4258874221826368
red_wing,31,3,2.168646170781356
red_wing,31,5,1.8658523963295615
red_wing,31,10,1.4271225914804102
red_wing,32,3,2.1690521632964295
red_wing,32,5,1.8646131361568852
red_wing,32,10,1.4219813416230185
red_wing,33,3,2.1715203836429886
red_wing,33,5,1.86194805450938
red_wing,33,10,1.4148316972651624
red_wing,34,3,2.1599884088611603
red_wing,34,5,1.8476377506509056
red_wing,34,10,1.399375511439768
red_wing,35,3,2.1405657236263504
red_wing,35,5,1.840334452281584
red_wing,35,10,1.3922021184934863
red_wing,36,3,2.1240234999713614
red_wing,36,5,1.820219168330019
red_wing,36,10,1.3835131745117035
red_wing,37,3,2.120579756965971
red_wing,37,5,1.8109275701393184
red_wing,37,10,1.3755546336818352
red_wing,38,3,2.118890099227383
red_wing,38,5,1.8201418705005086
red_wing,38,10,1.3738661555078693
red_wing,39,3,2.125472411456606
red_wing,39,5,1.8249279794756017
red_wing,39,10,1.3719604045755762
red_wing,40,3,2.1302274698303263
red_wing,40,5,1.8251773098680921
red_wing,40,10,1.373392661972204
red_wing,41,3,2.1224521333083937
red_wing,41,5,1.8200676049498892
red_wing,41,10,1.3777126380971705
red_wing,42,3,2.1329148457902303
red_wing,42,5,1.8272513839616478
red_wing,42,10,1.381740004974425
red_wing,43,3,2.1335896426794863
red_wing,43,5,1.8293598579518404
red_wing,43,10,1.3911719976022656
red_wing,44,3,2.150520924895427
red_wing,44,5,1.8505029487767706
red_wing,44,10,1.3995509618694477
red_wing,45,3,2.1666314264137823
red_wing,45,5,1.86517774174229
red_wing,45,10,1.409812067424708
red_wing,46,3,2.1652021580098655
red_wing,46,5,1.8598298400169675
red_wing,46,10,1.417941407091428
red_wing,47,3,2.163815260137559
red_wing,47,5,1.8653593519521623
red_wing,47,10,1.4247336700503102
red_wing,48,3,2.1518573901150218
red_wing,48,5,1.8560407885988575
red_wing,48,10,1.4277364473464527
red_wing,49,3,2.1391153978826773
red_wing,49,5,1.833830660102171
red_wing,49,10,1.4288153281878593
red_wing,50,3,2.1332469847001514
red_wing,50,5,1.8317941130974873
red_wing,50,10,1.4251139659839396
red_wing,51,3,2.1312417511213155
red_wing,51,5,1.830439855232357
red_wing,51,10,1.4194549458964296
red_wing,52,3,2.1415714372459798
red_wing,52,5,1.8354116874240267
red_wing,52,10,1.41307899069872
red_wing,53,3,2.1335455148094216
red_wing,53,5,1.835212488803422
red_wing,53,10,1.4073226417622795
red_wing,54,3,2.1262043337181913
red_wing,54,5,1.8231940252526533
red_wing,54,10,1.3986323696864194
red_wing,55,3,2.130554912530349
red_wing,55,5,1.8160736667664414
red_wing,55,10,1.39868435589724
red_wing,56,3,2.1242947093205418
red_wing,56,5,1.8100335264159888
red_wing,56,10,1.3947495286138647
red_wing,57,3,2.1100506846714664
red_wing,57,5,1.8044134083893653
red_wing,57,10,1.3886230800866457
red_wing,58,3,2.101291083341093
red_wing,58,5,1.8013112341755324
red_wing,58,10,1.3726569305452507
red_wing,59,3,2.1019843294505325
red_wing,59,5,1.7921633337613425
red_wing,59,10,1.3695451675822579
red_wing,60,3,2.1144561920215876
red_wing,60,5,1.7982920379642575
red_wing,60,10,1.3722802830702623
red_wing,61,3,2.1202317986588213
red_wing,61,5,1.8032425693713652
red_wing,61,10,1.3743714521146284
red_wing,62,3,2.122767489750318
red_wing,62,5,1.8000984610622464
red_wing,62,10,1.3838493410669521
red_wing,63,3,2.1199196333989567
red_wing,63,5,1.8052562139785984
red_wing,63,10,1.3947533175266837
red_wing,64,3,2.1300679504913287
red_wing,64,5,1.8233265967581689
red_wing,64,10,1.4094148317651083
red_wing,65,3,2.1298598647479023
red_wing,65,5,1.826570839950409
red_wing,65,10,1.4084005928059078
red_wing,66,3,2.1209068136491807
red_wing,66,5,1.821362624184098
red_wing,66,10,1.4093590410582308
red_wing,67,3,2.1245775325843006
red_wing,67,5,1.8285907172269074
red_wing,67,10,1.4133974834763627
red_wing,68,3,2.102481870694482
red_wing,68,5,1.8180246395612212
red_wing,68,10,1.4120212156298866
red_wing,69,3,2.09183081033491
red_wing,69,5,1.8058710835780802
red_wing,69,10,1.4031677950059116
red_wing,70,3,2.089195933491421
red_wing,70,5,1.807737168252519
red_wing,70,10,1.393748778390215
red_wing,71,3,2.101726938940688
red_wing,71,5,1.812999129719386
red_wing,71,10,1.3826107867338404
red_wing,72,3,2.1008501254256977
red_wing,72,5,1.806269433101087
red_wing,72,10,1.375102533066304
red_wing,73,3,2.108394465971087
red_wing,73,5,1.820035051027431
red_wing,73,10,1.3873773315149887
red_wing,74,3,2.1271634333248706
red_wing,74,5,1.8250399735766107
red_wing,74,10,1.3971251039227521
red_wing,75,3,2.1177706312616333
red_wing,75,5,1.8208078883652972
red_wing,75,10,1.403545857341415
red_wing,76,3,2.117815658527574
red_wing,76,5,1.8355388331249953
red_wing,76,10,1.410123055490354
red_wing,77,3,2.10642121641448
red_wing,77,5,1.833170731203822
red_wing,77,10,1.4086976713786417
red_wing,78,3,2.108262090780056
red_wing,78,5,1.8187219428865697
red_wing,78,10,1.408994834299362
red_wing,79,3,2.1096934480949887
red_wing,79,5,1.8215551450890395
red_wing,79,10,1.400447779840583
red_wing,80,3,2.130461898404125
red_wing,80,5,1.8308338342765733
red_wing,80,10,1.394161056077829
red_wing,81,3,2.1245912183185354
red_wing,81,5,1.8258294699169682
red_wing,81,10,1.3802625291435167
red_wing,82,3,2.0929643037923276
red_wing,82,5,1.8105862121933036
red_wing,82,10,1.3686173817617409
red_wing,83,3,2.0758078024836575
red_wing,83,5,1.797985691546871
red_wing,83,10,1.360136255974254
red_wing,84,3,2.0739993832910297
red_wing,84,5,1.7908785818845487
red_wing,84,10,1.348528480664907
red_wing,85,3,2.0664734618655913
red_wing,85,5,1.7881191138805397
red_wing,85,10,1.3483155611513347
red_wing,86,3,2.065783873255139
red_wing,86,5,1.7994114078036736
red_wing,86,10,1.3562375382258658
red_wing,87,3,2.0803652310649223
red_wing,87,5,1.8150721854472538
red_wing,87,10,1.3628050076137121
red_wing,88,3,2.09451519171685
red_wing,88,5,1.8135308392325626
red_wing,88,10,1.3661276880882927
red_wing,89,3,2.091880422939669
red_wing,89,5,1.7988166666160526
red_wing,89,10,1.3672356019659961
red_wing,90,3,2.064367620051767
red_wing,90,5,1.7811576556968545
red_wing,90,10,1.3642290300884667
red_wing,91,3,2.05374977817025
red_wing,91,5,1.7758433203242072
red_wing,91,10,1.364881516312714
red_wing,92,3,2.068143583502783
red_wing,92,5,1.7872009738623982
red_wing,92,10,1.377329940110469
red_wing,93,3,2.0737841262546226
red_wing,93,5,1.7901590207489866
red_wing,93,10,1.3761152510040056
red_wing,94,3,2.074045566193214
red_wing,94,5,1.8035612474605074
red_wing,94,10,1.3849577778814588
red_wing,95,3,2.0813786225148734
red_wing,95,5,1.8078272796167276
red_wing,95,10,1.3890164658647066
red_wing,96,3,2.092196247554151
red_wing,96,5,1.8118487120810522
red_wing,96,10,1.3911071615977537
red_wing,97,3,2.102271395513739
red_wing,97,5,1.8253484451666182
red_wing,97,10,1.4007532320930611
red_wing,98,3,2.123978342927172
red_wing,98,5,1.8369086770280747
red_wing,98,10,1.418708617331017
red_wing,99,3,2.1239505152377918
red_wing,99,5,1.8452298919844825
red_wing,99,10,1.4249579424005567
red_wing,100,3,2.121546087281872
red_wing,100,5,1.8459625006749185
red_wing,100,10,1.4214082534869092
red_wing,101,3,2.124298153674407
red_wing,101,5,1.8425361655312162
red_wing,101,10,1.4198170288375582
red_wing,102,3,2.123532796351382
red_wing,102,5,1.83263420420319
red_wing,102,10,1.4199699906817695
red_wing,103,3,2.1254407554211197
red_wing,103,5,1.8259679454026188
red_wing,103,10,1.4250706310055676
red_wing,104,3,2.139102030847665
red_wing,104,5,1.8330717720763472
red_wing,104,10,1.4236536239448512
red_wing,105,3,2.136418194413487
red_wing,105,5,1.8378583564210906
red_wing,105,10,1.4199292703914832
red_wing,106,3,2.1359745924224107
red_wing,106,5,1.8441771844608255
red_wing,106,10,1.4148032847858705
red_wing,107,3,2.133563488652598
red_wing,107,5,1.8294438311604955
red_wing,107,10,1.4098805094862392
red_wing,108,3,2.1269868997651535
red_wing,108,5,1.8192894859131679
red_wing,108,10,1.4051919403227444
red_wing,109,3,2.1144547211467204
red_wing,109,5,1.8171856713940402
red_wing,109,10,1.397494864977821
red_wing,110,3,2.1151011151978825
red_wing,110,5,1.8194672389679862
red_wing,110,10,1.3851757703784564
red_wing,111,3,2.122100065368013
red_wing,111,5,1.8234265273909562
red_wing,111,10,1.377469154811914
red_wing,112,3,2.1071304583049697
red_wing,112,5,1.8192501680908109
red_wing,112,10,1.369072393809466
red_wing,113,3,2.1097320808422175
red_wing,113,5,1.8248240930631248
red_wing,113,10,1.3665954544301364
red_wing,114,3,2.1035117231964557
red_wing,114,5,1.8270821373560961
red_wing,114,10,1.3713733724088026
red_wing,115,3,2.1136019377343143
red_wing,115,5,1.8340444694976332
red_wing,115,10,1.3770349854526334
red_wing,116,3,2.1221008837009947
red_wing,116,5,1.8427758115671935
red_wing,116,10,1.3790952817493363
red_wing,117,3,2.120512460820885
red_wing,117,5,1.8392428389009785
red_wing,117,10,1.3823200302015781
red_wing,118,3,2.119912103485616
red_wing,118,5,1.8378582527949856
red_wing,118,10,1.3840616842239122
red_wing,119,3,2.12592402106095
red_wing,119,5,1.835374266759958
red_wing,119,10,1.383073393546784
red_wing,120,3,2.1265698208787747
red_wing,120,5,1.8265631770210184
red_wing,120,10,1.3739124214420517
red_wing,121,3,2.1146821108417386
red_wing,121,5,1.8243132529985182
red_wing,121,10,1.3698246014309863
red_wing,122,3,2.10724385604371
red_wing,122,5,1.8098815006128408
red_wing,122,10,1.3649747215550683
red_wing,123,3,2.096612338008832
red_wing,123,5,1.7960769438987896
red_wing,123,10,1.3657560457576832
red_wing,124,3,2.094739261879388
red_wing,124,5,1.7975279248177323
red_wing,124,10,1.3652673636621149
red_wing,125,3,2.09952609667185
red_wing,125,5,1.7886717214813972
red_wing,125,10,1.3557799807789372
red_wing,126,3,2.1008003157046202
red_wing,126,5,1.775228662751462
red_wing,126,10,1.3384264796550642
red_wing,127,3,2.102058524146771
red_wing,127,5,1.7830728648171084
red_wing,127,10,1.3184651017762832
red_wing,128,3,2.108280083702989
red_wing,128,5,1.782884808156064
red_wing,128,10,1.308620718367198
red_wing,129,3,2.109792396544478
red_wing,129,5,1.7740663911732462
red_wing,129,10,1.3036086025853155
red_wing,130,3,2.10362718612142
red_wing,130,5,1.783515275463885
red_wing,130,10,1.307715026811481
red_wing,131,3,2.101190023600057
red_wing,131,5,1.7833072602186322
red_wing,131,10,1.316506284342779
red_wing,132,3,2.1119931406669963
red_wing,132,5,1.7846170208626537
red_wing,132,10,1.3255762606632757
red_wing,133,3,2.114325832218481
red_wing,133,5,1.800683106985847
red_wing,133,10,1.3273497933681195
red_wing,134,3,2.1202714526038013
red_wing,134,5,1.8018381312017437
red_wing,134,10,1.3327571114392853
red_wing,135,3,2.1179251289793415
red_wing,135,5,1.810424533156775
red_wing,135,10,1.3284193775095883
red_wing,136,3,2.116602036722722
red_wing,136,5,1.8112936610265225
red_wing,136,10,1.3266132066025662
red_wing,137,3,2.119400583641826
red_wing,137,5,1.8215585892377506
red_wing,137,10,1.332617588152539
red_wing,138,3,2.1398585232295746
red_wing,138,5,1.8218624559780805
red_wing,138,10,1.3293913079140633
red_wing,139,3,2.134934832489071
red_wing,139,5,1.8165845390654543
red_wing,139,10,1.3220054618925339
red_wing,140,3,2.12372424228359
red_wing,140,5,1.8100382864460682
red_wing,140,10,1.3172498926522316
red_wing,141,3,2.1186760344492477
red_wing,141,5,1.809632602333913
red_wing,141,10,1.3186464721582283
red_wing,142,3,2.1165781051365578
red_wing,142,5,1.7976715672865806
red_wing,142,10,1.3150939709900307
red_wing,143,3,2.106974263166176
red_wing,143,5,1.7825016757160839
red_wing,143,10,1.3131725236663119
red_wing,144,3,2.104664113700201
red_wing,144,5,1.781737726823228
red_wing,144,10,1.31779193372798
red_wing,145,3,2.088787874063388
red_wing,145,5,1.7829079836457469
red_wing,145,10,1.3234169456230322
red_wing,146,3,2.080685631370799
red_wing,146,5,1.7867053164352429
red_wing,146,10,1.3285809889080404
red_wing,147,3,2.081632124177461
red_wing,147,5,1.793920029615581
red_wing,147,10,1.3395614914973422
red_wing,148,3,2.0978921625925597
red_wing,148,5,1.8110137162177784
red_wing,148,10,1.3467843136637878
red_wing,149,3,2.1115157455812863
red_wing,149,5,1.8142586817916753
red_wing,149,10,1.3488208722604345
red_wing,150,3,2.1183556793134555
red_wing,150,5,1.8161356719887918
red_wing,150,10,1.3431505270002955
red_wing,151,3,2.1037739341898405
red_wing,151,5,1.8165585806267828
red_wing,151,10,1.3383881386415215
red_wing,152,3,2.1170606069839915
red_wing,152,5,1.8233397271348712
red_wing,152,10,1.335384854548165
red_wing,153,3,2.1193135410730646
red_wing,153,5,1.8273900199789583
red_wing,153,10,1.3321477523176881
red_wing,154,3,2.1323631336867734
red_wing,154,5,1.832563024790045
red_wing,154,10,1.332860431111886
red_wing,155,3,2.14398994019065
red_wing,155,5,1.8373543122958562
red_wing,155,10,1.3350729264853314
red_wing,156,3,2.1346010723576594
red_wing,156,5,1.831244577654532
red_wing,156,10,1.3398732755439404
red_wing,157,3,2.128744210723652
red_wing,157,5,1.8318898353325705
red_wing,157,10,1.3429782842370628
red_wing,158,3,2.125681360748935
red_wing,158,5,1.828622981580069
red_wing,158,10,1.3432729394354972
red_wing,159,3,2.1222101301679492
red_wing,159,5,1.8274834486562561
red_wing,159,10,1.3453497919524118
red_wing,160,3,2.11767463357471
red_wing,160,5,1.8308652079132042
red_wing,160,10,1.3550840902602683
red_wing,161,3,2.1210733050296326
red_wing,161,5,1.840028234640985
red_wing,161,10,1.3656471771523329
red_wing,162,3,2.136639246542533
red_wing,162,5,1.8454443226125843
red_wing,162,10,1.3623973650823942
red_wing,163,3,2.1426384869660327
red_wing,163,5,1.8413143863212857
red_wing,163,10,1.365450572472998
red_wing,164,3,2.1483597505636123
red_wing,164,5,1.8500272742662434
red_wing,164,10,1.365517366513668
red_wing,165,3,2.1425135588896485
red_wing,165,5,1.8483256156338221
red_wing,165,10,1.3680134373179058
red_wing,166,3,2.13674164522408
red_wing,166,5,1.8449674865172492
red_wing,166,10,1.372807718996052
red_wing,167,3,2.148642723740113
red_wing,167,5,1.8408147558636756
red_wing,167,10,1.3704140986319349
red_wing,168,3,2.137446188439373
red_wing,168,5,1.8341861086362874
red_wing,168,10,1.371081748398142
red_wing,169,3,2.1317590673623945
red_wing,169,5,1.8286946662522077
red_wing,169,10,1.3736525215600484
red_wing,170,3,2.1215859139838376
red_wing,170,5,1.8290267779214133
red_wing,170,10,1.373955142850864
red_wing,171,3,2.1219096668796924
red_wing,171,5,1.8285433658719112
red_wing,171,10,1.3685274384014878
red_wing,172,3,2.113560956892943
red_wing,172,5,1.822539067979105
red_wing,172,10,1.3614879423118413
red_wing,173,3,2.1110905072241684
red_wing,173,5,1.8203180886091888
red_wing,173,10,1.3619027508039423
red_wing,174,3,2.1164327283315023
red_wing,174,5,1.8260678720143675
red_wing,174,10,1.361474962109078
red_wing,175,3,2.1266088641221588
red_wing,175,5,1.8311229341632975
red_wing,175,10,1.3608130515118972
red_wing,176,3,2.129114440154738
red_wing,176,5,1.8334531285308318
red_wing,176,10,1.3562769670512136
red_wing,177,3,2.144145821899788
red_wing,177,5,1.839696528162433
red_wing,177,10,1.3544196911084967
red_wing,178,3,2.1434780402564533
red_wing,178,5,1.8372200939473888
red_wing,178,10,1.3571423514049954
red_wing,179,3,2.1443347668324204
red_wing,179,5,1.8325708451666927
red_wing,179,10,1.35315044993858
red_wing,180,3,2.126054900386836
red_wing,180,5,1.8235494220779076
red_wing,180,10,1.3472654564842852
red_wing,181,3,2.119217164079031
red_wing,181,5,1.8195608766146716
red_wing,181,10,1.3487640263578164
red_wing,182,3,2.117934081918907
red_wing,182,5,1.8137383723257798
red_wing,182,10,1.3404551694081146
red_wing,183,3,2.108673988744153
red_wing,183,5,1.803601042517343
red_wing,183,10,1.3275499748365345
red_wing,184,3,2.089687145591694
red_wing,184,5,1.7916288365701014
red_wing,184,10,1.3210350553948906
red_wing,185,3,2.0852924068141743
red_wing,185,5,1.7835083518199006
red_wing,185,10,1.3173427835067884
red_wing,186,3,2.0826134105229137
red_wing,186,5,1.7747799977555623
red_wing,186,10,1.3119403206717735
red_wing,187,3,2.078146826029263
red_wing,187,5,1.777745702681476
red_wing,187,10,1.3117431866267744
red_wing,188,3,2.074042342655418
red_wing,188,5,1.7686051508804788
red_wing,188,10,1.3054630868680253
red_wing,189,3,2.0529601289093087
red_wing,189,5,1.7580437381558136
red_wing,189,10,1.3042943869689267
red_wing,190,3,2.045322605379046
red_wing,190,5,1.752065379771599
red_wing,190,10,1.2983742334936093
red_wing,191,3,2.0581232049273854
red_wing,191,5,1.7553388430089152
red_wing,191,10,1.29837736909713
red_wing,192,3,2.0613733036262794
red_wing,192,5,1.76560935520693
red_wing,192,10,1.2955904788286094
red_wing,193,3,2.0649146380523904
red_wing,193,5,1.7747894597948148
red_wing,193,10,1.2968753799039519
red_wing,194,3,2.063654093639533
red_wing,194,5,1.770933748415696
red_wing,194,10,1.2961432884960633
red_wing,195,3,2.073723820985256
red_wing,195,5,1.7745685864477325
red_wing,195,10,1.2980475947811012
red_wing,196,3,2.084217220492887
red_wing,196,5,1.7797943921252033
red_wing,196,10,1.300743637927006
red_wing,197,3,2.0790858929637324
red_wing,197,5,1.7777254428447122
red_wing,197,10,1.3013277141706148
red_wing,198,3,2.0768943493351797
red_wing,198,5,1.7801132833243525
red_wing,198,10,1.2920053047854694
red_wing,199,3,2.0684385817961273
red_wing,199,5,1.7628900247741548
red_wing,199,10,1.2866002696087886
red_wing,200,3,2.0657561312912893
red_wing,200,5,1.7580618231868188
red_wing,200,10,1.2887335412058896
