lag,median_U1,p16_U1,p84_U1,p2_5_U1,p97_5_U1,median_U2,p16_U2,p84_U2,p2_5_U2,p97_5_U2,median_R12,p16_R12,p84_R12,p2_5_R12,p97_5_R12,median_S12,p16_S12,p84_S12,p2_5_S12,p97_5_S12,median_leak,p16_leak,p84_leak,p2_5_leak,p97_5_leak
1,0.016978119855584704,0.00644125682107448,0.03948001286339317,0.0,0.05268991791209289,0.15468618216086144,0.1289246996858197,0.18593155593553562,0.10408830613187102,0.2035638475121561,0.3703374316944514,0.3526274373993647,0.3918967065297558,0.3306874767526348,0.4128947751325394,0.4526217431344828,0.4308536427639083,0.4738126481068536,0.41363781016131046,0.49019762244624965,0.6892736174083438,0.6760982179007877,0.701278718018802,0.6691627720575164,0.7109905663865561
2,0.02273809120313657,0.009735256837191758,0.04372290413202037,0.001324161824499072,0.06228680406805345,0.14443710690960132,0.11916088884969273,0.1711854003147215,0.09578818665249025,0.19293978028513836,0.36903399688638344,0.3521970154139264,0.39228220711423223,0.3355427447725391,0.40577887599428875,0.4591504470681124,0.43265712705689513,0.4813911415009731,0.4154630919012053,0.4943439602506163,0.6897305781231884,0.6794969737592975,0.7010339310274986,0.6701665222998073,0.7103667064232431
3,0.0297450209260915,0.015121706579186508,0.049948393526946265,0.0061639576229483364,0.0722428160678321,0.1347325442742411,0.10757084619085024,0.15902545626934178,0.0883349026261879,0.17832575074084672,0.3686870931141571,0.35043913425888795,0.39445891911578046,0.332331691245334,0.4054449650733894,0.46561757152841676,0.439037413571956,0.4848120537721355,0.4212557708614549,0.5051009618297004,0.68934123853801,0.6777022931352887,0.6996049822658184,0.6683602725891287,0.709122145867272
4,0.03657992785242274,0.021806143258069767,0.05937124045432829,0.010232168739309032,0.0814725611505347,0.1200260020041308,0.09559188487235622,0.14733623938353027,0.08064682369724392,0.16821483234083565,0.37134078431445505,0.3495186746845702,0.3921435481826841,0.3305376137606683,0.4096490129135263,0.4699035059704289,0.4453216513653474,0.48792465860598944,0.42220384420795265,0.5093840893129331,0.6895339556282907,0.677165104001486,0.7005818123261561,0.6664163169389289,0.707334872570293
5,0.04177148157152258,0.02708051858136889,0.06565526551056476,0.014471765552443555,0.08827376845777841,0.11381391037019294,0.08760090795234257,0.136603784162836,0.07240913247527743,0.15775600568502515,0.3719923329449378,0.35099985158750535,0.39273674377673695,0.3328448265138078,0.4082717076517454,0.4711180416926588,0.448955634411737,0.49384428573190836,0.4233303905731317,0.5154724681998971,0.6884622188873147,0.6781338308348484,0.6998216597594068,0.6658346096247708,0.7073577011577856
6,0.0511567441249537,0.03445703693281041,0.07349029103770156,0.01783946133906635,0.09471973654631168,0.10385789324104108,0.08220534029430425,0.1258305243678911,0.06359978441701886,0.1486511141148953,0.37111883974232707,0.35246107404493265,0.39341379596105436,0.3338801534687398,0.40954018558041344,0.4718976034856066,0.453458879799444,0.4954638489268075,0.4210865020309351,0.5171662844401762,0.6900754880061928,0.6782556662877695,0.7009362239098619,0.6691667311889326,0.7094718266567853
7,0.05790669575412628,0.04025780033257832,0.08125756151471493,0.02299267997025204,0.09615363589346763,0.09428261721312498,0.07612984441703398,0.11512563043128275,0.056281883789866254,0.14015307160051957,0.3710276752214773,0.3502956118799416,0.3930338198508467,0.33110025083581196,0.407453771033462,0.4732035771640992,0.4576763371290552,0.4955119935115265,0.43087963631152115,0.5157092276623336,0.6894442975817054,0.6779236894046674,0.6986648903405338,0.6693107151393973,0.7112301241040335
8,0.0646599398394897,0.04461859848086874,0.08521941705724445,0.032275843841455515,0.10784540368356514,0.08848397965360985,0.07046333685757387,0.10968057151689191,0.047753662098972596,0.1297515322221368,0.37040935654636664,0.3503374462554184,0.3899114218919286,0.33149498291242574,0.40477024587136856,0.4761520000663323,0.4594210639638121,0.49755663321817767,0.43749061837171704,0.5132013652166908,0.688355400294169,0.6764569666921235,0.6967897610068818,0.66955553474301,0.7096126566563483
9,0.06860122117481693,0.04949370714918419,0.08655121865849676,0.036339752942080784,0.11076143404082357,0.0869735051726277,0.06636863974430215,0.10943964543761421,0.047904939606023995,0.12730525092216696,0.36621573083192716,0.3452200161000787,0.384933800704716,0.32765681307380906,0.4063548400528391,0.47775975268748216,0.4618132727584471,0.49648559019813754,0.4414221581725347,0.5177074025484508,0.6867252095336398,0.6741209259233035,0.6962818578157821,0.6691614796732033,0.7080817765887435
10,0.0713173917753627,0.05274135959903292,0.08877980478517689,0.04015861144840697,0.11556598326170793,0.08277830140792256,0.06144957765837995,0.1055170510807734,0.04782840239174993,0.12023046825201483,0.3599931289404186,0.34144660880718636,0.3796566765357436,0.32634377527595587,0.40675081621582615,0.4833298312317345,0.46335413402475273,0.49941118098840637,0.4459702676745314,0.5166760561637534,0.6844642493349382,0.6741242479856356,0.6946590017426317,0.6626516886368305,0.7038088322669525
11,0.0731733906822261,0.055938189405769854,0.0934637442759999,0.03847249749837892,0.1129555197587013,0.08385251882792084,0.05928116443225065,0.10254249734235667,0.0447777157446758,0.12204243825487086,0.355910851846688,0.3376567191429318,0.3764177563794906,0.3236769719988369,0.40089349781192546,0.48506735220138764,0.4694170341478404,0.5046758119108202,0.4449247934056124,0.5218503812672223,0.685356130960957,0.67273629809424,0.6954965493235431,0.6593368554040431,0.7023470959568795
12,0.07545236257642532,0.05855317726418444,0.09703890243753285,0.03787855834983673,0.11406585157190481,0.08357032057345257,0.05984939982939542,0.100533619435881,0.04724824482798086,0.12321240260143028,0.3543268962270233,0.3334309095930617,0.3734608617029591,0.3145558252150496,0.391448575103323,0.48809836803546836,0.4730621790710893,0.5060932023664296,0.4508138950802471,0.5205644317960081,0.6841533971804739,0.6715353652931839,0.6946115919779232,0.6593084710921581,0.7044608965552417
13,0.07555644091028985,0.05963787327725398,0.09543032911703471,0.033740370539934283,0.11423152924014084,0.08048225834003173,0.05841598539444123,0.09961791932068532,0.03761060880200496,0.12365243871457275,0.3536214789594795,0.33390055759813636,0.37266822201635147,0.3152915388050376,0.3889320682715431,0.49143370462153335,0.47345206718679467,0.5080890023063466,0.4586099355114155,0.528326631099456,0.682954148101315,0.6718088552943206,0.6944404577553644,0.6614438653902518,0.7054857745240138
14,0.0769346241340085,0.05936485127133943,0.09393557248927291,0.030628264818062825,0.11100363452178628,0.07703032688661145,0.056095791479619336,0.0996241863229245,0.03589609078080016,0.12496596494285397,0.3538557889227196,0.3340984680498966,0.3699183684483835,0.3128507522946533,0.3875909244551822,0.49277117063165227,0.4738120949287241,0.5132862432659994,0.45805356179873474,0.5357571213985105,0.6848050045780573,0.671280076229913,0.6952540478534053,0.6592351926306717,0.7075783990956906
15,0.07860911855219857,0.061439583055514405,0.09423406579580557,0.028784504112471656,0.11135372876498313,0.07449193670391688,0.053691519288928215,0.09454359943125426,0.03474110186498296,0.12169076697166317,0.3506400870875198,0.33098915155890035,0.3695333560001964,0.3133942198550811,0.38538278677502474,0.49822903096467375,0.4774453439108941,0.5177772043261855,0.4561999039210585,0.5380729024104565,0.6853499376201786,0.6731719046094151,0.6955951478177496,0.6572048201112767,0.7104133227018925
16,0.08049810149798271,0.06303616409194741,0.10006278464313181,0.0295307912977932,0.11640816491551512,0.0707727819569895,0.05167743705118995,0.09114132134234026,0.032686646889401975,0.12250173626709872,0.3479122717649138,0.329304475922988,0.367545891585312,0.3121819119448515,0.38042726386344733,0.5028667047844706,0.47968940947224825,0.5187533997865711,0.46003022083633477,0.5417228832724975,0.6863580675817766,0.6751679761112274,0.6984457284327193,0.657946589181139,0.7109657422668045
17,0.07961741680869555,0.06469788962135217,0.10272315285711825,0.03538664463258153,0.12047552544737623,0.07031458217761828,0.0459618931218419,0.08647538463239544,0.03157545594865881,0.11763185587436784,0.3456592524305336,0.32839434983557,0.3673166697226521,0.3113423088610531,0.3771114848613434,0.5069355895569534,0.4842674159292379,0.5240081178480397,0.4623598008856458,0.5440260624529567,0.687275066675697,0.6737776701686865,0.6995145810555307,0.6604282729773461,0.7109107798164948
18,0.08141465239007512,0.06548916543851017,0.10601155073967185,0.04304930141053469,0.12391685066733957,0.06460671015683883,0.04355942001567356,0.08406711538622165,0.027394148695636666,0.11205916834582932,0.34194307259712264,0.3269905740605359,0.3651925555042853,0.30566502962238334,0.3786772320594882,0.5087311327353472,0.4866485671045574,0.5270007527908493,0.4564281615004638,0.5453864135037516,0.6868858272479507,0.6726231073456924,0.6979350192564759,0.6591385631182323,0.7107890255226876
19,0.08065307205099595,0.06640382768441054,0.10797054685019848,0.046257874899497106,0.12431571431513137,0.06167968171016236,0.043721984482211054,0.08209880117065493,0.02622662626867288,0.11037270437944403,0.33954085580335236,0.3239497754362909,0.36127696670342657,0.30692883492516737,0.376814790322984,0.513148979915754,0.4885983972469217,0.5287911290483299,0.4534739004024129,0.5483793337052867,0.6870618826419606,0.6753280572809226,0.6993098249065575,0.6614950578698907,0.7116654247926326
20,0.08120962038889457,0.06433778574842422,0.10651076919618903,0.04646211519316467,0.12870948333061108,0.06060950174352943,0.04194938064385004,0.08192276038501643,0.02472821703840126,0.10742183339355443,0.33650837404424255,0.3173794543087708,0.3597497662401441,0.30375220478845133,0.376734264855256,0.5169843699243906,0.4918396736166061,0.5353123817531174,0.45886999300324993,0.5513250112612151,0.6883014289297174,0.6736049836590932,0.6999732518476023,0.6607677395490844,0.7127877238797315
21,0.08485361016279391,0.06180559718563286,0.10893593178799349,0.04536204418524631,0.13228833585350153,0.0586111024417901,0.042750568456106905,0.08242562642532594,0.026343542278933076,0.10614065118407742,0.3338164818940221,0.3121464301496347,0.35559283959747917,0.3003774087564671,0.3744156779340233,0.5224863710268723,0.4991895462782858,0.5396267479655362,0.4645828452634444,0.5590960593419242,0.6877941672586875,0.6723707221407874,0.7009592762878261,0.6575726137314606,0.7123743896439503
22,0.08472356027971809,0.06136203253271382,0.10724166515969584,0.046307755162108874,0.12926626245714765,0.056262619909527495,0.04033992968335864,0.07944125699870563,0.0252110974303497,0.10938567997785599,0.3315651953827836,0.3093006058574674,0.3526592162752966,0.2962468153820668,0.3697154028366912,0.5285950199791298,0.5082112480785476,0.5445869900685795,0.47628894341065,0.5617048192787962,0.6870479629943604,0.6736474207994826,0.6999817245236633,0.6567637268534493,0.7108472633753322
23,0.08227330668863694,0.06320024464061531,0.10546750950316433,0.048611220531959216,0.12499005409013507,0.05559580180725164,0.037777683486286635,0.0804150714420013,0.025807968560978826,0.10480171646731835,0.32679827417288915,0.30706521528136277,0.3505241669329343,0.291735083854911,0.36317274106567193,0.5328018299642903,0.5119614441010063,0.5503395204722512,0.48308532054002723,0.5628202227340156,0.6875564409340273,0.6747198030893146,0.7007497600274881,0.6551940546782689,0.7117187250754189
24,0.08160441751954015,0.059285095579524175,0.10316142267423299,0.04514839763161452,0.1250154043979569,0.05587740753682754,0.03648320570642861,0.07883740224035181,0.025326629983553832,0.10263975400032463,0.3229535655025503,0.30563479936428856,0.34601312285164465,0.2873987840969023,0.3590601288149726,0.5377881720356283,0.5160159384436357,0.5549138039441613,0.49026817909365455,0.5685895059613612,0.6895210621092454,0.674562286485123,0.7012204783951189,0.6549917500799717,0.7106315353687241
25,0.0770901296043342,0.05659501025061334,0.09899094725224358,0.03945120739079367,0.12316008875620539,0.05539211233435016,0.03543820981945572,0.07675106588416312,0.026000286418052708,0.10582661801745778,0.3243668655653916,0.30376809714186837,0.34631310108431973,0.2855886026782647,0.35574244897866525,0.5423036770392853,0.5202317319679491,0.5574558828864951,0.501896631224934,0.5732807221556774,0.688416790429121,0.6744186066945783,0.7026579284507409,0.6552134552377207,0.709571165582106
26,0.07600879314393405,0.054327424239498136,0.09810467836156489,0.03752819220719095,0.12231865443104052,0.05439270458165831,0.03559284111529755,0.07770644936371895,0.021843402385638706,0.1065758805531014,0.32298797841628546,0.30149011809635595,0.34214971514854614,0.2856615887205589,0.35486672773729716,0.5488356890948082,0.5254790101799734,0.5621100742158872,0.5113563056170615,0.5799480838826808,0.6875477619285773,0.6722362237991661,0.7016279623452613,0.6569673499360535,0.7110162043410746
27,0.07186248195488765,0.05092084579342003,0.0918630944318455,0.03471761630352628,0.11820676980660459,0.05425407378514257,0.0364947178096523,0.07516268804653606,0.019742051661766374,0.10730962748221222,0.321027745265318,0.3011172168466194,0.34064377966196124,0.28721055497023096,0.35637529556154124,0.5518215914141887,0.531026342502236,0.5660050425833629,0.5186809155765,0.586096627642625,0.6862312974090483,0.6704817452808861,0.7010478115323807,0.6561814946335288,0.7098772629015045
28,0.06572310158588805,0.0466308956849947,0.09142036909525275,0.031683788535417076,0.11646834018376835,0.053625007663931884,0.03784908839157628,0.07694342997789257,0.02069807549017726,0.10295610028002286,0.3208172617897098,0.3011438096630931,0.33993172923571174,0.28594785935104233,0.3590582684111739,0.5539779591540814,0.5360819852329113,0.5695309605289302,0.515488369373989,0.5899365241585681,0.6863561985206947,0.6706688877166854,0.7009735758084422,0.6591131377407867,0.7109403687353141
29,0.06207696554570053,0.04230393296760875,0.08510812378122917,0.024081878975587685,0.1091159502124548,0.05331578178083113,0.0381210924793125,0.0760034555895247,0.024022811413871026,0.10148295986950084,0.3211754851751192,0.3017623929598934,0.3430174238809284,0.28772656084874526,0.36049081333597305,0.5591784200521381,0.5432626918795457,0.5737211730224301,0.5220468468365335,0.5913618540163744,0.6864559234624166,0.6723524928917349,0.7007256776858297,0.6584657725519448,0.7106029471914362
30,0.056398018616837284,0.03816132507284303,0.08049157100538165,0.019973399966805076,0.10314051604817638,0.054045788693691706,0.03692100691001135,0.0750835547547396,0.01728602826057526,0.09776335195495109,0.3215147374634699,0.3008892906480013,0.3440444400923275,0.28907192274110577,0.3633597428266397,0.5670237626071732,0.548669091234572,0.5795465008594761,0.5261208524129274,0.5947550134951785,0.685293492686655,0.6713268325981635,0.6997693723232038,0.6596293911880862,0.7081101568937082
31,0.05479435012391481,0.03515626603455656,0.07885478351505854,0.016778339960045664,0.09912048722057601,0.051142003566561525,0.03671453994102749,0.07519893984501076,0.014769861878785482,0.09992000776763814,0.32097942865454765,0.30050162495491056,0.33921667292107194,0.2863504143315149,0.3610113711202554,0.5689451212134278,0.5555896121427901,0.5841705116155949,0.5334490803819828,0.6048414135544807,0.6831538219868316,0.6713729656292146,0.6979256411224912,0.6596715585250975,0.7055446739737823
32,0.05181090259221807,0.031081489764859624,0.07581088113918374,0.01624437935200272,0.09725949119618467,0.053728337935925616,0.033372662852745066,0.07549846273897294,0.020227641961293244,0.09744373600204567,0.3195164937628749,0.3020114294515929,0.3398331636990898,0.2842947075754579,0.3680427781542206,0.5714818203734082,0.5547050657885897,0.5868916380752782,0.5393475142663003,0.6058389988296548,0.6830667124172544,0.6715646386330274,0.699409602702497,0.6587406002715498,0.7092722250500617
33,0.051278387462217453,0.029724900667823066,0.07356190866242815,0.014898676311319881,0.09452465184675692,0.055011110672170974,0.033823821807948344,0.0778684123025324,0.0155964279390188,0.09607949390744329,0.3191121074078185,0.30384170863463067,0.3410289652234667,0.2818055707697315,0.36592476822411885,0.5714862035892974,0.5573918089569555,0.59034755633812,0.5395500166951591,0.6094548652506689,0.6837580469203522,0.673491614544956,0.7002974366994681,0.6620435880239489,0.7110433044411161
34,0.04939325717906208,0.027974579195018508,0.069375274217229,0.008794816017884073,0.09157355921466429,0.05487372444634753,0.030956624087328057,0.0784368976966541,0.015372454917919198,0.0943868299885575,0.31959538347320904,0.30419151206726697,0.33855067246632714,0.28605001259475055,0.36353825254550803,0.5736119379638549,0.5565564072608524,0.5939656534603917,0.5428947423921809,0.6105643869571569,0.6840148767855584,0.6734903582823181,0.6991819981932138,0.6616291685869008,0.7118772961301074
35,0.049511769052143065,0.02703593444449543,0.06992952567533266,0.0074883270927875376,0.08881888772364374,0.052548022079220186,0.030781271978933992,0.08320813712043627,0.018324351296786383,0.0946393190603863,0.3190548279033119,0.30038194375399724,0.33638049663315855,0.2848999080012551,0.3596475386021203,0.576072538236295,0.5524913601611743,0.5973594432250471,0.5405174466643363,0.6116158486124181,0.6838016653286036,0.6733897823837844,0.6984744795863908,0.6582668958263411,0.7122571201256196
36,0.04671931072675924,0.02793951092203798,0.07194974192077025,0.007189234526899882,0.087636182163251,0.05243498823060591,0.03302746927740459,0.07949289028331019,0.016145324135556624,0.0966494992925211,0.3181300781651316,0.29857054086680834,0.33500595780851544,0.28301175936461664,0.35566859211461826,0.5787035463015286,0.5542697340307221,0.5973259065147799,0.5419492822582952,0.6112191270686373,0.6841436491229189,0.672876900514417,0.698681357006589,0.6590840634430158,0.7148732402419058
37,0.049659407700136965,0.02686027809266364,0.07059116406628978,0.006272747020578012,0.08821746643855632,0.05196988630266812,0.0331171360406385,0.07836734620536577,0.018154412034075976,0.10262317335567396,0.3160382540297581,0.29693031410723536,0.33486564346041453,0.28359647222142886,0.35155287095835436,0.5831634181824035,0.5565684645881731,0.5989933855570047,0.5445422516243269,0.611828685526127,0.6832860955046227,0.6722934999807041,0.698091564997591,0.6587849555157922,0.7109799825678454
38,0.04834613987009796,0.024935924508075125,0.07044556169484806,0.0058515891758482135,0.0876912075147672,0.05313872657402771,0.03236423046838079,0.0782872321334776,0.019960040815654213,0.09810002231775493,0.31279988555176363,0.2940022172924033,0.33247627841749977,0.2807031837894645,0.34341905559103586,0.5869581340054015,0.5606185955134211,0.6048410306083852,0.5462282633314915,0.6192217880020702,0.6810065947551882,0.6702738194702966,0.6964511240785016,0.660547578604043,0.7090477802337646
39,0.04838287853596003,0.024727900104933035,0.06659852314784255,0.007737786339437792,0.09031295195717892,0.05305307607121236,0.03300416103694268,0.07665635931981105,0.019592320524554806,0.09462266119519268,0.3142475064642605,0.29055287714751515,0.33119338262184084,0.27898867936188276,0.3399695341421271,0.5873170063949366,0.5660245325866524,0.6110866534611479,0.545139817108649,0.6194884335072129,0.681355461470234,0.6702937209679289,0.6956442993452361,0.6587582269310576,0.7059121304907742
40,0.0448321496295873,0.025866010288836037,0.06787374835310356,0.007725822945605907,0.0937297111758802,0.04981938843862972,0.030237940743440824,0.0745501020703689,0.017620725971104395,0.0930059290325882,0.31222302828124204,0.2906471712048767,0.33157518788920615,0.27837816555425277,0.3440721122106529,0.588429791691109,0.5695008045493616,0.6111623863629917,0.5511135316338451,0.6292059672299238,0.6815702241018351,0.6696662310527889,0.6954333906253708,0.6597104559553697,0.7093236577325023
41,0.042381296181452574,0.027346126658822096,0.06951262628505489,0.010008240148968688,0.08993230364148254,0.04931318956290054,0.0296258233025462,0.06993425210106241,0.018067354192945258,0.09644344426666411,0.3118408541203044,0.29214200777877625,0.33055857191096355,0.27909514907876143,0.3411287419909421,0.5927806449506821,0.5699388547557109,0.6123477795814452,0.553803284805293,0.6317416557417219,0.6810387980596981,0.6709896535504589,0.6936779162741877,0.6610583832634557,0.7070887079488933
42,0.04631081845693265,0.027611918079957713,0.07065883171878422,0.012040498701428594,0.09082932040848407,0.048927759926881566,0.03035215778290906,0.07161394853186324,0.019474928688271626,0.09630587900308611,0.3110421079647853,0.2920625291586235,0.32493902034245026,0.28097613694575463,0.3360043432915419,0.5934649163946393,0.5699272809021345,0.6121732983748389,0.552066424587348,0.6295489720923954,0.6831532555730668,0.6696528301726149,0.6945745813968726,0.6571403999819927,0.7081096911105393
43,0.04929819953003614,0.025794766992588397,0.07197240606478422,0.011415098310992123,0.09184524745840787,0.049366984440651435,0.031371996987324006,0.07123139588132134,0.020489428718035187,0.1014923699802798,0.30398347142793836,0.28837984436180664,0.32213049320730275,0.2749712818986572,0.3345663855628388,0.5936307582107334,0.5698177371877845,0.6149670785848952,0.5534920436637089,0.6325781976990503,0.6842993281563193,0.6695570245315219,0.6962942256441387,0.6559215443062435,0.7088913786593061
44,0.04894848664722769,0.02658645221262634,0.07414923673542222,0.012394373522691878,0.09635073107755764,0.04988242950876707,0.03375208317862998,0.07336788890373319,0.019789562645629883,0.09953405764296439,0.3005247933118569,0.2866525485763601,0.32004331751656695,0.27168065937906827,0.33053096871449034,0.5947418891101969,0.5692350503074829,0.6178678928149173,0.5510756946581845,0.6330270507980228,0.684954769433698,0.6716925087931357,0.6995768230939858,0.6561977727020241,0.7103901384416533
45,0.04740073366450932,0.029451460529808758,0.07729073289127304,0.01480996917753683,0.10113104657661615,0.049520508372555797,0.033514145238463904,0.07491960807134664,0.02306645636079813,0.09942954740282611,0.2970807317090589,0.28358949319783683,0.31662106432645537,0.2679235244094387,0.32835471674853095,0.5994479634037204,0.5677352778148803,0.6181454581638909,0.5489492109496795,0.6336894339867315,0.6851642674408652,0.6711055456193042,0.6977328052528607,0.6556265112980073,0.7074455561898193
46,0.05133001212845027,0.029075483377959694,0.07766946593282754,0.013142901717042244,0.10147598274447707,0.05193578451747492,0.033157559679867214,0.07516058719518787,0.02532135997945859,0.10278474601171035,0.2946574053427856,0.27993613713953763,0.3128593237840764,0.26728800340225767,0.3251211379705547,0.5993502168100433,0.5702230049376315,0.618662238200848,0.5453319934539825,0.6329556843104803,0.6854618181749899,0.6723849007207885,0.7007500524971261,0.6572412529431345,0.7103020517000725
47,0.05090064775205562,0.03379908378320013,0.08219095516942942,0.013974609953231975,0.10014078629221224,0.05529744443586708,0.03618297877728833,0.07726037077085465,0.024603612752250394,0.10736040122287181,0.29314158064817186,0.27756159452598284,0.3119641269726223,0.2640647259717972,0.3222932221282916,0.5997411747418768,0.567180375217346,0.6161208056376306,0.5388125758149614,0.6363946905726175,0.6872543575251491,0.6739797672684374,0.7028150893182162,0.661848154697394,0.7132487261412884
48,0.051242573031877806,0.03331473131635349,0.07880715287814169,0.014759427637641247,0.09429155111647843,0.058629815995545884,0.039445979108023464,0.0813090421567133,0.027496957759510048,0.10558968320427936,0.2929387672757118,0.2761507453702789,0.307155514097549,0.26058542549918123,0.32096886198299135,0.5976996753113579,0.570575396871639,0.6150437928142773,0.5428025730607011,0.6355556123736817,0.6898324365405919,0.6731303419126009,0.7022318638971524,0.6636609525381073,0.7131960149362142
49,0.05234594674764624,0.03443339098311924,0.07828919464780598,0.015799413146954263,0.09374310126070762,0.05667390576908242,0.040155838657906354,0.08101560553693386,0.025415820869060676,0.10407289980555584,0.29307649371971983,0.27354203092420565,0.30627094657867987,0.26098294404744343,0.32015589498569214,0.5966014428748354,0.5755326514005843,0.6156546520694108,0.5459721009985362,0.6344758237863101,0.689957531062761,0.6753603439017655,0.7022568020768113,0.6636799149970929,0.7134178466891371
50,0.05183908177586821,0.03470013587917777,0.07599478278402907,0.017106713729586276,0.09342247371571423,0.05980430518035401,0.040089385276813536,0.084189670589124,0.02763447419023723,0.10623158495923496,0.29202297637278585,0.2733636673596517,0.30541829032041234,0.2601151188258348,0.3206878125486183,0.5965688994490441,0.5740836349402683,0.6158777844230646,0.5479439328205948,0.6325622873687662,0.69123373147846,0.6760156930162887,0.7053302818471773,0.6637903371334899,0.7138777712905032
51,0.04903023281348204,0.031495923473916644,0.07265880557957233,0.013591817158412968,0.09122092302252771,0.06265366199353004,0.04240067318554637,0.0891292951694806,0.028350794658860274,0.10917192648765028,0.2901736784269258,0.2732986716897123,0.30408647277377915,0.2614749528067633,0.3204965288834377,0.5995278938358409,0.5697721395354826,0.6140275070458395,0.5493780561893329,0.6324976427668032,0.6929461939855626,0.677880192912095,0.706118887267687,0.6641869419311454,0.7128692645108881
52,0.04478055327362179,0.02883764718613849,0.0685435845545127,0.012345077931678146,0.0835312736119414,0.06462551756274207,0.0463328996956788,0.09329965460733658,0.028217424835547594,0.11493314180662707,0.2917776763057044,0.273371180341029,0.30464397055597514,0.2641955705881061,0.3219452483918904,0.5983103035449158,0.5725880807145994,0.6138961000896563,0.5486697492010689,0.6294459595873286,0.6937184859025765,0.679974147432209,0.7070443436816162,0.6659526259609514,0.7157896481654538
53,0.03968220306164374,0.022464034997879512,0.061917055018446646,0.009754924817232875,0.07773608051141241,0.06701032458895759,0.048976964366731504,0.09455819638261781,0.031802032676106685,0.1172929304367118,0.29429907880587647,0.2756136457086124,0.30646565483336125,0.2648844317834837,0.3258880660839218,0.5984711916904378,0.5696843057311799,0.615767456453995,0.5488025927797001,0.6280151057887379,0.6952619034266749,0.6810735844264869,0.7094662070185405,0.6699082098688169,0.7184016892362858
54,0.03963523798138001,0.020829453835175902,0.05781667884813986,0.00781926029793802,0.07947195968578791,0.07018498302002367,0.050838580945123724,0.09713771526987125,0.030788792265358144,0.12057965508991082,0.29273976173068894,0.27454427581381236,0.30725191959385434,0.26425661719778176,0.3240549776841523,0.5989914921209908,0.5731844882456348,0.6197252858980877,0.5500340539255233,0.6331129867467356,0.6958868191629071,0.6822253357027585,0.7087529541460033,0.6709715870804082,0.719306879382687
55,0.03451884333215265,0.017952498208742913,0.05213826269103442,0.004912222919654162,0.07719487639205497,0.07581358652875587,0.05284997148910298,0.1022682597149856,0.03798341748255232,0.12094487627728878,0.29117262660872134,0.27761140410026824,0.3069161526999141,0.2651797627370302,0.3240872024560829,0.5980356385603232,0.5706259067215762,0.6180145467345406,0.5458938725519725,0.6305000203074398,0.6964806283317209,0.6838488350783426,0.7095085990517715,0.6715726311696549,0.7188924674214277
56,0.03160043190320344,0.01493711605494927,0.04872001842498712,0.005879420570459704,0.06852416473995926,0.07785296361368227,0.054838960996188436,0.10287231813477606,0.039264505483038864,0.1251532400061446,0.2934942876191061,0.27882520250031534,0.3080847328044631,0.26269310799574397,0.33154879058217257,0.5971247649647704,0.5705968084469059,0.6149618835128549,0.5450754428204794,0.6248849366503817,0.6961870618568105,0.6848027064250969,0.70869101862072,0.6710947411622721,0.7172301779057733
57,0.027414362879349764,0.00996356267292164,0.04948082150459914,0.0028369660852187823,0.06388223787543178,0.0838898167212224,0.06127020231241448,0.11361982601945243,0.038076671755084834,0.13297356315858225,0.2932783158497529,0.2794799984205831,0.3074656961203964,0.2618519870451609,0.33020625906002116,0.5948632255860979,0.5685218824999956,0.613686484722793,0.5421316009590864,0.6232557079256625,0.6961384529135803,0.6837339041408677,0.7072166991994763,0.6693349597578759,0.7185590940397946
58,0.02632342738592851,0.006952840133809019,0.04400696481618842,0.0010653775186669182,0.059076399875198464,0.08839278909521214,0.0650776055562937,0.1193690508473094,0.04513176185565407,0.13614552185773607,0.29581379601606494,0.27899343057715187,0.3093531039061072,0.2634038122016529,0.3332125675122132,0.5904016004297683,0.5646719461945203,0.6097656696090402,0.5441018076466508,0.6241659952880824,0.6969001155335977,0.683320798105863,0.7066916990841119,0.6690006447312699,0.7183311642129053
59,0.02323477644535126,0.007566761301158811,0.042419434344023406,0.0005080879965179991,0.054882398909968676,0.09292531740465211,0.06953793496918384,0.12239068514940758,0.05039717895892927,0.1413150771692306,0.2951139882388063,0.28188173462485644,0.3118078799092089,0.2674924770669597,0.3293556974352776,0.5857161784958504,0.5613128189477171,0.6050320231462423,0.5430593043217224,0.6211005767648132,0.6960473006278536,0.685042101559661,0.7066423158121854,0.6725719624829612,0.7223727142880734
60,0.020623156598130216,0.006541546740933244,0.03906026238288954,0.0,0.05073224796292452,0.10185727800066476,0.07712791931760685,0.12853809897153806,0.05691691493657204,0.14928728167562116,0.29658021722879346,0.2812255660810753,0.31163460295805906,0.26902826058007756,0.32775590118060194,0.5835548651965792,0.5546616020625322,0.5985393820365839,0.5398797493793754,0.6187259550056151,0.6954646643900022,0.6831514755618038,0.7069000295498977,0.6704168487883997,0.7190810787976433
61,0.01812970992895568,0.004756751318811326,0.037990906873556406,0.0,0.0502377498698215,0.10540764077709688,0.08690771317104973,0.13570788183830892,0.06587029086176856,0.15597057653027935,0.2953923636731839,0.28194114830495315,0.3137259432939135,0.26950380679788377,0.33004757414153196,0.5756792233892754,0.549394662664201,0.5953270233941292,0.5332478148375486,0.6141480203721094,0.6943016729058371,0.6814435998787254,0.7075692449579045,0.6706016035324041,0.7182098522630082
62,0.0184031112026026,0.0035939255199836043,0.03564655507574182,0.0,0.050699590810679776,0.11159007480150746,0.09208291621384071,0.14294282220127996,0.07219136523610917,0.16254974561226573,0.2968071961494638,0.2802877397098129,0.3153189709224297,0.2703090826771411,0.3280406480647195,0.5668969350721422,0.5428058691313222,0.589075900434431,0.5251513273391172,0.6061716228594077,0.6932042071573032,0.6808878225259959,0.7066699799764231,0.6658303811951096,0.7186141502577102
63,0.018430328394656793,0.003953589445823701,0.03174180919209895,0.0,0.04979748019949631,0.12179912998029026,0.09518099394327272,0.14835950767428643,0.07787134060429735,0.17320260655502911,0.2952751399226792,0.2834014442646561,0.3165274096821538,0.2700392694559733,0.33395794500969733,0.5609171401391534,0.5379922699782259,0.5858186488111796,0.5160173252339922,0.5988340248109507,0.6936306202197583,0.6811923866823564,0.7078250272640971,0.6689309943812984,0.7190886817543677
64,0.018316221285746663,0.0031078470219123196,0.03190532518459039,0.0,0.049246584135703576,0.1235806748649583,0.09568482994909117,0.1495112093329375,0.07905741433239812,0.17875476632942522,0.2976356854276526,0.28591496590322396,0.31670772070156566,0.2685996201487355,0.3380945995905706,0.5572105007086858,0.5341410492393932,0.5840137260787814,0.5127056131221026,0.5971237182697154,0.693544375735569,0.6788982660097216,0.7065564402960599,0.6659278875197786,0.717649516575659
65,0.01880669171965376,0.003467290830751451,0.03084390676406431,0.0,0.049866913086466444,0.12581117986213325,0.09442727487733511,0.15212201557965088,0.07342962354726981,0.17448854988500806,0.3002821077877643,0.2869065763551316,0.3187306028833269,0.2707902536753511,0.3398671243060388,0.5534178000070751,0.5287683152717726,0.5820264330086306,0.5109367737484193,0.596688385904367,0.6935882042014996,0.67553049754488,0.7044188313656192,0.661338477727199,0.7137976578369994
66,0.020556416227619043,0.0034111519542670324,0.03159498937212263,0.0,0.046163550683593416,0.12330773806416899,0.08850562273808532,0.14827098144345424,0.06951767322069263,0.1730512727522959,0.30391830087645,0.28975566479198955,0.322161300202925,0.27250527833492816,0.3486465036191372,0.5544657053679387,0.5306744393430711,0.5807618382722641,0.5087711078442445,0.5935895055594097,0.690855146227556,0.6741351712229235,0.7027223753644937,0.6583538802019022,0.7138717334108512
67,0.020374390194668586,0.00511889380488849,0.03409019659709091,0.0,0.0474534421395119,0.11491327338389956,0.08359095983317943,0.13998827094413172,0.061281579016198955,0.16770482184861862,0.3069059202419807,0.294652885591075,0.3248870263896674,0.2786716386135499,0.3520880609590339,0.553830142819536,0.5330173935797425,0.5830777886624107,0.5101539241199443,0.5961234285896563,0.6882901182692844,0.6720032283889156,0.7018251658398663,0.6569110933320021,0.7107729633644307
68,0.019532262690231294,0.005323594247764397,0.03751567849724047,0.0,0.049106789893407624,0.1113952419104747,0.07502519388060563,0.13670732909910335,0.05585117656810976,0.16430344025026977,0.310585181515097,0.29373147248828113,0.3304485967007506,0.28059987189204477,0.3475745723469097,0.556532082651385,0.5314560445020398,0.5859136006087975,0.5139079508331814,0.601795387138043,0.6878269693758122,0.6703694943595493,0.7012115871543061,0.658191184566547,0.7093979408069515
69,0.021910136658672058,0.006460061354539215,0.039243872362570806,0.00022341037491512553,0.0484739557871522,0.10503046297425903,0.0733734370971231,0.1334719782147679,0.04384314849345628,0.1562906201401224,0.31217187025157556,0.2958368750909571,0.33255513560769456,0.2801930805896696,0.3517150103275639,0.5604350796829138,0.5326865741807182,0.5867210717385525,0.5194370198539687,0.6054717432001975,0.6875592113506661,0.6709289644339568,0.7021749233137696,0.6613789363632746,0.7097453262121378
70,0.022111682128713492,0.009492385897749173,0.03856225231118321,0.0003523191748933256,0.049971752941453125,0.1055785674098976,0.07092133393661725,0.13280417842265793,0.046126355413995825,0.15264634692404191,0.3128923719464976,0.2964252611369553,0.3318633794911138,0.2786473970550245,0.3508388654066518,0.5624222547282038,0.5347871238620647,0.5829566932415787,0.5200680902124087,0.6020679875744079,0.6881309845921142,0.6706766890108783,0.7032044143816492,0.6627531870796499,0.7110181533510838
71,0.023166424022938694,0.010585215657989984,0.04012874829943623,0.0013223285373859946,0.052514679063876225,0.10056333461536227,0.06740110682322803,0.1285100346538414,0.04473802770209572,0.15453432599748065,0.31046390168861865,0.297836321535848,0.33240489660404343,0.2790224580934207,0.3500622603590964,0.5617836060898471,0.5356199047756965,0.5845364275915622,0.5150863618944163,0.6083184252358869,0.6896891152879647,0.6707243166195977,0.7027111106582153,0.6626617991156127,0.7139842015300314
72,0.024133066108109717,0.011944722838132221,0.03999572224673242,0.00310500099909789,0.05317359262355192,0.09824986945972522,0.06918260303658015,0.1328101654847329,0.04584170123440058,0.15786899881515934,0.3097458161781669,0.2958259740421795,0.33302341473642466,0.2806228227485455,0.34666146075315263,0.5624910986382865,0.5341595417166088,0.5863726553225855,0.513769168348269,0.6107978986838657,0.6895439247004466,0.6720435067709385,0.7024409482194389,0.6613565114305822,0.7145637603402352
73,0.024428660630329273,0.01131212650987478,0.042457540776606385,0.002601647461170076,0.05205820364010768,0.09937471800748134,0.06789452107673423,0.13256998312889118,0.04604650069684192,0.15616131365671237,0.31020302179188447,0.2937727735540568,0.3340385863198495,0.2793415270617782,0.35001516709179786,0.5624740138801586,0.5353972365517085,0.584912964966416,0.511714832417604,0.6082054945168985,0.6902070753664659,0.6733276634172749,0.7025239014884052,0.6617784175915447,0.7158379309074221
74,0.02710161591942572,0.012307929434597121,0.04293750600059785,0.0035491351630883364,0.0546268055502458,0.10104803714071975,0.06793761150140092,0.13186398123737023,0.044755692675754515,0.16543308280600746,0.31363169227419385,0.2943003614212439,0.3352786150156417,0.2796094279617097,0.34849031751492887,0.5608272874127265,0.5324894872837311,0.5805338483957573,0.5096423646410285,0.6052237045044592,0.6893781227066036,0.6715396002963377,0.702293370696279,0.6616969821588825,0.7144207649299038
75,0.02828227058165228,0.011853497258510573,0.04192725860005049,0.005080128570521291,0.05787657543765057,0.10119105778914109,0.06983831462210972,0.13492776520473096,0.04730913299496897,0.17153035167745168,0.31184539322840404,0.2923526512169064,0.3354131129835638,0.27921441929112484,0.34877359292273297,0.5544794459512292,0.5296282605340776,0.5764765868830967,0.5069460429769994,0.6090427570464275,0.6891711991423233,0.6724149452635229,0.7014184999573703,0.6606741484927395,0.7119097791546369
76,0.028878001385349843,0.015127013143237694,0.04348067729250239,0.003208592464821858,0.06164277643261014,0.10335178732889802,0.07285474186908736,0.1329889870229608,0.049877628116421616,0.1766771482720545,0.31493268463232715,0.29682180707407807,0.33530607812604235,0.2779077657671786,0.351217191515024,0.5540695969585228,0.5285075782091527,0.5751747167237384,0.5010577860269148,0.5992464111199369,0.6890506667527516,0.6708971880328325,0.7020892619082351,0.6604602209772564,0.7118116770539582
77,0.029831321390289822,0.016441667954654914,0.04680535311488424,0.0053575111803670595,0.06292107622344073,0.09939724885035144,0.07182654790239659,0.13275574841365473,0.051298832076215654,0.17829704467362026,0.3141697793788958,0.29740438594591895,0.3347545686863454,0.27444795826354695,0.353061026598646,0.5514731760935558,0.5280558903793943,0.5714786328892694,0.49918687114274346,0.5943796277235833,0.6883417931010529,0.6722343856014523,0.7024792162937581,0.6589654973574556,0.708868666487966
78,0.03239957176920154,0.0178019496155981,0.0493969109279195,0.0073818623516240835,0.06261272709381267,0.10035873732524225,0.06959708068921164,0.13543253768367494,0.05067889107634259,0.17205769124150552,0.3134364660932988,0.2954928633939505,0.3311895894640316,0.274050408655713,0.35665139774939825,0.5540058485403005,0.5278383901622345,0.5748458504545255,0.4976737884110137,0.596116719942621,0.6893837835702004,0.6733734936805653,0.7026053522562972,0.6585997119691712,0.7101106789286107
79,0.036175541029250885,0.019520550870889348,0.05088767539043987,0.009549952754339276,0.06332639645120904,0.09874705786793161,0.07003919418045704,0.13931316807250374,0.048059715186545296,0.17719225499943125,0.31134059830921945,0.2947615477757173,0.32959981061467075,0.2720186584236731,0.3540090948519948,0.5511144215404564,0.5254524629817638,0.5752545157988191,0.4949935901666367,0.601046266391002,0.6886778372008016,0.6740460247664306,0.7035261571598503,0.6580865817836736,0.7117268743625326
80,0.03617063890849275,0.01952894239591465,0.051858018431894554,0.010187300333792613,0.0714502903540874,0.10436911978667518,0.0693316462674998,0.1432551631861088,0.04871691940810903,0.17661045331243114,0.30552762913762804,0.2907659719987046,0.3257998142970133,0.26729633936790775,0.3464794782978597,0.5510004731275846,0.5272406238378035,0.577622287764532,0.4908942981889986,0.6065441827833901,0.6885725640598037,0.6745090714439987,0.7034392857177525,0.6579884178989301,0.7137636898251768
81,0.039871973509772965,0.02126151264614995,0.0536664686955109,0.014598199640109777,0.077082100885824,0.10458361132872904,0.06877305477042564,0.1415089521444025,0.04612617717522515,0.17957422679640292,0.3004610886482235,0.2864600306993816,0.32348703142298596,0.25821175816000086,0.33958242270072575,0.5510561553606286,0.5253200991631205,0.5800646217858312,0.4903475371081221,0.6114627388854322,0.6903181591875422,0.674651595706166,0.703308733756015,0.6572136266745142,0.714601864239837
82,0.04196705702660407,0.022870628914520765,0.05764666901614648,0.013582010840126054,0.07785877307069267,0.10291690869532671,0.06822964033388511,0.1409017631542719,0.04648208076261336,0.1737683886881515,0.29942298148497837,0.2811268543484204,0.3189708002174183,0.25806026653216074,0.3351551083940805,0.5548269555452939,0.5272634536511271,0.582943032969118,0.4939204420142669,0.6106402099218297,0.6910069019881064,0.6751497594266577,0.7040741453239846,0.6564768053297896,0.7140536059005409
83,0.04288759507560716,0.025544085979752072,0.05950768731999642,0.010729570029301482,0.08334458905085375,0.10308002579793478,0.07609707399412573,0.14178058594529305,0.04875492879634083,0.17435918118600993,0.29311490383774574,0.27630673448503,0.3127052360644525,0.25347630385671,0.33025519915837165,0.5583721667679772,0.5326137282149332,0.5859288172316254,0.4977848239774153,0.6143446931471802,0.6911168653563522,0.6756327901032364,0.7020995427129235,0.6581113845244415,0.7112276732352886
84,0.04419447953364985,0.027775441602206442,0.06298453074729739,0.00961338229927954,0.09465215697631647,0.1055468668432869,0.07454609840625016,0.1378320022354783,0.052179519279830854,0.17001920464230502,0.2860325834308103,0.27045087714944555,0.3071405500804557,0.2512175281815096,0.326482001740971,0.5597095146911579,0.5313855580938687,0.5885285107287199,0.4959460699406778,0.6192131665044536,0.6917921909181197,0.6763192285874066,0.7024362243490311,0.6592050631416737,0.7124422812423917
85,0.04750259272047905,0.0275559250271057,0.06683803589015669,0.016744935867592334,0.10163268935452714,0.10024595565383848,0.07519098687857634,0.13329693298478687,0.05584560200217433,0.15634028083294044,0.28687760629920234,0.26731969050555415,0.3024516004847341,0.24713601096151983,0.32141839819983054,0.5631700180311436,0.5364946141939265,0.5888462514614127,0.5001205856057103,0.6183258313845928,0.6921905277174885,0.6762096556762967,0.7027638092525589,0.6619326151145549,0.7116842901556947
86,0.04918200468967637,0.03341585411518942,0.07242461540065256,0.01865855634496185,0.10829954892979422,0.09588335403262306,0.07400083416861601,0.1277597271807833,0.054124472124339656,0.1477479955362638,0.28405129947382124,0.26323794674138523,0.29838370761079946,0.24528095293500973,0.3211533811816168,0.5675343322365648,0.5388523289760968,0.590705986060929,0.5090063437145822,0.6173497567256486,0.6924416386415002,0.676242050911619,0.7052887546851913,0.6608908130929344,0.7133004155078644
87,0.05462114945239361,0.035801772808180185,0.0774337578470084,0.02264990882975527,0.1130957686565962,0.09101011797209188,0.06709231628470402,0.1210578711444131,0.04915328880802868,0.1415449262779292,0.2823450396090992,0.26100391971544634,0.2961654897278406,0.24668266194711325,0.32055121130983916,0.5699056196641524,0.5403402373052935,0.592613424567526,0.5178780101100596,0.6207526510893598,0.6942632424505181,0.6761319351527917,0.7050471240098644,0.6623709688310233,0.7144013955199269
88,0.06061770373938845,0.04080371411876293,0.08056319819564572,0.029942780798336444,0.12046390593896346,0.08696883432870384,0.06169895515022965,0.11196308521691786,0.04458618942142112,0.13105217034691413,0.2826386050861905,0.2599537251407919,0.2970214491828397,0.24082442604374604,0.3168078962972372,0.5719003464784755,0.5425584265151006,0.5952943998118061,0.5190859852368578,0.620821696380003,0.6950734068653343,0.677720061837893,0.7063975263145122,0.6614050900299984,0.7165265527470464
89,0.06475658238956904,0.04321707569054311,0.08751178710507916,0.03424118689296558,0.12370901126968979,0.08368127838624972,0.05917499436340622,0.10912411794797525,0.04069394940239858,0.12731080964312674,0.277859317096813,0.2549940500409009,0.29607313352708586,0.24067558423631435,0.31481160993938934,0.5723278155850036,0.5443597554988905,0.5984266236612787,0.5243231075981268,0.6204213419094977,0.6968080121364335,0.6801575842546921,0.7081112379898058,0.6640366394135471,0.7189221929524621
90,0.06772417990529836,0.0449654790522259,0.09384788439395023,0.032341970253453464,0.12253198015804632,0.0802521301196129,0.060796175439028655,0.1077421796886506,0.045113078265199114,0.1258213236404931,0.2739198803543023,0.2525937089444322,0.2923890376460564,0.24012414472896956,0.30910307028377043,0.5723513522352202,0.5469189473852671,0.6005090442897462,0.5218713058085264,0.6206704438034464,0.6994910110369299,0.6845441910040456,0.7121636786827196,0.6670616433808205,0.7202099935200278
91,0.06904720272617329,0.046360560168482765,0.09669522161886018,0.03317664513964587,0.12791636359906441,0.07990558166141308,0.06057268720942571,0.10733089269054966,0.039652916422571405,0.12518520288895896,0.271790679490058,0.2515871475796234,0.2914992356016229,0.23626871611641925,0.3099543116682961,0.5720660039705205,0.547059821334873,0.6003733959565072,0.5302060721513064,0.6233682100796287,0.6993986608260576,0.6850874722865659,0.7138533657673546,0.6668358165978016,0.7220391433611693
92,0.07251757149276475,0.05018228353410589,0.0968399721696536,0.0317620645854589,0.12801727688274825,0.07756622327215983,0.06126436869927841,0.10251334178123903,0.03337771697319486,0.12431692589211643,0.2706035478773673,0.24896660893207676,0.28792755554625554,0.23366717474083076,0.3101034339179673,0.5737878382276896,0.5521688834633502,0.6039175754323803,0.5321626570100626,0.6278970447101543,0.7002504589295918,0.6851995631753638,0.7126526441531201,0.6650493816020789,0.7213055258367195
93,0.07413509024358128,0.050531759301625505,0.09996647893006848,0.032853935212436736,0.12139013522006695,0.07743108812010399,0.057541411401763186,0.09887927487464697,0.03392797686525927,0.11946123897878844,0.26931543549890163,0.24934235799289814,0.28604748896813753,0.23175837684371062,0.3158136645616565,0.5763115174719995,0.5524092176133493,0.6048871382803522,0.5313715469126155,0.6265457817890226,0.6995030005936327,0.6868225873792945,0.7131603442577512,0.6632721453182664,0.7218677666693053
94,0.07505542236054538,0.05070719696270801,0.10462195670595278,0.03345965853948062,0.1261363899699106,0.07791263533282423,0.05659638283651303,0.10003586843597038,0.02901694438642299,0.1182745937163955,0.26675583568092043,0.24492456868668125,0.2856344120371222,0.22465721974874608,0.3178345952435862,0.577964126847126,0.5532043963793576,0.6098127410545771,0.5213051876806568,0.6296668421917865,0.7002605545130736,0.6862392754845196,0.7125624893002676,0.6632827077281332,0.7242290421102129
95,0.07546164462398673,0.04868436026548464,0.09949855100463054,0.03406823500879212,0.12073834864574103,0.08214326890359167,0.0601122049691448,0.10328648217952018,0.03142764299509229,0.12286778566199585,0.26283970914822496,0.24386339708920357,0.2856196227971994,0.2207141411271785,0.3125747290681042,0.5785815219679071,0.5533002309210857,0.6071046109028517,0.5197227175592283,0.6324684712335682,0.6999439314332747,0.6861129231101853,0.7146173646696442,0.6620354972538767,0.7259506177177489
96,0.07687291726679243,0.05142608447133432,0.10281987827312916,0.03178430752011534,0.12400219869612927,0.08400023679236038,0.06441670118120722,0.10729782099010676,0.03361666945529425,0.13267162545790384,0.2594836603054824,0.23781333242083166,0.28309044564309344,0.21724929563602138,0.3060755263407424,0.5764838797600925,0.5483077273636953,0.6061888820007941,0.5156935638489617,0.6346744964442268,0.6997515522958022,0.6850871158282746,0.7158848593403702,0.6625498039800697,0.7282471940320586
97,0.07981320231021252,0.052678392116799415,0.1038928116654011,0.03144686108479689,0.12542628307136722,0.08791423245233268,0.06739144771235131,0.11103372177744673,0.036761111847126514,0.13740944519945147,0.2592797731910851,0.2363386587326305,0.28190023908470546,0.21669459914110642,0.30099935353926544,0.5751041759930617,0.5461888552569099,0.603821595586008,0.5175349145954696,0.6335037014174506,0.6987282993144637,0.6842563880291312,0.7148670615503773,0.6610736923314176,0.7270429501299673
98,0.08007151323592565,0.052096148896561584,0.10382696862084032,0.031808777074158766,0.12981357036011384,0.0945732174337301,0.07683830341028013,0.11725399318573923,0.04220494080151171,0.14090836273524213,0.25456377770375843,0.23151719267687068,0.2768356719026688,0.21146821494313817,0.2926269693110931,0.5733735355087389,0.5382403450112,0.6000805649149565,0.5122843429894199,0.6322172061605131,0.6954496742463246,0.6799391557375266,0.7121078805450486,0.6608892308563791,0.7283339345802181
99,0.08166691266486512,0.05105989441544775,0.10804422466740767,0.033359116377264186,0.1271534988800002,0.1011815956808598,0.0835256922405854,0.12559602030041547,0.05556324212564573,0.1463915092680262,0.25137539138574855,0.22951142163620844,0.27147609166706604,0.21018820181576497,0.2859414374133634,0.570184173852497,0.5347855784602534,0.5960317723675171,0.5127519082779468,0.6231429245964237,0.6949743341393022,0.6782428137143883,0.7105862547832379,0.6596582442239413,0.7299879873139472
100,0.08062557452878816,0.05077597087884041,0.10632379091888121,0.03609006164667822,0.12454269325044677,0.10855652438526994,0.09126464266250518,0.13582518183673487,0.06855083790564484,0.16180476331512242,0.2466359103230207,0.22694260320486612,0.2648090013979114,0.21018861854210238,0.2799161368815312,0.5672294957835831,0.5330384952749463,0.5879702351260594,0.5057128661186738,0.6142363815450343,0.6926792389395171,0.6778767227417362,0.7108827751776753,0.6590538371244684,0.7274283486148497
101,0.07937244458466204,0.04714064201816448,0.1096611736698515,0.03172879275858312,0.12102471511862363,0.12047078679525734,0.0977212111681907,0.1469292683393932,0.07884724603176005,0.1687526013923581,0.2431437106842304,0.2222052757021049,0.26244669729273923,0.206955513521463,0.2782256925141525,0.5598279580500456,0.5303214803994434,0.5873855948308393,0.49960396519004313,0.6094627360805053,0.6909408768148365,0.6770500644597055,0.7087687028845491,0.6581731162039888,0.7250015070635625
102,0.07672882272675907,0.04549508234131832,0.10740170142223412,0.027544076074439205,0.12298801279212908,0.12829900472314681,0.10707385637022306,0.1541177010893904,0.08606962551795747,0.18486964204095446,0.23927139867932018,0.21609763779278734,0.26014864180944824,0.19842103319418183,0.27102837500443383,0.5545654903814703,0.5221032404357954,0.5815195237780112,0.49661825080414496,0.6007890909278876,0.6892895899323155,0.6757032484144752,0.7092001597997668,0.6567020770416301,0.7240665295020691
103,0.07733586755438965,0.046256783939680246,0.10657366519842237,0.025393400374574195,0.12282766579879917,0.13926956696339998,0.1183996945013491,0.16409002888742857,0.09638395201937848,0.19815461194564873,0.23292378002561986,0.21128904231679949,0.2555233885534958,0.1927476902438349,0.2625617190076841,0.5497193000316047,0.5174904449142929,0.5756339671330412,0.4887910304261246,0.5949648782522478,0.6892155882808864,0.6761142777515171,0.708683861613936,0.6551816898010808,0.7224118578469886
104,0.07647222374020927,0.04792271997390834,0.10211774590684,0.02835998826765893,0.12422397831074158,0.14997766311696908,0.12530518657985346,0.17384471700181367,0.10350597752088816,0.2136695011275078,0.22953030815093,0.20718759597858083,0.24930114341773815,0.19098986245274635,0.2608415493328096,0.5476737307562058,0.5151833744148745,0.5716009589178049,0.4878711735886635,0.5909318979338809,0.6881114332608362,0.6750217820050691,0.7086746369693813,0.6601748648477077,0.7192303991359832
105,0.07256064215353197,0.04725394392923899,0.10007143091946616,0.026825720692131946,0.12009795547641218,0.1579852807583258,0.13044973694233417,0.1824763801071296,0.1139024262194773,0.21994748346583384,0.22564296379022697,0.2056201396043318,0.24568321736127566,0.1912429785301337,0.2573550039445178,0.544683869725556,0.5109628935775044,0.572268696431999,0.48768234429768914,0.5897673867337483,0.6890462386685341,0.6739586457786307,0.7080941194577438,0.6591828822695387,0.7184173978395074
106,0.07244805912254249,0.04718249038177018,0.09976518844200517,0.02671855299956354,0.11717827044375502,0.16059597916063817,0.13475931856496043,0.18782196474616913,0.11911448510305264,0.22051567021638466,0.22223319362531582,0.19768241274160925,0.24168630915320327,0.18745606985741214,0.2547960397753309,0.5435941249133478,0.5123816240728745,0.5736115530652771,0.4875030699609589,0.5923924090341426,0.6921983693755124,0.6768123791122984,0.707702218516949,0.6605391160986244,0.7179525887403981
107,0.07338013227035281,0.04669660799985788,0.09861094064352337,0.026517199569975964,0.12120465930065617,0.16437152234838795,0.13947552094795176,0.19003813853000623,0.11757649225185833,0.22300028008600634,0.21530588500502712,0.19643899088231587,0.2386060093724135,0.18077334362248998,0.25441886707966155,0.5435236090847789,0.5111867789168038,0.574749257979643,0.4901553268914649,0.5955522263782631,0.694064037079778,0.6755906015069735,0.7072232876773527,0.6618684518820042,0.7197794786723325
108,0.07322384433358439,0.04754776261473551,0.10074686883473177,0.02281934215025344,0.1185445952242082,0.16927695373872226,0.13933255796393673,0.1889785552833479,0.11544782228145824,0.22031447545361077,0.21345968932610732,0.19258625051226505,0.2366466726641686,0.17525042943465324,0.25279233981750404,0.5449350665503745,0.5143045645454314,0.5759087470394151,0.49656897263190486,0.5988499555170844,0.6948288891376688,0.6772439699778335,0.7095187775174797,0.6628327056294342,0.7209364360004245
109,0.07353275285431707,0.04513011932575945,0.10215046614742984,0.021261622654519887,0.12090258079757915,0.1710626942969086,0.14260783932294605,0.19412565458281897,0.12167889714841619,0.21928666453866977,0.2105665957390865,0.18858996204764614,0.2339741387006656,0.1700616453786108,0.25223465606192386,0.5470624825390316,0.5145272169598052,0.5754718354920828,0.4939152539354406,0.6002114521567662,0.6946941313906263,0.678898398778509,0.7088776357264769,0.666617686376271,0.7220210371574336
110,0.07242071402758572,0.044737648315449866,0.09899479669869536,0.02100619351840319,0.11917127381952315,0.1724947091014869,0.14767720926654357,0.19555060237683153,0.12464301721138837,0.22182598688696736,0.20906646833185732,0.18702264770979055,0.2333245214347295,0.16874642416627134,0.25158874677050264,0.5472491826724702,0.5201340911465885,0.5733201118269997,0.4965987922733672,0.5929797712561149,0.6961508548764809,0.6810503675089741,0.7090462312192466,0.6673172653016852,0.7220147412382205
111,0.0743075331443631,0.04384207847486428,0.10048090752235499,0.02170854271492676,0.12277129265828814,0.17471435471123375,0.15051937454055844,0.19815436108218118,0.13284110815635003,0.2199275709149054,0.2056684036469652,0.1841950002792894,0.23026355048990785,0.16573230553200974,0.245804564472421,0.5484775123981247,0.5210192218696992,0.5727826037716236,0.4959017179596581,0.5940025673771954,0.6972997588063541,0.6827838593900406,0.7105936971097858,0.6705233293234785,0.7197795487253061
112,0.07261714518179752,0.04285811855833675,0.0975008810105524,0.019820367729388947,0.12146415553620817,0.17007790996762367,0.14914676977461472,0.19627730303902824,0.13418112811335742,0.2213642015368234,0.2059645256115724,0.1832010573000435,0.2292625332746611,0.1644537674588368,0.24646336645030806,0.5522154158332049,0.5276878806477916,0.5744611829773018,0.5044604935737598,0.5976280670444017,0.6978812784632337,0.6839908696492045,0.7124076292551625,0.6694064418874794,0.7208168830308683
113,0.06970220536398224,0.04017572013223653,0.09295933001160732,0.018593774515423808,0.11927793224794785,0.1689051251619998,0.1465994767811691,0.1931239459441033,0.12732875331714777,0.21809298215297293,0.20547707990296094,0.18162319652279796,0.22893414400950957,0.16470001789409017,0.24801181794667473,0.5546606774023282,0.5320327831255015,0.5766277778608694,0.5135377139066248,0.6030633449760698,0.6969931665718065,0.6826057247166163,0.7124207978571127,0.6716048064455958,0.7201783048521416
114,0.07022079265450747,0.03944930465870496,0.09473234633437337,0.01943718391933512,0.11434691819616825,0.16812941596572092,0.144273379802641,0.19244590467456488,0.13115213711658613,0.21761562409802926,0.2045769337678769,0.18093496514565807,0.22923718656704947,0.16532601891653687,0.24745733210550164,0.5566057423586803,0.5357400752100908,0.5812563366335612,0.5160855069369368,0.60554498512698,0.696684829316963,0.6831216224860089,0.7117891677196382,0.6745497502684124,0.7200424408313615
115,0.06594239850554406,0.03645452179840366,0.08801648092108398,0.017447231350704407,0.11177951848459397,0.16598334101124368,0.14445398363817757,0.19017578519676495,0.13320591798015996,0.21197093082907542,0.20594753708951113,0.1845754415677304,0.23235157591053698,0.17057367718525673,0.24489392428773307,0.5602728037029215,0.5369464492593763,0.5793609779041892,0.5191415117190006,0.6069307640692145,0.6955291874367652,0.6840993873784273,0.7117212520433248,0.6729537901858814,0.7196026040804737
116,0.0610934137024365,0.032399392692244344,0.08179535461466898,0.013551977920182059,0.10355129441254839,0.16753014773075325,0.14162729497279716,0.19041364400277888,0.13350871989197,0.20899463457640732,0.21182089414362282,0.18454509634813107,0.2335823331471975,0.17185918059309102,0.25097248913484405,0.5623772737976531,0.5420379002173736,0.5841736856718936,0.5251332697253729,0.6083324441750649,0.6954180492467972,0.6835542923401656,0.7091422350926058,0.6734025417457588,0.7206711772222477
117,0.05694225826547569,0.02855354565609932,0.07811077873357058,0.01604186390210473,0.09893661267676802,0.1619015274050461,0.14259364461564772,0.19063982657563117,0.1298679946154262,0.21100607584621178,0.21565899369581726,0.18821731809818837,0.23317058390560091,0.17596192083238296,0.25674077999299133,0.5636235003539751,0.5419268217648722,0.5867387729884431,0.5287520320205766,0.607526937700175,0.694499159110559,0.6806390972616505,0.7097477602184863,0.6727707275214753,0.7182776038028877
118,0.0527117197888659,0.02954264315678129,0.07445181144936884,0.01341615799089351,0.09495516948929174,0.16256020016542533,0.1420719035915376,0.19101104236008698,0.12911338815130471,0.20789006219173595,0.21862432234410795,0.19579887059015957,0.23651064473900296,0.17999663282232342,0.2646623638411483,0.5653161335572461,0.5440578829983816,0.5851037432874965,0.5297717712200529,0.6038225124788311,0.6949004481091073,0.6801749626712434,0.7085912851799795,0.6714045051492089,0.7186116732117719
119,0.050936443834515774,0.026602884144329923,0.07053924268863838,0.012650801934184348,0.09299368585454902,0.1620463030692194,0.13774778250018968,0.18615199802863364,0.12967289054806172,0.20350198850388773,0.22068761049628924,0.20012569708025382,0.23850025374567063,0.18209370259379948,0.26667988702798934,0.5662840817240482,0.5447352185753138,0.5850610711708564,0.5314886368787053,0.6024976004111198,0.695543893810532,0.6790465875027204,0.7082067329371164,0.6711495023256663,0.7189162973031916
120,0.0479467702309328,0.02570506305029925,0.06757342732819423,0.01030797131485482,0.09353340666563935,0.16067244164066286,0.13787033848682437,0.18413351715128248,0.12939652468623533,0.2037215373630392,0.22753622853426497,0.2032230703539255,0.24544271138627435,0.18863600206976117,0.2700896654204372,0.56502575171872,0.5436796792130527,0.5843223689691305,0.5282156712598686,0.6018059910207143,0.6958823913488767,0.6806045741024389,0.7091155531171197,0.6701759914934418,0.7202286760206064
121,0.045764334853723,0.02803224323126998,0.06526458918818405,0.008833033363890136,0.08990305491694041,0.1589095979363326,0.13760567676359267,0.18328037602834077,0.1265676049564287,0.20435814873905497,0.2290493018713679,0.20945590790338023,0.24955372657099653,0.19035829107955657,0.2740213593220161,0.5618592520970039,0.5441807993955453,0.5830768036091419,0.5265033640739291,0.597618990771925,0.6977459606217327,0.6815020871426993,0.709987038079128,0.6737306006619485,0.7220726945411834
122,0.04206888973686612,0.02587227351943473,0.06759241924750647,0.0036781233380079985,0.0858200439375953,0.15592375259457933,0.13942863857316454,0.18449884983848278,0.12546227548953248,0.2018386144108181,0.2304547565652193,0.21351733784201768,0.2525172750270386,0.1926934261247601,0.27155584992609977,0.5626903775357188,0.542144978268103,0.5808506429754979,0.5276159513335688,0.5960363745932902,0.6996791152289151,0.6825023809809778,0.7106809712535874,0.6719333621967223,0.7219177259680892
123,0.04148708780111833,0.02619845420484659,0.06491768714640976,0.006076204392717296,0.08125889604691325,0.1538172416480036,0.13567484978783786,0.18511653316417756,0.12276439648313914,0.2009012081037131,0.23476423562452278,0.21590694985110884,0.2581251141084401,0.1968377949530528,0.2758700018162836,0.5615239156844332,0.5430008389855782,0.5809811326409448,0.5237424587456866,0.5958654888448265,0.7009137958856806,0.6840073735291455,0.7111719926592052,0.6735561820695997,0.7211776497769213
124,0.04203971955345476,0.02516579663770014,0.0634646450579703,0.007271333349762648,0.07645346740024118,0.149927912225761,0.13336568332282797,0.18222764828260488,0.12272442000748848,0.19944015933468728,0.23802191504669118,0.21817231741220613,0.259727368010967,0.19996965840735248,0.28113390717999026,0.5636266918730753,0.5462559663691298,0.5806320943393163,0.5218605236540473,0.5934972378943244,0.7019755366356136,0.686809855292151,0.7116841330494962,0.6758910526003336,0.719059939556206
125,0.04236763664685007,0.023507322833385802,0.06111580187302294,0.0033884622397511903,0.07845252711733271,0.14587717599389305,0.12908687986468595,0.1794387504619993,0.11406352957611947,0.19468402319464317,0.2423683348266082,0.2211890991172226,0.26251653141155623,0.20535505257156592,0.2850038894313525,0.5661790867928398,0.5453046921662015,0.5837454393107024,0.5269531913675118,0.5963000569722527,0.7035664108550168,0.6883638854800261,0.7133000093938691,0.6784284393658225,0.7200327617386687
126,0.04130168052965175,0.02082534490752947,0.061242660433241475,0.0007218969034215319,0.08156631404704053,0.14288014628797524,0.12446735244288873,0.1722770632013737,0.10599412719411973,0.19307562613045576,0.24601841885708953,0.22500541791113776,0.2660535711319072,0.20828653677078537,0.28678972529907004,0.5679246227046704,0.5503490427812564,0.5859261533800615,0.5276150792251934,0.5975717638884939,0.7051249109693607,0.6910301910649651,0.7140214864278145,0.6801801891887205,0.7227964161070292
127,0.03747521974329287,0.019978174781036594,0.05631199368981515,0.001608398457764464,0.07709139371866318,0.14288495922221892,0.12539408800295362,0.17054791686314177,0.09814619693106735,0.19214605035804422,0.2472758509626197,0.22746880359316374,0.2669838301081109,0.21173194361356992,0.2871589967430945,0.5679410012819812,0.5495538155658388,0.588947161759635,0.5251139467163001,0.5993526775864066,0.7047327822916294,0.690901092539865,0.7181903686668216,0.6821445406688889,0.7241044667373104
128,0.03345769222914623,0.017017449169271684,0.05196416058309953,0.0023769409448573964,0.07492992839150356,0.14330782029412542,0.12372254715740302,0.1689399042408533,0.09116288494051103,0.19634574903422383,0.2497949900509851,0.2322026017603519,0.2700962085832529,0.2172582965459682,0.29452866921263526,0.5699807278029244,0.5446626641426916,0.587729067420439,0.5258418791655156,0.607628619149691,0.7070116094001908,0.692611280166683,0.7199902904857362,0.6825807618544362,0.7271623063138901
129,0.0315593492071293,0.015072108821540815,0.04893227203675851,0.0019971294006105597,0.07136547162867365,0.14504259100706632,0.12132671624979667,0.16947547764520002,0.0907538540551251,0.20004568487638968,0.2538832054506289,0.23563536455483394,0.2725097469715698,0.21781228396851043,0.2990350991664955,0.5688527632530425,0.5495659161019517,0.5890109916758968,0.5220660846385312,0.6086413567749256,0.7076090266210149,0.6943883799611832,0.7203907311413937,0.6848837150960274,0.7287099228169468
130,0.028613357215608017,0.012141288726259573,0.04812493230670936,0.00023748905955008477,0.0649280274320747,0.14604368501450393,0.12187624540401634,0.1695873330708265,0.09377292079646725,0.2085713999419823,0.2570149312416335,0.23777744412889165,0.275287371556486,0.22027131406181497,0.3002634926850316,0.5684720841514733,0.5513263976254515,0.5876783873496851,0.5154373049925456,0.6104130244950897,0.7065084015293355,0.6960719391704613,0.7194560411003801,0.6840860320829522,0.7288246642490603
131,0.02522163895266872,0.009446624772646933,0.04574667847939015,0.00022315724011168184,0.054300358622696054,0.14700238770375074,0.12237630446690294,0.17313682641697925,0.09260098010574135,0.21020617611668774,0.2596678816353243,0.23865690860219232,0.2782315334300895,0.22698944918718278,0.3016167636348828,0.5654728044485291,0.548368481747213,0.5862447148431632,0.5175659422647843,0.6085356437425216,0.7066557679541013,0.6948757526875865,0.7182699630434941,0.6803600631403027,0.7279894382057032
132,0.023269817438140376,0.00906648584266639,0.04141539144346673,0.0,0.05293557045071658,0.15086112403027746,0.12555358487938095,0.17604209017533864,0.09845002416665635,0.21093920323735446,0.2610228897682163,0.23796547157402362,0.27982508664758954,0.22875084385250724,0.29604063327495056,0.5624200780523403,0.5462594472447195,0.5822760630462478,0.5143949799131832,0.6006991329794215,0.7070767084891759,0.6929539600831324,0.7185192899137346,0.6809197104196738,0.7264208721097195
133,0.0200547646738408,0.008364393649426817,0.03789222697045827,0.0,0.04984555350499406,0.1562315203905383,0.12596393340509537,0.17923164042447384,0.10454808487708071,0.21644617860545387,0.2651935168468611,0.23928074510076686,0.28269191158697143,0.22537738946587724,0.2962386998285003,0.55877491798082,0.5454556299678761,0.5751127097397548,0.5160890808941287,0.5928459717822222,0.7072751105122644,0.6941541630780542,0.7176707126850832,0.6816069621890612,0.7252324660248153
134,0.0206194695398145,0.008507009081775372,0.03846834133818022,0.0,0.047634677092651484,0.16024676743836935,0.1312605490659731,0.1870952219236604,0.11189412503304137,0.21429743385019598,0.2649109480972195,0.2423441131076749,0.28358687472645944,0.22597439470405192,0.30139367594074407,0.5567481205662501,0.5385519022036247,0.5732699534507175,0.5188025810464699,0.5874060851165775,0.7077273541741577,0.6926149629409698,0.7173363002335559,0.6816569371739604,0.7240442184518323
135,0.021079303625565673,0.009266903691437697,0.040161605781536255,0.0,0.05024034417505263,0.16272395910758014,0.13585868124417602,0.19064950655566623,0.11849054332580707,0.2190034980739179,0.2622791992080642,0.24281090186786336,0.27955830240753043,0.22678585837072487,0.3027774148712529,0.5512936266748305,0.5343111108960654,0.5703308211780186,0.5117582609608997,0.5814007261768341,0.706518520712274,0.6922717964779138,0.7174716574820829,0.682127784731012,0.7257438077423515
136,0.023589382813178194,0.011644108351282188,0.04011933067486137,0.004039557865272755,0.05465961792293757,0.16529091945383534,0.14111130314634043,0.19583934992576765,0.11885047313501243,0.22631046260257381,0.25980446552977154,0.24315701240392396,0.2790369781662464,0.22519343980259102,0.2959858905130439,0.5467121111963543,0.5260807212998709,0.5660821833216493,0.5038884085749505,0.5829902397285734,0.7075266696769276,0.692927642304896,0.7179100893482541,0.6854164438279032,0.7269294087442758
137,0.02671922499327411,0.014973287944710407,0.04303892235686921,0.00514901259973785,0.056847922230262624,0.1689813383217251,0.1448925727920369,0.19562127496375833,0.11464868828510233,0.2317493537507926,0.2575955304395125,0.24187060350396603,0.2780150160323524,0.21911148290172805,0.293681644116453,0.5428790313692715,0.5223362776736296,0.5635030740059159,0.5029006099795889,0.5833485215521466,0.707621325751975,0.6950265181039206,0.7181225414358934,0.6817355844918224,0.7276525222292238
138,0.030731733677890984,0.018685416896487457,0.04516427751816789,0.005464067470447002,0.06203459490650756,0.17351266750021468,0.14769844763463524,0.20044324572566646,0.11945039280067947,0.23659549285950396,0.25538184457615554,0.2394816908007613,0.2754004814105804,0.214070990081967,0.301006426678134,0.5362972645547406,0.5181500814914177,0.5604058532142788,0.499275599689481,0.5759695401725613,0.7085786624251839,0.6968059594755208,0.7183359447248925,0.6796702914405521,0.7254034703323476
139,0.03452445847384391,0.020198282303606103,0.04972821116675317,0.009197012248311234,0.07129468168377945,0.17397418653141317,0.1482042846115393,0.20157735466308907,0.12235974611682651,0.23927947214946352,0.25206922298336354,0.23539354114061178,0.2693070250273455,0.21286802785648512,0.3010339295581028,0.5354089562717907,0.5147457136666972,0.5599401263447626,0.4915451617246941,0.573319749168232,0.7067842475960429,0.6986614555163105,0.7184468660866147,0.6809183052153779,0.7267791275504161
140,0.04014165383191176,0.02285507827969306,0.0526749131797275,0.012273504595572537,0.07079555918193248,0.17461632034376665,0.1458386831862556,0.2034423326711428,0.12593724888928484,0.2375885958853062,0.25310274096431984,0.23582025141180865,0.27038063901597403,0.2136664930003369,0.3017558855036489,0.5326467015291643,0.5111285107685442,0.558497988119029,0.48629726395289447,0.5694371164744761,0.7079545970571863,0.6971574062432687,0.717541955353575,0.6819821472998513,0.7258703674263712
141,0.041324581764150034,0.027213656561304596,0.05653704881549115,0.012688651644928795,0.07023205055738525,0.17546755798594782,0.14616484797949883,0.2066219367802936,0.12393113603354354,0.23539660101034005,0.251295247758919,0.23398988806487636,0.2699278881728461,0.20940209355210132,0.3016553120817033,0.5340402631252295,0.5042591445457282,0.5554823715345036,0.4858022032558113,0.5715159049565651,0.7066197500557141,0.6959529973316176,0.7180483275030781,0.6850930571266803,0.7252074029715897
142,0.04283663186628128,0.028318666106576816,0.05958565675116402,0.016052871876001077,0.07196196963119236,0.17812289345711735,0.15063153046575958,0.2049023818810196,0.11902761744676771,0.23804361715407182,0.2507297486678369,0.23235273706475348,0.2709431324292718,0.20791730063743596,0.3054887543590987,0.5262912479939148,0.5025807946397645,0.5480351481999707,0.48181446065426037,0.5702714774709288,0.7077741436255136,0.69510638995422,0.718840679628298,0.6842620258947324,0.7259688259197178
143,0.04571014753819947,0.03169435683294139,0.06522525762622361,0.01659337679417344,0.07623229187662364,0.17894632960839296,0.15470909370649205,0.20710430790263595,0.12415307018025255,0.23594646937347807,0.25153862883332545,0.2314232974643981,0.269475072304395,0.2069704669033742,0.29980118925515276,0.5210234323848251,0.4958850235467809,0.546235046344346,0.47881460969050027,0.5732346611254763,0.7079439563161716,0.694759486342031,0.7180330417370122,0.6816837793305747,0.7267070123507826
144,0.04867183942124689,0.03253540405582391,0.06853938243094,0.01774822090181269,0.08062739899465823,0.1828223464846506,0.1575882495648044,0.20729493368019236,0.12285033835655157,0.23719054954833096,0.24910530928385466,0.23090597922833914,0.2656410498489375,0.20914730784021196,0.2960222347908267,0.5180316913749262,0.4917934216939896,0.5436595086132597,0.4707600097867533,0.5671645295245776,0.7089828485026233,0.695369163609537,0.7179341943863965,0.6797323944690354,0.7270312110726657
145,0.051093366132489965,0.03580075603499857,0.07130472015424251,0.018026330464589797,0.08368295435345285,0.18382715491835283,0.1537875159385892,0.20748210115624846,0.12291535674357948,0.23927406543772053,0.24984271949027997,0.2286842735596724,0.2661131525004123,0.21369165315798921,0.298093331404342,0.5166759480661396,0.4893432881150063,0.5386818042435577,0.470856113547281,0.5641578690645572,0.7070984543729736,0.6958388447815613,0.716529453157522,0.6781210037302886,0.7254047532618915
146,0.05454078581057618,0.03716828598061545,0.07303738293907885,0.018721071251444888,0.08295291808195426,0.18295904507861213,0.15676131053297543,0.20957712872970716,0.12223467773929388,0.23938845751568485,0.24899285973144564,0.22850920347061449,0.2662184135678032,0.21206866949364023,0.29418392157790574,0.5135606191726694,0.4898037658431515,0.5356300374419048,0.46880614888984595,0.5627807718538528,0.7064775635516741,0.6940216870892014,0.7146350334276711,0.6797078189830519,0.7247983334153779
147,0.057577882801445976,0.04137761645232125,0.0747839817013335,0.019850759605768317,0.08481734780826747,0.18193092726147786,0.15504495804781843,0.2103033655904733,0.12806145561634816,0.23946307142039824,0.24588045926572155,0.22693451342269452,0.2652648308824596,0.21417627977024295,0.28834010571664265,0.5144805358371849,0.4904031447356932,0.5368826717099972,0.4672429308417348,0.5624415129317282,0.7057723095956827,0.6937399500374913,0.7126464102380116,0.6792646771099139,0.725002738165417
148,0.05945238893657317,0.04351076291046305,0.07708818228518458,0.02422354111029409,0.0879112741515978,0.18004940120534665,0.15109772146434175,0.20927734622029862,0.1294158262930641,0.23504963102653895,0.24278196836420857,0.22542155616265344,0.2611634552234562,0.21352762584451773,0.2840955185437229,0.5139697745322623,0.49068520477309796,0.5378563845864085,0.47114773467037274,0.5599159892365437,0.7041707565278752,0.6925342311498575,0.7106904586893726,0.6793882181056474,0.7234766624462948
149,0.0616224409752407,0.04538291064175327,0.08034062226789045,0.02786246344712608,0.09454390938875963,0.18103551497734316,0.15245017768717545,0.20866915186600307,0.13036712623952756,0.24096720524417975,0.2408421795582032,0.22296669045055192,0.2598883240423119,0.2085277174005719,0.27589644683787556,0.5138815459906112,0.48926394539444107,0.5398694187219415,0.4629071388594036,0.5660525113255602,0.7037454875033411,0.6918120746234255,0.7135668389096488,0.6783233863757244,0.7238184294905056
150,0.064993201381608,0.0448551363947603,0.08369739982768411,0.027634861430067124,0.09743793169132657,0.18049398987694168,0.15432932476254488,0.20890481232226152,0.13109140148432608,0.23837329954356182,0.23974740660824428,0.22373403702925854,0.2574906162332087,0.20824668352805392,0.27396927055016007,0.5169096252200984,0.48928102447254246,0.5417109015200576,0.4641770918661861,0.5618263677502708,0.7016748809649378,0.6895853615268206,0.7128103084471684,0.6762872398872166,0.7240424877118042
151,0.06724254377893177,0.048095578437320805,0.0859937287140328,0.03038209519351013,0.10009928951754186,0.1764053015423894,0.15193781296094558,0.20848409603593662,0.13312625561844313,0.2349907999375643,0.239089091432864,0.2226523795183264,0.25441875285235394,0.20545846442915305,0.27299446706581465,0.5178821986495707,0.4882269497270365,0.5386219407117276,0.4618845423203904,0.5609718689631124,0.7007059891148859,0.6894979075812043,0.7120829683166068,0.675323282269451,0.7225775122057788
152,0.06644056374262053,0.05011204184367838,0.08756203550790656,0.03461112805754081,0.10020996462267602,0.1749088606423567,0.15131040221184544,0.20853215779925469,0.13163709012605446,0.23441913392093802,0.2374113828486102,0.2200875442266036,0.25080342641614894,0.20533341175298192,0.2707895253503212,0.5225161586822467,0.48933241330557714,0.5414146639184529,0.46589301622042767,0.5647742438331841,0.6964546717105662,0.6859866781337352,0.7094602209150821,0.6746361427316336,0.7205655709282563
153,0.0682146437833158,0.04953001807433042,0.08567961702058688,0.03419285101291784,0.10365046508414744,0.17576311606608952,0.1503980144710034,0.20745594416596028,0.129741586924967,0.23144513757655555,0.2365477411949149,0.21979470873578197,0.2533945943388004,0.20488642491682577,0.27160665179561977,0.522874315392184,0.49038209472620203,0.5418607879866622,0.4623527051971332,0.5683127721140201,0.6945556515371003,0.6853638182483743,0.7091263087324918,0.6735758632966484,0.7172381918753554
154,0.06588817207148814,0.04940794733635091,0.08503803071625175,0.036232592067131406,0.10082431986278056,0.17178252601449243,0.14940428320188154,0.2039746998111642,0.12427506092113692,0.22633946629837556,0.2383360657394774,0.2207825383158187,0.2569681654423187,0.20085924340111685,0.27468018345295925,0.5223461271799869,0.4940768416518309,0.5483836142482714,0.46375547372495646,0.5733486595962382,0.6931738598388696,0.6839432176815102,0.7069641412084026,0.6709293297162343,0.7189927576931676
155,0.06261940683910149,0.0488985766761814,0.08409374391682499,0.03173290769609086,0.09656363597278353,0.17008137043059152,0.14560848007489194,0.20008474938723936,0.11904300255473878,0.22152918909425287,0.2386482229748239,0.22326604442490275,0.258151995639157,0.20238585976152987,0.27981885561292263,0.5241594392186691,0.49525431213337157,0.546242736459244,0.4628833142088833,0.5751118491095568,0.6927935308976987,0.6815149432122365,0.705818701214825,0.6691654550429984,0.7160823128785778
156,0.06451230574742442,0.047959902013646354,0.08418332432691834,0.030195115902695704,0.09427385081365501,0.16651350272430443,0.14619890372345437,0.19892699750241005,0.11971824308336827,0.2189227013653817,0.24172708973623003,0.22388981695917456,0.2602228427865101,0.20392736780036266,0.28160176456519553,0.5281188943788795,0.49953742362539083,0.549154427076723,0.4640949382989421,0.5676219040405499,0.6921167727436368,0.6809545553305687,0.7047297602762292,0.6687344811897064,0.7138041876654116
157,0.06391763759771897,0.048120499773280555,0.08364841554897219,0.03549030882116291,0.09744986968742704,0.1632541146325188,0.14186789945453496,0.195391742923292,0.11694971180375716,0.2182006198623848,0.24312882255116722,0.22820114557843318,0.26407851633195084,0.2036320416023624,0.28153961855442194,0.5286830947135797,0.49933174357815613,0.552281080293381,0.4700512723797208,0.5726480957526295,0.6912690146744516,0.6792171723001983,0.7027855159398725,0.6657799667254847,0.7122992691210869
158,0.06427155728321975,0.04899926116137263,0.08256924670835997,0.03623156452183716,0.10173186202670398,0.15722733797655872,0.1397724486972444,0.19047986610026343,0.11711568843446286,0.21354298823749526,0.24387840500248617,0.22821494121111424,0.2633323127218213,0.20628656012253313,0.2823729572967241,0.5295736049796089,0.5031684702672127,0.5506369809307066,0.4755165989818051,0.5668032050423397,0.689897473820352,0.6757596243836672,0.7015185476451226,0.6658334970051345,0.7134401472216066
159,0.06275516048241542,0.04848077490039165,0.083335663201386,0.03812049212237796,0.10646922762775379,0.15248142816428495,0.13570348270029392,0.18212841835122606,0.11479713321577512,0.20783776421449765,0.24634074796689523,0.22757765573480182,0.26492015538279046,0.2092143254533861,0.28502096718560693,0.5319525593374594,0.508490514561935,0.5525240905016543,0.48335793834848795,0.5682995884326042,0.6879763543137555,0.6742011050639549,0.7016992203740413,0.6613676232803949,0.7169224993132391
160,0.06460825517238619,0.04734743383804596,0.0865459109247516,0.04021125384185631,0.10981320034610598,0.14669843890100015,0.12941199536814924,0.17812723645067052,0.11138119917686447,0.19943422171205344,0.2466514675012016,0.22875830456363208,0.2633370830298349,0.21335942732158744,0.29357182746627714,0.5349208713159168,0.5118252463860712,0.5530995225471235,0.49357607923338676,0.5732586142624055,0.6866624907410086,0.6708189131407803,0.7001776594913697,0.6589194357366221,0.7159619291691363
161,0.06553034173186775,0.04937674658460274,0.0870179077303804,0.04159260986939491,0.10980258467739137,0.14606640967347168,0.12680570411358347,0.17233159061038986,0.10997498534476231,0.19188631621617783,0.24722651834933287,0.22978105561189135,0.2645415591254815,0.21485535765265343,0.29597805264969984,0.5354013117337325,0.5187406439765149,0.5554116677866964,0.494827948126435,0.5721385999556148,0.686114366232277,0.6694444732112397,0.698595608134016,0.6551238821204302,0.7163899874132909
162,0.06608765241149595,0.04861108549825007,0.08976192135052784,0.042389287417607426,0.10225381543586802,0.14792389349464324,0.12609230993716392,0.16815205086864765,0.10955288461072527,0.1894517332779212,0.24681268907382697,0.22928358719729178,0.26207988279548317,0.21527619016237232,0.2886706242223816,0.5369738161642121,0.5214013749080804,0.5576467598875053,0.49832904699059555,0.5726669837434382,0.6836549094687343,0.6706536737153188,0.6967159328044026,0.6548773894077304,0.7151609608719617
163,0.0632366247520307,0.04742894246477101,0.0848329615289637,0.03975399486201332,0.09632379882661456,0.14921642535739899,0.1258876900892375,0.1687766572707646,0.1110853201798351,0.18898286954383592,0.2463991788531398,0.22846332276781162,0.2607263264617117,0.21070249609224112,0.283476262453024,0.5390986059331562,0.5235656936216786,0.5571485245515361,0.49943845647468665,0.5747368252062155,0.6829380188728384,0.6663569116902888,0.6975225879050625,0.6537051162730853,0.7116428103749624
164,0.06427337263862094,0.04736395015914463,0.08179202740152153,0.03468783681594236,0.09387470228748229,0.14869972697320777,0.128948212038271,0.17180368577996472,0.10378451960129394,0.19180188166860296,0.2479185411225221,0.2291796845765074,0.2647620994854723,0.21125911303091524,0.2790795175253019,0.540478583898645,0.5229062482586244,0.5565407266897215,0.502357793010255,0.5767422243147371,0.6816826559891981,0.6657442404076186,0.6955766689765374,0.6507505923237218,0.706542604909648
165,0.0606293444518527,0.04669444492227754,0.08111771913927411,0.03343964105880033,0.09368721510131704,0.1505433872655411,0.12882044308312468,0.17531360145534705,0.10209432345258201,0.19322440717434824,0.2460465742288429,0.23106746825872862,0.2652237737237775,0.21289159687851245,0.2800903117368384,0.5406708577188435,0.5221071666263162,0.562237371160764,0.49495860541583947,0.57512146410166,0.6802079533604578,0.663286152582773,0.6931785476550889,0.6520021885574123,0.7045547209666488
166,0.06018179252723922,0.04491799560139062,0.0796904880167371,0.031111706481139593,0.0970676577450642,0.15789046397928383,0.1308690633156707,0.17991635718260918,0.10646445449808596,0.19890543588615406,0.24538522741335472,0.22759731686243068,0.264576906814707,0.2125827505325464,0.27771651831544025,0.536881585089341,0.5174548139042088,0.5594830033719508,0.4918241486563807,0.578251224700121,0.6794468064649261,0.662406875707553,0.6926664824274531,0.6532765946735972,0.7039520761424835
167,0.058225339857386656,0.04141841886368823,0.0804990076103351,0.02556674532463318,0.0956811188119818,0.1622295805709,0.1409453456329193,0.18291435627062227,0.11338775574660041,0.20939839597116244,0.2452242349372568,0.2260633005347383,0.26215711343946074,0.21130471254945235,0.2765472977552729,0.5341927968523978,0.5144196739647695,0.5544665926779103,0.4881285559184903,0.5778139748741864,0.6788930477229677,0.6642287589368866,0.690905412581746,0.6516820562731978,0.7025753183336293
168,0.057754589406680254,0.04036598309531612,0.07906261672526667,0.024154077407954475,0.1025231311004574,0.1634918896944168,0.14267865241554756,0.18514710926242456,0.12454524757818072,0.21728651609511188,0.24071523696630112,0.2241917624617144,0.2592352667952775,0.21069548635160332,0.2756498361712549,0.5338235245662012,0.5135322940168697,0.5542261942342483,0.48157004620667504,0.5726879189937646,0.6779699101976138,0.6628836375029546,0.6927980561864274,0.6505551209135615,0.7020366112924724
169,0.0585094693494663,0.041041358753586374,0.08015813364258506,0.02536838629319825,0.11106971476356009,0.1648841240213257,0.14795550556443215,0.1891091133160542,0.12619268699508118,0.22014817857158903,0.2386024376850751,0.22231665794040978,0.2555012516226296,0.20312353087988752,0.2705909583480243,0.5314959770642899,0.5129769314775255,0.5562445484758936,0.4803855248834346,0.5717819140792446,0.6784788268454838,0.6634966758835208,0.6923832826550628,0.6525508704368199,0.7026376997593248
170,0.05962602497639703,0.03713606021395881,0.08458769816974555,0.02826909862016693,0.11085745734910336,0.16954478001320944,0.14784702097688443,0.19490875623122672,0.12820403380303874,0.22010558973566827,0.2356704253914753,0.2193370832454482,0.2512856264918705,0.1981622985682221,0.26834829879689037,0.5316347417235889,0.5101418617108047,0.5579013033222513,0.47634282617666895,0.5761122958633653,0.6784788581573555,0.664845058123645,0.6920424759608647,0.6549465454870991,0.7059250358637499
171,0.0612214389448974,0.03868473551252056,0.08662259015576919,0.029538269313853463,0.11226353373775506,0.1738177258310085,0.1531131163357352,0.19944461627857757,0.12929035966081479,0.22075364886759263,0.2311134016566882,0.21407842435981328,0.2489679468264064,0.19447460029931396,0.26453992044662955,0.529040691646618,0.5027251371902505,0.5538998697139205,0.4737293322774742,0.5718514186212438,0.6810244052626873,0.6651134718440584,0.6924998657220846,0.6569585541811597,0.7077293930521208
172,0.06302723388007186,0.04266362884967933,0.08874594368622384,0.029750864031756995,0.10694155006555603,0.18056687624748496,0.15373760894947147,0.2072262365979509,0.1312513745058579,0.22702292874981164,0.22793702302356633,0.21152834992470457,0.24735635348674687,0.1873449827977178,0.26785684173939767,0.5260409593783598,0.5062451058987836,0.5530338620389337,0.4772425785700098,0.5720404744032911,0.6836041444188236,0.6670347312223455,0.6956494306561924,0.6606235197073538,0.7074673178516812
173,0.06605231997233445,0.04207493115012,0.0918946088772577,0.028880696639319,0.11273307012570588,0.17862596565937813,0.15318400349277858,0.20736927092374666,0.13496892396909846,0.23210991435412962,0.22241302851804418,0.20676201944284212,0.24550579784582285,0.17977375567494736,0.2668641214621975,0.5278793197389543,0.5019633100604824,0.5559591725240869,0.4792878042784328,0.5743871410593995,0.6865053391513924,0.6704431607733182,0.6971552549594021,0.6618543648697287,0.7099117345132416
174,0.0676524516971233,0.04312819451643923,0.09146920122645678,0.03194917500649371,0.11412229787567628,0.18169702056120654,0.15228610144371407,0.20876009462034512,0.1326904216921037,0.23088704366040466,0.2196382360860346,0.2008306264725917,0.24125201454782796,0.17559689780193796,0.2648610366401375,0.5318547484673115,0.5000363837402447,0.5601466227069134,0.47473382412434073,0.5770903886719067,0.6904083017462,0.6716244784234214,0.699398441019999,0.6648591504443528,0.713743293599561
175,0.06881163804022589,0.045159881199278266,0.08928076003429687,0.03468369503189038,0.11471453796903588,0.1776968241510409,0.15075546358284894,0.2090047204515717,0.13369553491143268,0.23226432378061987,0.21900430014262506,0.19746460186820738,0.2388960683949172,0.17530381514729507,0.2645136726636422,0.5363945477236475,0.5024191459220702,0.5601047706528205,0.47605237789771865,0.5840324543057973,0.6901265846890631,0.6735648654221154,0.7028338173023627,0.6675447986527331,0.7120851477589861
176,0.07349352177906907,0.04699944980614634,0.09248560142286068,0.03686643765684651,0.11320539570370587,0.17534307693354567,0.15010974186077114,0.2053823774399799,0.1301567338249757,0.2326260152040756,0.21731472772362959,0.1943612742634127,0.23631572311232396,0.17474680345794505,0.261036921668659,0.5412045121561911,0.505553871867773,0.5636111894388703,0.47887991882191483,0.585460086867392,0.6900048395679124,0.6770631637260313,0.7057864406114507,0.6696666216805703,0.7134205044742167
177,0.0746425843206433,0.04891730662904954,0.09685266460485488,0.03869899689924914,0.11374414168762156,0.17069113628453836,0.14462398977069643,0.1962084762732645,0.12858976967193947,0.2300785074792404,0.21618216223219586,0.1921037493784732,0.23303356068800044,0.17619818195000303,0.252982778644316,0.5391974939989335,0.5100147594362194,0.5671567814595595,0.4845120332718694,0.5887111877973975,0.6917650770719543,0.6801121254213077,0.7079559513839228,0.6711864855977889,0.71634408233738
178,0.07699029285449277,0.05005179229065018,0.09882851057791994,0.0416676497141515,0.11652377681699247,0.16856753939716157,0.13709729506042095,0.19392093245278003,0.12370048451338986,0.22541223646671082,0.2136420494399985,0.19037382630911204,0.23197980535035004,0.1760338848523527,0.25188826002881265,0.5422312335956697,0.513803575290551,0.5741220011642079,0.4905305042318879,0.5946509941414327,0.6940123004813344,0.6795017801724206,0.7093505446933879,0.6735044237199342,0.7214435680920456
179,0.07898923662057852,0.05366008216462295,0.09986027711307832,0.04135598087266581,0.11605629201065605,0.1624105328594334,0.1366164277788184,0.19148406914195126,0.11760205911346343,0.21985151680400206,0.21322215458625549,0.1910976023804522,0.23150730357896215,0.1761966860274773,0.2527132972169616,0.5453891475736272,0.5161144367538338,0.5777090072957332,0.49670424679511455,0.5982450336539598,0.6952201287975326,0.6819184201022669,0.7095944372395923,0.6725320458770679,0.7245688364066688
180,0.07884308257888485,0.05604437970599185,0.10362809365142446,0.04323387635388963,0.1189050828565305,0.16006291614497264,0.13408561880261163,0.18662280833859604,0.1131246700257001,0.21302986079598715,0.21109425353476907,0.18941080204792485,0.2325020164567611,0.17624549067789214,0.2517655400816914,0.5482065956636241,0.5182931986434797,0.5801829641720856,0.49856956583049666,0.6020513028433246,0.6984061058506077,0.6833992127976718,0.7124020932537574,0.6732507865368715,0.7284137683148755
181,0.08017561498178799,0.05909476175321921,0.10392647463811223,0.043143381385406486,0.11964691820278436,0.15573554728159406,0.13063472904543255,0.18214783980226493,0.10860631729632528,0.20674893026647811,0.20970610773321235,0.19303066324000087,0.23152667985761874,0.1766660292377539,0.25189668802197623,0.5500131194994589,0.5204390818562482,0.5795029215273568,0.5014763935186317,0.5965000870085994,0.7015542653677765,0.6870951690126655,0.7153839846247623,0.6730665765545808,0.7274860406992485
182,0.07999875172979909,0.060824438599033886,0.10356448589459102,0.04837131616077863,0.12446886816566877,0.15269782482276129,0.12755617990719884,0.18050392100193483,0.1090700846683138,0.2022265446178146,0.2098298721270716,0.19460028310940955,0.23008502664307562,0.17750154669184923,0.25788166441560445,0.5487396916630011,0.5224232339384272,0.5794614455084701,0.5019129551502945,0.5963413418644237,0.7030680245374978,0.6877630954920839,0.7169696025381139,0.6742358974457195,0.7294957308239858
183,0.08417231806870834,0.060524405661106714,0.10789416044081723,0.04932429030872975,0.12776624501580153,0.14576580090767402,0.125133772481091,0.17854344020837135,0.10685045897735342,0.20396615794395434,0.20978283612952378,0.19256506790655145,0.23107679807152942,0.17586403443818013,0.2575463445630412,0.5524936410085316,0.5253840182106516,0.5828051820731653,0.5083617345216249,0.6018946298471755,0.7048021042852497,0.6903720036203836,0.7187434283168747,0.6765140184811833,0.7299695826430647
184,0.0841327378200998,0.06045488737373392,0.1057656206067362,0.04817099359489456,0.12549496714684122,0.14162281842105295,0.12384303635979775,0.17454015748506707,0.10237840144371763,0.20324643607240114,0.21016505287186846,0.18839613017576357,0.23132299436263998,0.17691017178549034,0.25632022258803583,0.5575090603575921,0.5327878952009178,0.585601731423326,0.5132862183560198,0.6083948289598138,0.7056981096923127,0.6908944883793529,0.7195819433347369,0.6742815134447803,0.7317041391544562
185,0.07914912503828662,0.060112956668336416,0.104027998067954,0.04893572593553267,0.12492441701100437,0.14118117142276648,0.11778280460992234,0.1766499293985534,0.10465695578928275,0.1947971519872688,0.20873372620587022,0.18730074104834757,0.2312959984320272,0.1743754363901444,0.25101088831533674,0.5591313066110026,0.53873277913615,0.5894339972240795,0.5152463368961193,0.6088551838547749,0.70661138913513,0.6931980836400883,0.7191733076105055,0.6764780084679071,0.7309827173233191
186,0.08212626818306268,0.060258595386189676,0.10434132456292416,0.05079897672508827,0.1241084736829316,0.13993718187787346,0.12017702403506048,0.17148662067618292,0.10487051114560571,0.19294169905961225,0.20882839390435975,0.19080895630025227,0.22432469110218775,0.1748659153967791,0.2430664484044282,0.5637538539560344,0.5431695162486035,0.5906222146123711,0.5103327167054781,0.6100334441192891,0.7073806801300528,0.6922358193656901,0.7191518627392008,0.6782281315747284,0.7294468120280055
187,0.07962865317872148,0.06141582055390732,0.10238003212103186,0.05102542412329787,0.12229437164596686,0.1428158147065032,0.1187096669677828,0.17680080520942992,0.1049696103155096,0.19733574956068178,0.2061408900769265,0.18639278520100802,0.22470409398149485,0.17621920232581245,0.24611617075553816,0.5675777385931513,0.5437581108454678,0.5899512633652539,0.5145312723914175,0.6117699342180255,0.7069541108487827,0.6907926072066105,0.7193706461058076,0.6771984428989775,0.729011028306676
188,0.08091326420411483,0.06189007979619483,0.10121764000868055,0.044852066607294246,0.12291932456446517,0.14098702726724893,0.11779931571902313,0.16951970277388734,0.10301682409846398,0.19332568586751048,0.20705547209051567,0.18699376404824314,0.2252690278601648,0.17460010744859802,0.24164299689634716,0.5688616525254219,0.5440129528736657,0.590669976088641,0.5165836909388721,0.6097765741296417,0.7061006279248635,0.6929004096497956,0.7203182002630325,0.677637330229656,0.7277064293932131
189,0.07978681399378706,0.05986678984218196,0.10077409064413197,0.04324914504560041,0.12209384978575505,0.14069735771213787,0.12026277577549985,0.16807688500286877,0.0999135486023221,0.19368681772887658,0.2087489182685286,0.18788330152796523,0.22659928073251795,0.17608844040606592,0.2404048428958282,0.5656933333296559,0.5434010644117422,0.5900536388982964,0.5182763617118781,0.6165531392832344,0.7069156058758017,0.6935654049083971,0.7211260058788577,0.6775777009065883,0.7284089746213815
190,0.07773476454126114,0.06101886726083102,0.10130470214171117,0.035219711519644314,0.11748455661594351,0.14167785158605856,0.12221122738089793,0.1669269336000883,0.10326542273015214,0.19553846398709981,0.2113156574750485,0.19079154303460863,0.22893919313523192,0.17537063741107986,0.24566616894712678,0.5634817500249909,0.5431134341754038,0.5905830930327466,0.5186867148332885,0.6128166960395075,0.7071641220829139,0.6953888969187787,0.7217122845961378,0.6796130393806004,0.7281465606337817
191,0.0761401924025605,0.0576210816546863,0.09835844921524672,0.03447597564827545,0.11439257254426435,0.1416171837800439,0.11880731656948841,0.1666176861057512,0.10555251958723946,0.19264833344042936,0.21552518298932022,0.1945046633332951,0.2323535200009619,0.1773532892504771,0.2510100105542039,0.5665738307552883,0.5444575406733247,0.5938784607521349,0.5152170077975574,0.6171767477718102,0.7097311368268413,0.6980493047311974,0.7229557500063026,0.6804347212349039,0.7306702142743309
192,0.072134572845887,0.052612878779643046,0.09507675774510226,0.03223274733047956,0.11388892248061797,0.14014032576497001,0.11648842516841285,0.16613388286634317,0.10296911158562959,0.1855981386607585,0.2186340701842328,0.19702455721114603,0.23718102342235306,0.1794039654223239,0.2542262638978079,0.5676911370412252,0.544361646612733,0.5934391252377735,0.5166729741890881,0.619620633619646,0.7119196575343971,0.6998859379459302,0.7237245507791589,0.6840042757749637,0.7344165857263973
193,0.06884080956994937,0.048140308640200094,0.09064556355894145,0.030146359028310504,0.11451992035425022,0.139576453337887,0.11619524819011663,0.16279003682718826,0.10212649320432601,0.18433506725950752,0.2204040977493555,0.2027222221576448,0.2415779514564701,0.18048428361276347,0.25879022383684885,0.5703305202274158,0.5438389677746174,0.5941602895095903,0.5167178389976079,0.6275229825015881,0.7141662474229549,0.7018931937005055,0.7271348459060086,0.6900871448367646,0.7388987468587126
194,0.065920918181184,0.04559462858971511,0.08679398566478398,0.026320012087435618,0.111020770934727,0.13607579166404515,0.11222642244945091,0.16237441729701824,0.09561624190279415,0.18576170892785035,0.22389535600850605,0.20387785850056822,0.24709027650979729,0.1822535611428733,0.26653736501571684,0.5720420578225722,0.5436118142549516,0.5982935119812277,0.5239669778404381,0.6280627366959076,0.7147294424032455,0.7029828005921905,0.7259884084734755,0.6937261046655523,0.7376008610608076
195,0.06279297915166857,0.04348325438417429,0.08479632224427132,0.0218791549700178,0.10632452041509151,0.13201542101440616,0.1092595842652415,0.15992385136509946,0.09264450643430118,0.19007371476134452,0.22480773625187944,0.20296500155879602,0.24912952372430813,0.1877721653871578,0.2712886222144923,0.5745407790616617,0.5498904200630296,0.6002177882299305,0.5300149550489262,0.6289528698490501,0.7131971428850538,0.703124787046244,0.7270296586250984,0.6935268302469407,0.7372788945228603
196,0.06076584251083078,0.04034842705003789,0.0833796511093554,0.021652227866006932,0.10139436463108399,0.131891251633187,0.10430455520646698,0.1563460259935734,0.09018459516689616,0.1953024743830449,0.22794186242102213,0.2039685216027196,0.2509672012892175,0.18973726905705093,0.27218827355480774,0.5787217500639682,0.55558562424856,0.6020826075170698,0.5320180710997814,0.6290883405130654,0.7139243281981258,0.7025960780998509,0.7262179826847226,0.6958758464150498,0.7371270809734396
197,0.05815329683345207,0.037507877458135636,0.07836279254543914,0.01932216825441059,0.0964702697587573,0.13032658266646796,0.10499463950597977,0.15640410522221704,0.08979277211973243,0.19609217661906092,0.23021227193018265,0.2061577298148282,0.2523437841231773,0.1861661738421836,0.27311354241771946,0.5801132310332742,0.5559173887371643,0.6017780192510597,0.5332075502024937,0.6311045609024813,0.7133331168359647,0.7018638883721608,0.7269070696507983,0.6952000639316109,0.7382706114615879
198,0.05504097733288289,0.03472597485236822,0.07468511896039316,0.015340157983196366,0.09378001042303075,0.1307982110440378,0.10819162244474256,0.15896785327253207,0.09123350600306848,0.19901907319770773,0.23167171773393028,0.21003335440065818,0.25314443766910666,0.1818428650904233,0.2721730814359324,0.5803536640014593,0.5578943903514106,0.601618053775671,0.5306481659495725,0.6311752167278893,0.7124291710515691,0.7012329576630402,0.7258292645655525,0.6953677664754334,0.7354742062541176
199,0.05245494479035259,0.031104518709660856,0.07267252834372072,0.012341789669129634,0.08968603180382263,0.13690718758784348,0.10796646264604849,0.16261553840358503,0.09526238621605157,0.2015839306773724,0.23217810076550696,0.2088785127399819,0.2507624118487872,0.18106517572067768,0.27343469207622684,0.5807998715373592,0.5579417351027791,0.6009882183476761,0.5331695599025307,0.6315637715540761,0.7136994259551641,0.7005398498732619,0.7267886119452437,0.6922104518941297,0.7377384258054884
200,0.04874224657749794,0.028274899207446386,0.07358797488933627,0.00838416944363828,0.08370449689543354,0.14172157914379824,0.1146948792542768,0.17235920156320217,0.09694329692521453,0.2051434730044506,0.229789292703812,0.20773476793136525,0.25139178365198733,0.18453224586476297,0.27095527778283196,0.5789982578352137,0.5516448171373626,0.5998619340488883,0.5307002773355051,0.6267991542188427,0.7138855666669721,0.7006230792577303,0.72904189103327,0.6878458182527895,0.7387319223537642
