line,lag_days,k,mi_nats,pair_count,median_actual_lag_days
Lyalpha,0,3,0.16434132058294892,165,0.0
Lyalpha,0,5,0.12682671089950048,165,0.0
Lyalpha,0,10,0.11888506581871638,165,0.0
Lyalpha,1,3,0.1778456102937671,127,1.7200000000011642
Lyalpha,1,5,0.19697236876398616,127,1.7200000000011642
Lyalpha,1,10,0.14640628500714392,127,1.7200000000011642
Lyalpha,2,3,0.24785648993214426,144,1.9844999999986612
Lyalpha,2,5,0.21581940031848657,144,1.9844999999986612
Lyalpha,2,10,0.15506719427478188,144,1.9844999999986612
Lyalpha,3,3,0.2733053777776213,117,3.4839999999967404
Lyalpha,3,5,0.2919505463322354,117,3.4839999999967404
Lyalpha,3,10,0.16473068403233526,117,3.4839999999967404
Lyalpha,4,3,0.3401995656524255,143,3.90400000000227
Lyalpha,4,5,0.2796878443091231,143,3.90400000000227
Lyalpha,4,10,0.14774686556329186,143,3.90400000000227
Lyalpha,5,3,0.31762673473359815,116,5.49199999999837
Lyalpha,5,5,0.24160111060156453,116,5.49199999999837
Lyalpha,5,10,0.1256230288322886,116,5.49199999999837
Lyalpha,6,3,0.3892907744969003,141,5.889999999999418
Lyalpha,6,5,0.285780724310837,141,5.889999999999418
Lyalpha,6,10,0.11105029260216348,141,5.889999999999418
Lyalpha,7,3,0.3459193319900571,118,7.542499999999563
Lyalpha,7,5,0.24177373282126702,118,7.542499999999563
Lyalpha,7,10,0.11067531714467371,118,7.542499999999563
Lyalpha,8,3,0.39150666041722815,133,7.869999999995343
Lyalpha,8,5,0.2668405776996874,133,7.869999999995343
Lyalpha,8,10,0.10837911957900559,133,7.869999999995343
Lyalpha,9,3,0.29241558569238446,118,9.612499999999272
Lyalpha,9,5,0.23521611620371807,118,9.612499999999272
Lyalpha,9,10,0.11479682402256763,118,9.612499999999272
Lyalpha,10,3,0.3631863585517774,134,9.828499999999622
Lyalpha,10,5,0.23957201692365526,134,9.828499999999622
Lyalpha,10,10,0.13104085175530233,134,9.828499999999622
Lyalpha,11,3,0.3742084741605689,118,11.57749999999578
Lyalpha,11,5,0.2822069205843887,118,11.57749999999578
Lyalpha,11,10,0.1438414479676915,118,11.57749999999578
Lyalpha,12,3,0.4121760491920279,129,11.76600000000326
Lyalpha,12,5,0.2513557491791225,129,11.76600000000326
Lyalpha,12,10,0.14050100422184197,129,11.76600000000326
Lyalpha,13,3,0.35376821843283324,116,13.56300000000192
Lyalpha,13,5,0.2771807098042194,116,13.56300000000192
Lyalpha,13,10,0.1340352722847138,116,13.56300000000192
Lyalpha,14,3,0.38517761273268203,125,13.702000000004773
Lyalpha,14,5,0.3031573637025433,125,13.702000000004773
Lyalpha,14,10,0.1374743092586561,125,13.702000000004773
Lyalpha,15,3,0.28129183964655713,110,15.547499999996944
Lyalpha,15,5,0.2529297933756105,110,15.547499999996944
Lyalpha,15,10,0.13276557070547668,110,15.547499999996944
Lyalpha,16,3,0.2872465483812192,122,15.722500000003492
Lyalpha,16,5,0.2715885299199243,122,15.722500000003492
Lyalpha,16,10,0.12327350250449243,122,15.722500000003492
Lyalpha,17,3,0.22939709928416718,113,17.468000000000757
Lyalpha,17,5,0.23074933619735738,113,17.468000000000757
Lyalpha,17,10,0.11107826012870081,113,17.468000000000757
Lyalpha,18,3,0.266241026145825,120,17.60149999999703
Lyalpha,18,5,0.19958959775488871,120,17.60149999999703
Lyalpha,18,10,0.10796787980698053,120,17.60149999999703
Lyalpha,19,3,0.18200292912021965,109,19.519000000000233
Lyalpha,19,5,0.15575478941357446,109,19.519000000000233
Lyalpha,19,10,0.09084095320188812,109,19.519000000000233
Lyalpha,20,3,0.15168177407975936,116,19.637500000000728
Lyalpha,20,5,0.14314805547268783,116,19.637500000000728
Lyalpha,20,10,0.09902023355885792,116,19.637500000000728
Lyalpha,21,3,0.11186450842414342,113,21.544000000001688
Lyalpha,21,5,0.11637091740109629,113,21.544000000001688
Lyalpha,21,10,0.05375972513844296,113,21.544000000001688
Lyalpha,22,3,0.11203764087907153,115,21.572999999996682
Lyalpha,22,5,0.11016089773515159,115,21.572999999996682
Lyalpha,22,10,0.06372334868274265,115,21.572999999996682
Lyalpha,23,3,0.1445978956069327,111,23.472999999998137
Lyalpha,23,5,0.08667985376170684,111,23.472999999998137
Lyalpha,23,10,0.028893690597376676,111,23.472999999998137
Lyalpha,24,3,0.13176719265522685,112,23.523999999997613
Lyalpha,24,5,0.08705344934982939,112,23.523999999997613
Lyalpha,24,10,0.03326356391776475,112,23.523999999997613
Lyalpha,25,3,0.15883647121528366,113,25.406999999999243
Lyalpha,25,5,0.10961531309589034,113,25.406999999999243
Lyalpha,25,10,0.034406814319130063,113,25.406999999999243
Lyalpha,26,3,0.19123438714543273,108,25.556000000000495
Lyalpha,26,5,0.11550712849116529,108,25.556000000000495
Lyalpha,26,10,0.018324966193119074,108,25.556000000000495
Lyalpha,27,3,0.1327909986832445,110,27.411000000000058
Lyalpha,27,5,0.06191656080738728,110,27.411000000000058
Lyalpha,27,10,0.019764235416013243,110,27.411000000000058
Lyalpha,28,3,0.14224773120182377,104,27.541500000002998
Lyalpha,28,5,0.07529282679815363,104,27.541500000002998
Lyalpha,28,10,0.015873326614992855,104,27.541500000002998
Lyalpha,29,3,0.2029051896642322,110,29.37250000000131
Lyalpha,29,5,0.07314514364116409,110,29.37250000000131
Lyalpha,29,10,0.024558836278140816,110,29.37250000000131
Lyalpha,30,3,0.1943050309486951,105,29.457000000002154
Lyalpha,30,5,0.05302838640198626,105,29.457000000002154
Lyalpha,30,10,0.025265209793688292,105,29.457000000002154
Lyalpha,31,3,0.12890244712040122,106,31.31000000000131
Lyalpha,31,5,0.0978103799670027,106,31.31000000000131
Lyalpha,31,10,0.04481409958812499,106,31.31000000000131
Lyalpha,32,3,0.11072707825888983,99,31.510000000002037
Lyalpha,32,5,0.07003761494888039,99,31.510000000002037
Lyalpha,32,10,0.03257643006294586,99,31.510000000002037
Lyalpha,33,3,0.11700544123562118,106,33.30450000000201
Lyalpha,33,5,0.05707741670479649,106,33.30450000000201
Lyalpha,33,10,0.05609513962848123,106,33.30450000000201
Lyalpha,34,3,0.14780740367567624,97,33.495999999999185
Lyalpha,34,5,0.0777484323530846,97,33.495999999999185
Lyalpha,34,10,0.05085047364068007,97,33.495999999999185
Lyalpha,35,3,0.08449506969779108,103,35.23199999999633
Lyalpha,35,5,0.09956958817195538,103,35.23199999999633
Lyalpha,35,10,0.04379471355651088,103,35.23199999999633
Lyalpha,36,3,0.05444259564948695,93,35.49700000000303
Lyalpha,36,5,0.061976112001388195,93,35.49700000000303
Lyalpha,36,10,0.03324963490278421,93,35.49700000000303
Lyalpha,37,3,0.05779101950880161,101,37.18499999999767
Lyalpha,37,5,0.06784513530849878,101,37.18499999999767
Lyalpha,37,10,0.054969392926223826,101,37.18499999999767
Lyalpha,38,3,0.07033901863265868,87,37.495999999999185
Lyalpha,38,5,0.023555443797251385,87,37.495999999999185
Lyalpha,38,10,0.010656432785839165,87,37.495999999999185
Lyalpha,39,3,0.009972862204852717,100,39.12299999999959
Lyalpha,39,5,0.026934892244677933,100,39.12299999999959
Lyalpha,39,10,0.0590479917815534,100,39.12299999999959
Lyalpha,40,3,-0.033199054076442636,87,39.48700000000099
Lyalpha,40,5,0.04205523703867797,87,39.48700000000099
Lyalpha,40,10,0.04032622080042714,87,39.48700000000099
N V,0,3,0.31177579677034917,165,0.0
N V,0,5,0.27354394037074226,165,0.0
N V,0,10,0.1668474734196197,165,0.0
N V,1,3,0.3419554364309709,127,1.7200000000011642
N V,1,5,0.30910985836112825,127,1.7200000000011642
N V,1,10,0.23604295449205726,127,1.7200000000011642
N V,2,3,0.33732965122887215,144,1.9844999999986612
N V,2,5,0.3170339157610398,144,1.9844999999986612
N V,2,10,0.21711817735835037,144,1.9844999999986612
N V,3,3,0.3420465009782996,117,3.4839999999967404
N V,3,5,0.3197333266985716,117,3.4839999999967404
N V,3,10,0.2455718122176247,117,3.4839999999967404
N V,4,3,0.29575810538832137,143,3.90400000000227
N V,4,5,0.2950318876605893,143,3.90400000000227
N V,4,10,0.2105347453618629,143,3.90400000000227
N V,5,3,0.33623220405355436,116,5.49199999999837
N V,5,5,0.3785699154603197,116,5.49199999999837
N V,5,10,0.2425995971625099,116,5.49199999999837
N V,6,3,0.2668229624138725,141,5.889999999999418
N V,6,5,0.3259050551286746,141,5.889999999999418
N V,6,10,0.2253156662782123,141,5.889999999999418
N V,7,3,0.3113514822201626,118,7.542499999999563
N V,7,5,0.2614788526407139,118,7.542499999999563
N V,7,10,0.21241381622890643,118,7.542499999999563
N V,8,3,0.29646114018582015,133,7.869999999995343
N V,8,5,0.2754344991437643,133,7.869999999995343
N V,8,10,0.21640772142233544,133,7.869999999995343
N V,9,3,0.3029990904091848,118,9.612499999999272
N V,9,5,0.2714509437695405,118,9.612499999999272
N V,9,10,0.2237007642943487,118,9.612499999999272
N V,10,3,0.24962123830672311,134,9.828499999999622
N V,10,5,0.25725951403820435,134,9.828499999999622
N V,10,10,0.21202611644741154,134,9.828499999999622
N V,11,3,0.2872199908485902,118,11.57749999999578
N V,11,5,0.27904180588628424,118,11.57749999999578
N V,11,10,0.23097654103376808,118,11.57749999999578
N V,12,3,0.2698155921205263,129,11.76600000000326
N V,12,5,0.2789998414582886,129,11.76600000000326
N V,12,10,0.22258265124851206,129,11.76600000000326
N V,13,3,0.29797521896773027,116,13.56300000000192
N V,13,5,0.29696718548852097,116,13.56300000000192
N V,13,10,0.238977764283554,116,13.56300000000192
N V,14,3,0.24226246926356954,125,13.702000000004773
N V,14,5,0.2757654848428741,125,13.702000000004773
N V,14,10,0.22900510972301902,125,13.702000000004773
N V,15,3,0.2510660803275462,110,15.547499999996944
N V,15,5,0.29162186020304315,110,15.547499999996944
N V,15,10,0.23605645133216857,110,15.547499999996944
N V,16,3,0.20523254260887214,122,15.722500000003492
N V,16,5,0.26583962917004644,122,15.722500000003492
N V,16,10,0.209680548235343,122,15.722500000003492
N V,17,3,0.2852248284950365,113,17.468000000000757
N V,17,5,0.2801692856906959,113,17.468000000000757
N V,17,10,0.23605466036731482,113,17.468000000000757
N V,18,3,0.24496935793144914,120,17.60149999999703
N V,18,5,0.27450982912411703,120,17.60149999999703
N V,18,10,0.2180736657230007,120,17.60149999999703
N V,19,3,0.24188280772838144,109,19.519000000000233
N V,19,5,0.2884866682896634,109,19.519000000000233
N V,19,10,0.22201294321941845,109,19.519000000000233
N V,20,3,0.23307441814952146,116,19.637500000000728
N V,20,5,0.3024539901558576,116,19.637500000000728
N V,20,10,0.21244290429732882,116,19.637500000000728
N V,21,3,0.26723957805757337,113,21.544000000001688
N V,21,5,0.270839206440356,113,21.544000000001688
N V,21,10,0.18001624970881647,113,21.544000000001688
N V,22,3,0.2415274055080152,115,21.572999999996682
N V,22,5,0.26567520990338966,115,21.572999999996682
N V,22,10,0.172802637179033,115,21.572999999996682
N V,23,3,0.2815145755423254,111,23.472999999998137
N V,23,5,0.2763320052449485,111,23.472999999998137
N V,23,10,0.19581941777266731,111,23.472999999998137
N V,24,3,0.2804526493875015,112,23.523999999997613
N V,24,5,0.25767624211374685,112,23.523999999997613
N V,24,10,0.188852487902464,112,23.523999999997613
N V,25,3,0.28309366792588353,113,25.406999999999243
N V,25,5,0.2702962668465867,113,25.406999999999243
N V,25,10,0.18404051452123227,113,25.406999999999243
N V,26,3,0.2520775918544773,108,25.556000000000495
N V,26,5,0.26487671259413226,108,25.556000000000495
N V,26,10,0.16746955762503646,108,25.556000000000495
N V,27,3,0.21465694312523365,110,27.411000000000058
N V,27,5,0.16975389672800034,110,27.411000000000058
N V,27,10,0.1469714771607915,110,27.411000000000058
N V,28,3,0.13624988149564032,104,27.541500000002998
N V,28,5,0.1424662147894642,104,27.541500000002998
N V,28,10,0.12996290906540864,104,27.541500000002998
N V,29,3,0.22330847682003974,110,29.37250000000131
N V,29,5,0.17942016976730635,110,29.37250000000131
N V,29,10,0.1307738273705512,110,29.37250000000131
N V,30,3,0.19427390394253052,105,29.457000000002154
N V,30,5,0.1544036917653111,105,29.457000000002154
N V,30,10,0.11205689414835884,105,29.457000000002154
N V,31,3,0.28285186915673055,106,31.31000000000131
N V,31,5,0.18114144215481787,106,31.31000000000131
N V,31,10,0.134213775349167,106,31.31000000000131
N V,32,3,0.18741006384698533,99,31.510000000002037
N V,32,5,0.10130390913349263,99,31.510000000002037
N V,32,10,0.08773934527696703,99,31.510000000002037
N V,33,3,0.14858710608302506,106,33.30450000000201
N V,33,5,0.1376012257896857,106,33.30450000000201
N V,33,10,0.12621989039371773,106,33.30450000000201
N V,34,3,0.17823566385973244,97,33.495999999999185
N V,34,5,0.1477401528538067,97,33.495999999999185
N V,34,10,0.09627541406875206,97,33.495999999999185
N V,35,3,0.16941750982561388,103,35.23199999999633
N V,35,5,0.1569742384960291,103,35.23199999999633
N V,35,10,0.13092291140978762,103,35.23199999999633
N V,36,3,0.14636727048005405,93,35.49700000000303
N V,36,5,0.14330602424438776,93,35.49700000000303
N V,36,10,0.10797760585627714,93,35.49700000000303
N V,37,3,0.17021591373396383,101,37.18499999999767
N V,37,5,0.12176653580269203,101,37.18499999999767
N V,37,10,0.12414752842468246,101,37.18499999999767
N V,38,3,0.16255461539287896,87,37.495999999999185
N V,38,5,0.12336623345084519,87,37.495999999999185
N V,38,10,0.07818005510352322,87,37.495999999999185
N V,39,3,0.21845152912052157,100,39.12299999999959
N V,39,5,0.18417043943691347,100,39.12299999999959
N V,39,10,0.12482483035220149,100,39.12299999999959
N V,40,3,0.09810414653601462,87,39.48700000000099
N V,40,5,0.13166116684840556,87,39.48700000000099
N V,40,10,0.097677723497827,87,39.48700000000099
Si IV,0,3,0.2451297488348887,165,0.0
Si IV,0,5,0.15385623603626808,165,0.0
Si IV,0,10,0.07822811984458866,165,0.0
Si IV,1,3,0.29256201808361304,127,1.7200000000011642
Si IV,1,5,0.17636073413166464,127,1.7200000000011642
Si IV,1,10,0.08355742629620266,127,1.7200000000011642
Si IV,2,3,0.25996354137590316,144,1.9844999999986612
Si IV,2,5,0.16002032734603322,144,1.9844999999986612
Si IV,2,10,0.08636493242803844,144,1.9844999999986612
Si IV,3,3,0.2719852814957928,117,3.4839999999967404
Si IV,3,5,0.19473076870682693,117,3.4839999999967404
Si IV,3,10,0.07352499990834005,117,3.4839999999967404
Si IV,4,3,0.24788704412402485,143,3.90400000000227
Si IV,4,5,0.18811985511526874,143,3.90400000000227
Si IV,4,10,0.08943851558916283,143,3.90400000000227
Si IV,5,3,0.3134103228880525,116,5.49199999999837
Si IV,5,5,0.20810060835183375,116,5.49199999999837
Si IV,5,10,0.07880059329035927,116,5.49199999999837
Si IV,6,3,0.25169774082955065,141,5.889999999999418
Si IV,6,5,0.21637007985770662,141,5.889999999999418
Si IV,6,10,0.10455900325829948,141,5.889999999999418
Si IV,7,3,0.29471732438187725,118,7.542499999999563
Si IV,7,5,0.21779389821919715,118,7.542499999999563
Si IV,7,10,0.08156205257920668,118,7.542499999999563
Si IV,8,3,0.24152524434551292,133,7.869999999995343
Si IV,8,5,0.22667878512042794,133,7.869999999995343
Si IV,8,10,0.10290372999310371,133,7.869999999995343
Si IV,9,3,0.25035383128047073,118,9.612499999999272
Si IV,9,5,0.23685143049490964,118,9.612499999999272
Si IV,9,10,0.08031478067083953,118,9.612499999999272
Si IV,10,3,0.2294478132861073,134,9.828499999999622
Si IV,10,5,0.21487569134357187,134,9.828499999999622
Si IV,10,10,0.09611947223879369,134,9.828499999999622
Si IV,11,3,0.2842849558891265,118,11.57749999999578
Si IV,11,5,0.2213152281483124,118,11.57749999999578
Si IV,11,10,0.08477897158804915,118,11.57749999999578
Si IV,12,3,0.229172475538288,129,11.76600000000326
Si IV,12,5,0.20801682046947256,129,11.76600000000326
Si IV,12,10,0.07749792784377618,129,11.76600000000326
Si IV,13,3,0.2153111655330031,116,13.56300000000192
Si IV,13,5,0.1931777340036378,116,13.56300000000192
Si IV,13,10,0.05556630284734876,116,13.56300000000192
Si IV,14,3,0.2702246866452791,125,13.702000000004773
Si IV,14,5,0.19347680453366856,125,13.702000000004773
Si IV,14,10,0.06399967495479775,125,13.702000000004773
Si IV,15,3,0.21245584100184356,110,15.547499999996944
Si IV,15,5,0.23472087211909898,110,15.547499999996944
Si IV,15,10,0.048823717951519185,110,15.547499999996944
Si IV,16,3,0.1868915971261691,122,15.722500000003492
Si IV,16,5,0.21122182924856236,122,15.722500000003492
Si IV,16,10,0.059596826916854084,122,15.722500000003492
Si IV,17,3,0.19329734834316614,113,17.468000000000757
Si IV,17,5,0.1910943452481435,113,17.468000000000757
Si IV,17,10,0.04831927536693392,113,17.468000000000757
Si IV,18,3,0.19030846916122357,120,17.60149999999703
Si IV,18,5,0.19060613592205833,120,17.60149999999703
Si IV,18,10,0.05228326160952257,120,17.60149999999703
Si IV,19,3,0.19250207835476196,109,19.519000000000233
Si IV,19,5,0.19750921727557813,109,19.519000000000233
Si IV,19,10,0.04420335726412539,109,19.519000000000233
Si IV,20,3,0.15652129955973404,116,19.637500000000728
Si IV,20,5,0.18396615611473877,116,19.637500000000728
Si IV,20,10,0.04630292291437321,116,19.637500000000728
Si IV,21,3,0.13067930457421806,113,21.544000000001688
Si IV,21,5,0.1202483150151954,113,21.544000000001688
Si IV,21,10,0.03563199681127038,113,21.544000000001688
Si IV,22,3,0.08498550962768991,115,21.572999999996682
Si IV,22,5,0.12032931783561551,115,21.572999999996682
Si IV,22,10,0.03812573619798254,115,21.572999999996682
Si IV,23,3,0.10376644378367317,111,23.472999999998137
Si IV,23,5,0.12936933593875732,111,23.472999999998137
Si IV,23,10,0.04381043845537924,111,23.472999999998137
Si IV,24,3,0.11754465704923334,112,23.523999999997613
Si IV,24,5,0.13730716221627493,112,23.523999999997613
Si IV,24,10,0.04270157277929432,112,23.523999999997613
Si IV,25,3,0.145009727894422,113,25.406999999999243
Si IV,25,5,0.09908169548534307,113,25.406999999999243
Si IV,25,10,0.038663221547997395,113,25.406999999999243
Si IV,26,3,0.14961777035405976,108,25.556000000000495
Si IV,26,5,0.08124070991000298,108,25.556000000000495
Si IV,26,10,0.026638284573346382,108,25.556000000000495
Si IV,27,3,0.08752402746422039,110,27.411000000000058
Si IV,27,5,0.03524768189152727,110,27.411000000000058
Si IV,27,10,0.021011278712978587,110,27.411000000000058
Si IV,28,3,0.07325991670220233,104,27.541500000002998
Si IV,28,5,0.03505561663027734,104,27.541500000002998
Si IV,28,10,0.019944280871817988,104,27.541500000002998
Si IV,29,3,0.08863633417622463,110,29.37250000000131
Si IV,29,5,0.055197114612561826,110,29.37250000000131
Si IV,29,10,0.0246014887999344,110,29.37250000000131
Si IV,30,3,0.036472001302257695,105,29.457000000002154
Si IV,30,5,0.040764670751477716,105,29.457000000002154
Si IV,30,10,0.019552852141059063,105,29.457000000002154
Si IV,31,3,0.052396436808408886,106,31.31000000000131
Si IV,31,5,0.04861356304165909,106,31.31000000000131
Si IV,31,10,0.009566454920506118,106,31.31000000000131
Si IV,32,3,0.004122110682436286,99,31.510000000002037
Si IV,32,5,0.018852089364667535,99,31.510000000002037
Si IV,32,10,0.0039408565218490565,99,31.510000000002037
Si IV,33,3,0.023101314781116322,106,33.30450000000201
Si IV,33,5,0.039596467157111626,106,33.30450000000201
Si IV,33,10,0.012377900936649588,106,33.30450000000201
Si IV,34,3,0.02282284845040472,97,33.495999999999185
Si IV,34,5,0.02481101464757174,97,33.495999999999185
Si IV,34,10,0.011249873424528545,97,33.495999999999185
Si IV,35,3,0.026468253669722053,103,35.23199999999633
Si IV,35,5,0.037367658117071656,103,35.23199999999633
Si IV,35,10,0.012565040303066155,103,35.23199999999633
Si IV,36,3,-0.00768503374579943,93,35.49700000000303
Si IV,36,5,0.029430354364961886,93,35.49700000000303
Si IV,36,10,0.009079499878851038,93,35.49700000000303
Si IV,37,3,0.05386981987348083,101,37.18499999999767
Si IV,37,5,0.01969516857171616,101,37.18499999999767
Si IV,37,10,0.015437515745705177,101,37.18499999999767
Si IV,38,3,0.06532312675759844,87,37.495999999999185
Si IV,38,5,0.034456149803107294,87,37.495999999999185
Si IV,38,10,0.007106135395030577,87,37.495999999999185
Si IV,39,3,0.07196355522187758,100,39.12299999999959
Si IV,39,5,0.05506709838125445,100,39.12299999999959
Si IV,39,10,0.01227100959202776,100,39.12299999999959
Si IV,40,3,0.08663528988450953,87,39.48700000000099
Si IV,40,5,0.0032426949606341182,87,39.48700000000099
Si IV,40,10,0.010089721098025528,87,39.48700000000099
C IV,0,3,0.18814200942690285,165,0.0
C IV,0,5,0.19977207156559373,165,0.0
C IV,0,10,0.1413267020107405,165,0.0
C IV,1,3,0.22600804233206517,127,1.7200000000011642
C IV,1,5,0.26163287346277464,127,1.7200000000011642
C IV,1,10,0.2018549744556033,127,1.7200000000011642
C IV,2,3,0.26476289755459526,144,1.9844999999986612
C IV,2,5,0.2610894885518089,144,1.9844999999986612
C IV,2,10,0.17567915653308486,144,1.9844999999986612
C IV,3,3,0.27475615896539285,117,3.4839999999967404
C IV,3,5,0.3022295945123865,117,3.4839999999967404
C IV,3,10,0.20190612157581977,117,3.4839999999967404
C IV,4,3,0.33131763140347736,143,3.90400000000227
C IV,4,5,0.3161492637706198,143,3.90400000000227
C IV,4,10,0.1996982250147772,143,3.90400000000227
C IV,5,3,0.3955600340618606,116,5.49199999999837
C IV,5,5,0.3295667364291921,116,5.49199999999837
C IV,5,10,0.17760008156666718,116,5.49199999999837
C IV,6,3,0.37998050930765803,141,5.889999999999418
C IV,6,5,0.28159710930964277,141,5.889999999999418
C IV,6,10,0.19708014602745916,141,5.889999999999418
C IV,7,3,0.36760013242085865,118,7.542499999999563
C IV,7,5,0.29627669880497454,118,7.542499999999563
C IV,7,10,0.19219067572657966,118,7.542499999999563
C IV,8,3,0.3454101983521385,133,7.869999999995343
C IV,8,5,0.29498192197924844,133,7.869999999995343
C IV,8,10,0.1912029435507776,133,7.869999999995343
C IV,9,3,0.29727358631049317,118,9.612499999999272
C IV,9,5,0.24675968830148776,118,9.612499999999272
C IV,9,10,0.17386230603789787,118,9.612499999999272
C IV,10,3,0.3349370557799727,134,9.828499999999622
C IV,10,5,0.2585324849645767,134,9.828499999999622
C IV,10,10,0.16723740784223207,134,9.828499999999622
C IV,11,3,0.3133413255817974,118,11.57749999999578
C IV,11,5,0.31484580775723625,118,11.57749999999578
C IV,11,10,0.2167235136542498,118,11.57749999999578
C IV,12,3,0.3314588078430125,129,11.76600000000326
C IV,12,5,0.3375568684100383,129,11.76600000000326
C IV,12,10,0.2103603722540912,129,11.76600000000326
C IV,13,3,0.292094432450722,116,13.56300000000192
C IV,13,5,0.3032619082972543,116,13.56300000000192
C IV,13,10,0.21683405796401356,116,13.56300000000192
C IV,14,3,0.29775594725888155,125,13.702000000004773
C IV,14,5,0.30933746814559804,125,13.702000000004773
C IV,14,10,0.23080875410309343,125,13.702000000004773
C IV,15,3,0.24134987748662962,110,15.547499999996944
C IV,15,5,0.27371806283178124,110,15.547499999996944
C IV,15,10,0.2314437018648139,110,15.547499999996944
C IV,16,3,0.260127540892344,122,15.722500000003492
C IV,16,5,0.28730408927739415,122,15.722500000003492
C IV,16,10,0.21262138716884582,122,15.722500000003492
C IV,17,3,0.2506928499704495,113,17.468000000000757
C IV,17,5,0.2922078676232127,113,17.468000000000757
C IV,17,10,0.19072292758634113,113,17.468000000000757
C IV,18,3,0.2542360810417392,120,17.60149999999703
C IV,18,5,0.26192830893523134,120,17.60149999999703
C IV,18,10,0.19177659132022118,120,17.60149999999703
C IV,19,3,0.3448516783394293,109,19.519000000000233
C IV,19,5,0.3453779430477155,109,19.519000000000233
C IV,19,10,0.20832507812541934,109,19.519000000000233
C IV,20,3,0.27517780940842496,116,19.637500000000728
C IV,20,5,0.31726247869312996,116,19.637500000000728
C IV,20,10,0.2068523327735159,116,19.637500000000728
C IV,21,3,0.257018097378654,113,21.544000000001688
C IV,21,5,0.2171116081910478,113,21.544000000001688
C IV,21,10,0.1363951110454309,113,21.544000000001688
C IV,22,3,0.2259610985109557,115,21.572999999996682
C IV,22,5,0.22970419507079942,115,21.572999999996682
C IV,22,10,0.1287288616521014,115,21.572999999996682
C IV,23,3,0.2583235171760654,111,23.472999999998137
C IV,23,5,0.23177569983823165,111,23.472999999998137
C IV,23,10,0.1292892035188986,111,23.472999999998137
C IV,24,3,0.2698858467528975,112,23.523999999997613
C IV,24,5,0.21707528946213372,112,23.523999999997613
C IV,24,10,0.13654702221688364,112,23.523999999997613
C IV,25,3,0.31437601180688635,113,25.406999999999243
C IV,25,5,0.22972122622097135,113,25.406999999999243
C IV,25,10,0.10270425125786176,113,25.406999999999243
C IV,26,3,0.2603213746008972,108,25.556000000000495
C IV,26,5,0.23732144514023368,108,25.556000000000495
C IV,26,10,0.09165682621209914,108,25.556000000000495
C IV,27,3,0.19509158976310292,110,27.411000000000058
C IV,27,5,0.17557578883154878,110,27.411000000000058
C IV,27,10,0.09087617348276211,110,27.411000000000058
C IV,28,3,0.1819554405158197,104,27.541500000002998
C IV,28,5,0.17976789461905263,104,27.541500000002998
C IV,28,10,0.08225657699239175,104,27.541500000002998
C IV,29,3,0.25929491743617383,110,29.37250000000131
C IV,29,5,0.18067448986775325,110,29.37250000000131
C IV,29,10,0.0947349685336194,110,29.37250000000131
C IV,30,3,0.2744650599174179,105,29.457000000002154
C IV,30,5,0.15601033097053651,105,29.457000000002154
C IV,30,10,0.06767258767107975,105,29.457000000002154
C IV,31,3,0.2758259281095965,106,31.31000000000131
C IV,31,5,0.14274156142460193,106,31.31000000000131
C IV,31,10,0.10498170998067913,106,31.31000000000131
C IV,32,3,0.1859424035095003,99,31.510000000002037
C IV,32,5,0.12070231121426112,99,31.510000000002037
C IV,32,10,0.0785550882373851,99,31.510000000002037
C IV,33,3,0.11521620190500581,106,33.30450000000201
C IV,33,5,0.09479655247078345,106,33.30450000000201
C IV,33,10,0.09684096938133013,106,33.30450000000201
C IV,34,3,0.12281392265756885,97,33.495999999999185
C IV,34,5,0.09320606629250516,97,33.495999999999185
C IV,34,10,0.09555478788338423,97,33.495999999999185
C IV,35,3,0.09872722713156357,103,35.23199999999633
C IV,35,5,0.09153480527036706,103,35.23199999999633
C IV,35,10,0.1114885202623963,103,35.23199999999633
C IV,36,3,0.021669065279779076,93,35.49700000000303
C IV,36,5,0.07799021991465604,93,35.49700000000303
C IV,36,10,0.08684988026416018,93,35.49700000000303
C IV,37,3,0.08243076747459366,101,37.18499999999767
C IV,37,5,0.09290793410671139,101,37.18499999999767
C IV,37,10,0.10703912104125202,101,37.18499999999767
C IV,38,3,0.016740232351501128,87,37.495999999999185
C IV,38,5,0.08507356728333004,87,37.495999999999185
C IV,38,10,0.04017408530706312,87,37.495999999999185
C IV,39,3,0.13543855089412826,100,39.12299999999959
C IV,39,5,0.07660731805716203,100,39.12299999999959
C IV,39,10,0.08761492428411888,100,39.12299999999959
C IV,40,3,0.055635112703133593,87,39.48700000000099
C IV,40,5,0.0715337909568321,87,39.48700000000099
C IV,40,10,0.0688642517773026,87,39.48700000000099
He II,0,3,0.13128139040462283,165,0.0
He II,0,5,0.05601812718827581,165,0.0
He II,0,10,0.009831670717806773,165,0.0
He II,1,3,0.18445721207706445,127,1.7200000000011642
He II,1,5,0.061049209851097075,127,1.7200000000011642
He II,1,10,0.0014817787121970127,127,1.7200000000011642
He II,2,3,0.16281971164690567,144,1.9844999999986612
He II,2,5,0.07340402112351008,144,1.9844999999986612
He II,2,10,0.002685773474889963,144,1.9844999999986612
He II,3,3,0.17113677038156805,117,3.4839999999967404
He II,3,5,0.035710881715999676,117,3.4839999999967404
He II,3,10,0.0004466168461947362,117,3.4839999999967404
He II,4,3,0.17028665346988703,143,3.90400000000227
He II,4,5,0.05279488996974102,143,3.90400000000227
He II,4,10,0.0042641114317572,143,3.90400000000227
He II,5,3,0.16329201768935686,116,5.49199999999837
He II,5,5,0.036605073902636676,116,5.49199999999837
He II,5,10,8.881784197001252e-16,116,5.49199999999837
He II,6,3,0.18288382633245348,141,5.889999999999418
He II,6,5,0.0721756969881886,141,5.889999999999418
He II,6,10,0.007783299687715406,141,5.889999999999418
He II,7,3,0.2489569704922232,118,7.542499999999563
He II,7,5,0.04407580302608505,118,7.542499999999563
He II,7,10,0.0007293618110084665,118,7.542499999999563
He II,8,3,0.15488183165192826,133,7.869999999995343
He II,8,5,0.07154316999950261,133,7.869999999995343
He II,8,10,0.0033010912792788005,133,7.869999999995343
He II,9,3,0.19965015360520066,118,9.612499999999272
He II,9,5,0.04405627742955964,118,9.612499999999272
He II,9,10,0.00014486455164330891,118,9.612499999999272
He II,10,3,0.22146197575444582,134,9.828499999999622
He II,10,5,0.07632763960561562,134,9.828499999999622
He II,10,10,0.003423138454907715,134,9.828499999999622
He II,11,3,0.14034669870422523,118,11.57749999999578
He II,11,5,0.049696319346784534,118,11.57749999999578
He II,11,10,0.002580222888138195,118,11.57749999999578
He II,12,3,0.10789446892768328,129,11.76600000000326
He II,12,5,0.05312303815526942,129,11.76600000000326
He II,12,10,0.004371562112610583,129,11.76600000000326
He II,13,3,0.14129340402390955,116,13.56300000000192
He II,13,5,0.04816661272318967,116,13.56300000000192
He II,13,10,0.0010883275912760837,116,13.56300000000192
He II,14,3,0.1330960524825473,125,13.702000000004773
He II,14,5,0.05710210092759915,125,13.702000000004773
He II,14,10,0.0008822436932121036,125,13.702000000004773
He II,15,3,0.0775534624636176,110,15.547499999996944
He II,15,5,0.050045716376252436,110,15.547499999996944
He II,15,10,0.0005892837359526837,110,15.547499999996944
He II,16,3,0.0754948561501827,122,15.722500000003492
He II,16,5,0.04450584187889195,122,15.722500000003492
He II,16,10,0.003988080509730985,122,15.722500000003492
He II,17,3,0.10162061537286338,113,17.468000000000757
He II,17,5,0.03966327778484047,113,17.468000000000757
He II,17,10,0.0007378850576120755,113,17.468000000000757
He II,18,3,0.08754551013503065,120,17.60149999999703
He II,18,5,0.02489231935385039,120,17.60149999999703
He II,18,10,0.003712738948464356,120,17.60149999999703
He II,19,3,0.11696140741203642,109,19.519000000000233
He II,19,5,0.008234665388384244,109,19.519000000000233
He II,19,10,0.004800638407997049,109,19.519000000000233
He II,20,3,0.09105157950893972,116,19.637500000000728
He II,20,5,0.018372488389715613,116,19.637500000000728
He II,20,10,8.881784197001252e-16,116,19.637500000000728
He II,21,3,0.08820983152237272,113,21.544000000001688
He II,21,5,0.024827420576424508,113,21.544000000001688
He II,21,10,0.0012890348587841771,113,21.544000000001688
He II,22,3,0.10176621440530553,115,21.572999999996682
He II,22,5,0.022375733867888492,115,21.572999999996682
He II,22,10,0.000855700318789232,115,21.572999999996682
He II,23,3,0.11313329880162026,111,23.472999999998137
He II,23,5,0.02182531852169234,111,23.472999999998137
He II,23,10,0.0021406569490851624,111,23.472999999998137
He II,24,3,0.09146938313782194,112,23.523999999997613
He II,24,5,0.033905262281775705,112,23.523999999997613
He II,24,10,0.0019201792731955436,112,23.523999999997613
He II,25,3,0.0555237345374362,113,25.406999999999243
He II,25,5,0.034716881323725524,113,25.406999999999243
He II,25,10,0.0005566694725995802,113,25.406999999999243
He II,26,3,0.07509464703055269,108,25.556000000000495
He II,26,5,0.03693419368958395,108,25.556000000000495
He II,26,10,2.6645352591003757e-15,108,25.556000000000495
He II,27,3,0.043900312789412865,110,27.411000000000058
He II,27,5,0.04364078856970366,110,27.411000000000058
He II,27,10,0.0003351558397408638,110,27.411000000000058
He II,28,3,0.07628384333608285,104,27.541500000002998
He II,28,5,0.04082065008671787,104,27.541500000002998
He II,28,10,0.00037524345062944775,104,27.541500000002998
He II,29,3,0.038825794035489025,110,29.37250000000131
He II,29,5,0.02203827265704117,110,29.37250000000131
He II,29,10,0.002287350010441891,110,29.37250000000131
He II,30,3,0.038209778909003234,105,29.457000000002154
He II,30,5,0.006002730780195087,105,29.457000000002154
He II,30,10,0.0011812644800439642,105,29.457000000002154
He II,31,3,0.026169417383608007,106,31.31000000000131
He II,31,5,0.009341847707736939,106,31.31000000000131
He II,31,10,0.002744404326129768,106,31.31000000000131
He II,32,3,0.014384722281692852,99,31.510000000002037
He II,32,5,0.007188179431094177,99,31.510000000002037
He II,32,10,0.0008331622465211908,99,31.510000000002037
He II,33,3,0.025400851635674293,106,33.30450000000201
He II,33,5,0.00908854140961246,106,33.30450000000201
He II,33,10,-0.0005911049353715114,106,33.30450000000201
He II,34,3,0.053839358173667584,97,33.495999999999185
He II,34,5,0.0176333487728213,97,33.495999999999185
He II,34,10,0.00010738831615153543,97,33.495999999999185
He II,35,3,-0.006737206389918704,103,35.23199999999633
He II,35,5,0.0160243068107766,103,35.23199999999633
He II,35,10,0.00021612712028407088,103,35.23199999999633
He II,36,3,-0.0365286632255728,93,35.49700000000303
He II,36,5,0.022723594536659064,93,35.49700000000303
He II,36,10,0.0,93,35.49700000000303
He II,37,3,0.061373809894900155,101,37.18499999999767
He II,37,5,0.015113868394076135,101,37.18499999999767
He II,37,10,9.900990098721252e-05,101,37.18499999999767
He II,38,3,0.03116444479842606,87,37.495999999999185
He II,38,5,0.010423147741762229,87,37.495999999999185
He II,38,10,-2.6645352591003757e-15,87,37.495999999999185
He II,39,3,0.07324541687926711,100,39.12299999999959
He II,39,5,0.01451630686661698,100,39.12299999999959
He II,39,10,-2.6645352591003757e-15,100,39.12299999999959
He II,40,3,0.03210906444035544,87,39.48700000000099
He II,40,5,-0.007384141921928489,87,39.48700000000099
He II,40,10,0.0005361888139345794,87,39.48700000000099
