line,k,peak_lag_days,peak_mi_nats,peak_pair_count,linewise_global_p_0_40d,five_line_familywise_p_0_40d,literature_rest_lag_days,literature_observed_lag_days,tested_literature_lag_days,mi_at_literature_lag_nats,pointwise_p_at_literature_lag,five_line_familywise_p_at_literature_lags,surrogate_count
C IV,3,5,0.3955600340618606,116,0.087,0.233,11.8,12.17111,12,0.3314588078430125,0.021,0.021,999
C IV,5,19,0.3453779430477155,109,0.085,0.171,11.8,12.17111,12,0.3375568684100383,0.001,0.001,999
C IV,10,15,0.2314437018648139,110,0.029,0.116,11.8,12.17111,12,0.2103603722540912,0.001,0.001,999
He II,3,7,0.2489569704922232,118,0.012,0.988,9.0,9.28305,9,0.19965015360520066,0.001,0.361,999
He II,5,10,0.07632763960561562,134,0.126,1.0,9.0,9.28305,9,0.04405627742955964,0.066,0.993,999
He II,10,0,0.009831670717806773,165,0.036,1.0,9.0,9.28305,9,0.00014486455164330891,0.623,1.0,999
Lyalpha,3,12,0.4121760491920279,129,0.096,0.172,10.4,10.72708,11,0.3742084741605689,0.001,0.001,999
Lyalpha,5,14,0.3031573637025433,125,0.137,0.424,10.4,10.72708,11,0.2822069205843887,0.001,0.027,999
Lyalpha,10,3,0.16473068403233526,117,0.149,0.686,10.4,10.72708,11,0.1438414479676915,0.012,0.108,999
N V,3,3,0.3420465009782996,117,0.236,0.544,15.5,15.987475,16,0.20523254260887214,0.043,0.322,999
N V,5,5,0.3785699154603197,116,0.001,0.048,15.5,15.987475,16,0.26583962917004644,0.001,0.053,999
N V,10,3,0.2455718122176247,117,0.024,0.024,15.5,15.987475,16,0.209680548235343,0.001,0.001,999
Si IV,3,5,0.3134103228880525,116,0.171,0.811,8.2,8.457889999999999,8,0.24152524434551292,0.023,0.157,999
Si IV,5,9,0.23685143049490964,118,0.08,0.876,8.2,8.457889999999999,8,0.22667878512042794,0.001,0.065,999
Si IV,10,6,0.10455900325829948,141,0.001,0.977,8.2,8.457889999999999,8,0.10290372999310371,0.001,0.384,999
