target,lag,real_synergy,null_median,null_p2_5,null_p97_5,p_empirical,p_bh,significant_bh_0_05
continuum,1,0.5139967168676646,0.7423577053479867,0.5833938782072378,0.7977870654046394,0.988,0.9890000000000001,False
continuum,2,0.5274223213953213,0.7428679241059984,0.586310707975224,0.7986065588674927,0.987,0.9890000000000001,False
continuum,3,0.5362144876431534,0.7432919430824073,0.5870344421964582,0.7990214369010682,0.988,0.9890000000000001,False
continuum,4,0.53304496799415,0.7424160542397886,0.5893738743102281,0.7988108922507022,0.989,0.9890000000000001,False
continuum,5,0.543615754907908,0.7425870756028342,0.5953861615145046,0.7971861874288068,0.988,0.9890000000000001,False
continuum,6,0.556136606108061,0.7431807417314561,0.6026857176266435,0.7977172662407527,0.987,0.9890000000000001,False
continuum,7,0.5663821280012138,0.7432836558156098,0.6012257108723399,0.7972808905784491,0.984,0.9890000000000001,False
continuum,8,0.5789572926263735,0.743443283938711,0.6026439892634382,0.7961204018684068,0.982,0.9890000000000001,False
continuum,9,0.5910998104878836,0.7429648406195086,0.6065503603201338,0.7962182970810425,0.979,0.9890000000000001,False
continuum,10,0.599132800434405,0.74305789609763,0.609262557827152,0.7962539935332043,0.976,0.9890000000000001,False
continuum,11,0.6027758724758755,0.7440375849509085,0.6050914009296828,0.795686754375706,0.976,0.9890000000000001,False
continuum,12,0.6190648587989248,0.7432909949053861,0.6032420911314268,0.7955456070831155,0.97,0.9890000000000001,False
continuum,13,0.626703557745336,0.7433705670772233,0.6006702585922101,0.796260830007556,0.964,0.9890000000000001,False
continuum,14,0.6240072497557297,0.7440915813498995,0.6039815201853298,0.7952529556437867,0.967,0.9890000000000001,False
continuum,15,0.6275609867689579,0.7444775125187074,0.5999433381253773,0.7959731530244165,0.965,0.9890000000000001,False
continuum,16,0.6344794627509845,0.7440983849951497,0.5964711156838357,0.7968588193647829,0.961,0.9890000000000001,False
continuum,17,0.6366238315143248,0.7437840912033328,0.6008902781994558,0.7957224968023328,0.96,0.9890000000000001,False
continuum,18,0.6432063491850752,0.7437761116372856,0.6035493641551637,0.7964326025678037,0.959,0.9890000000000001,False
continuum,19,0.649358714913322,0.7441646090186076,0.5990711150967069,0.7959669729077843,0.954,0.9890000000000001,False
continuum,20,0.6519555582134242,0.7444943792495963,0.5899363225700346,0.7946680652653828,0.954,0.9890000000000001,False
continuum,21,0.6468532643727086,0.7434271028820967,0.5915636026333171,0.796262822233619,0.954,0.9890000000000001,False
continuum,22,0.6539635675183822,0.7434214827696204,0.5912883173255133,0.7958425443239414,0.951,0.9890000000000001,False
continuum,23,0.6567335233734499,0.7430868630152115,0.5847417093623526,0.7953876116474581,0.949,0.9890000000000001,False
continuum,24,0.6586663933934055,0.7435541959217193,0.585037785367022,0.7945337417873948,0.948,0.9890000000000001,False
continuum,25,0.6593996894246161,0.7428791554112283,0.5885720831368545,0.7965232459218166,0.946,0.9890000000000001,False
continuum,26,0.659804010719564,0.7429349036301585,0.5845455720516218,0.7964657826654857,0.943,0.9890000000000001,False
continuum,27,0.6583577478812664,0.7431623379947434,0.5869032221201654,0.7955451853319974,0.941,0.9890000000000001,False
continuum,28,0.6589112190648004,0.7432431555909795,0.5868538876688042,0.7956278280745289,0.94,0.9890000000000001,False
continuum,29,0.666447822935577,0.743241946013495,0.5896674070520689,0.7951444016266908,0.938,0.9890000000000001,False
continuum,30,0.6681677669900674,0.7433279981987316,0.5893156547661899,0.7940404587536493,0.934,0.9890000000000001,False
continuum,31,0.6724502641843519,0.7431492402475848,0.5879902828083847,0.7934876425810926,0.928,0.9890000000000001,False
continuum,32,0.6778539277716439,0.7435702438938209,0.5849861169932338,0.7947677335357235,0.921,0.9890000000000001,False
continuum,33,0.6832615411024455,0.7432407436635718,0.5866771644456428,0.7970625439404072,0.91,0.9890000000000001,False
continuum,34,0.6882158595978659,0.743224795429859,0.5829886591902715,0.7967590236722285,0.899,0.9890000000000001,False
continuum,35,0.686726101989636,0.7426563534258168,0.5854781745907556,0.7958253692893066,0.905,0.9890000000000001,False
continuum,36,0.6862192988676068,0.7421101583460619,0.5860655071686882,0.7951542696342961,0.905,0.9890000000000001,False
continuum,37,0.6869722170059156,0.7411319512646287,0.5827125621820821,0.7956195414114804,0.9,0.9890000000000001,False
continuum,38,0.6872182257891493,0.7414877421591465,0.5811287979948021,0.7956975630842588,0.894,0.9890000000000001,False
continuum,39,0.684550975497932,0.7411139811138017,0.5786969672181735,0.7962408382115342,0.905,0.9890000000000001,False
continuum,40,0.6767524283504782,0.7409924341023422,0.581435242229007,0.7965707400765315,0.923,0.9890000000000001,False
continuum,41,0.6753193937174182,0.7411398162625881,0.576162360611766,0.7967472470123467,0.923,0.9890000000000001,False
continuum,42,0.6798013239622829,0.7407902945032933,0.5760033991512982,0.7970732345866356,0.912,0.9890000000000001,False
continuum,43,0.6864818717090155,0.7409726915058998,0.5819319782850297,0.7970560832243467,0.898,0.9890000000000001,False
continuum,44,0.6867341184263982,0.7415324620279754,0.5873956162074255,0.7965247103912991,0.9,0.9890000000000001,False
continuum,45,0.6805247749084735,0.7413970181006777,0.5828200056889374,0.7945793076995732,0.91,0.9890000000000001,False
continuum,46,0.679025456617978,0.7414980806612689,0.567504219018612,0.794852543688835,0.915,0.9890000000000001,False
continuum,47,0.6737848680323919,0.7416832596501056,0.5710242446129375,0.7944974253413287,0.918,0.9890000000000001,False
continuum,48,0.6723058549327586,0.741636988194509,0.572191744251815,0.7948516631986607,0.921,0.9890000000000001,False
continuum,49,0.6714325701605821,0.7417998062739927,0.5732179571921879,0.7957655664266694,0.923,0.9890000000000001,False
continuum,50,0.6697673647584752,0.7411258537080727,0.5746005990418437,0.7964968333991822,0.928,0.9890000000000001,False
continuum,51,0.6687614490545439,0.7402297799109888,0.5747439820310652,0.7962545071948152,0.929,0.9890000000000001,False
continuum,52,0.6718394299009127,0.7399331654877674,0.5699990131684359,0.7965739165763771,0.926,0.9890000000000001,False
continuum,53,0.6743336281692773,0.7400915442875574,0.5702590754429557,0.7945337351592233,0.923,0.9890000000000001,False
continuum,54,0.6707627991182771,0.7401510563519906,0.5722373408100722,0.7959079395628862,0.929,0.9890000000000001,False
continuum,55,0.6697535094669025,0.7405161720054265,0.5746007200769736,0.7962714452540105,0.931,0.9890000000000001,False
continuum,56,0.6717036377478853,0.7402748576604047,0.5638432557127743,0.7965658264954192,0.924,0.9890000000000001,False
continuum,57,0.670614553639065,0.7399489435465372,0.5656605854694939,0.7960998620294908,0.926,0.9890000000000001,False
continuum,58,0.6689926941357406,0.7392417085077578,0.568725507039551,0.7953257960140375,0.924,0.9890000000000001,False
continuum,59,0.6754379710618079,0.7392954311414364,0.5576791642544605,0.7944026757444389,0.918,0.9890000000000001,False
continuum,60,0.6796801741776292,0.7390435111560979,0.5619684041026767,0.7954265121036889,0.912,0.9890000000000001,False
continuum,61,0.678107959230683,0.7393103633465169,0.5529154400838232,0.7959389653649063,0.913,0.9890000000000001,False
continuum,62,0.6731036375065094,0.7395454041293045,0.5469883420571906,0.7963766829504497,0.919,0.9890000000000001,False
continuum,63,0.6671939855696093,0.7404759337123619,0.5486874654906213,0.7955408258691942,0.925,0.9890000000000001,False
continuum,64,0.6689242143690869,0.7404536310002849,0.5377838093238431,0.7953442558079987,0.924,0.9890000000000001,False
continuum,65,0.6630092667781691,0.7403051550561485,0.551972304944384,0.7974019453680745,0.927,0.9890000000000001,False
continuum,66,0.6635799910766327,0.7407021226385732,0.5513836162001549,0.7972300642003749,0.925,0.9890000000000001,False
continuum,67,0.6698070579418878,0.7407336301231864,0.5399822231239373,0.7973063063882385,0.921,0.9890000000000001,False
continuum,68,0.6691807047852731,0.7406856444076904,0.546140924572005,0.7968873405520532,0.921,0.9890000000000001,False
continuum,69,0.6749913832678291,0.7409500955408783,0.5503066381102223,0.7960021944097975,0.921,0.9890000000000001,False
continuum,70,0.6747784924511123,0.740905742818002,0.5547190705271573,0.7953930376900834,0.921,0.9890000000000001,False
continuum,71,0.6702049129073185,0.7410487402817,0.5600933218386637,0.7952007069057861,0.923,0.9890000000000001,False
continuum,72,0.6668257915497439,0.7402103475724535,0.5708058574583648,0.7959556402003803,0.929,0.9890000000000001,False
continuum,73,0.670094109834783,0.7408443003820013,0.5725617395007898,0.7948688565064278,0.924,0.9890000000000001,False
continuum,74,0.6732816237566664,0.7410913509374407,0.571026644689309,0.7954606325400555,0.924,0.9890000000000001,False
continuum,75,0.6755671796567946,0.7411104820502076,0.5732632417823842,0.7954819249445378,0.921,0.9890000000000001,False
continuum,76,0.6803444280909083,0.7418238202604495,0.5689276765988079,0.7945714429266005,0.911,0.9890000000000001,False
continuum,77,0.683738747862541,0.7416458432851223,0.5711538532917377,0.795124998341337,0.905,0.9890000000000001,False
continuum,78,0.6794858042472114,0.7409518657544738,0.5734707520074451,0.7951357079233022,0.909,0.9890000000000001,False
continuum,79,0.6866753589952485,0.7409744285938029,0.5683528375196992,0.7957508995667292,0.895,0.9890000000000001,False
continuum,80,0.6832557264236814,0.7412091921543073,0.5651514844669828,0.7950589585141766,0.902,0.9890000000000001,False
continuum,81,0.6789433776845462,0.7406053211205609,0.5610156216056621,0.7945743892569798,0.91,0.9890000000000001,False
continuum,82,0.6730983401113158,0.7403139765138917,0.5623486378670756,0.7948621363706467,0.923,0.9890000000000001,False
continuum,83,0.6703655904363897,0.7402289751858899,0.5581313545293887,0.7942845779559163,0.928,0.9890000000000001,False
continuum,84,0.672388103313331,0.7397272393636066,0.5569634171972457,0.7944764827796883,0.923,0.9890000000000001,False
continuum,85,0.6680103846108479,0.7396704418743982,0.5570996770533345,0.7920742581462867,0.925,0.9890000000000001,False
continuum,86,0.6663391482363783,0.7385638557548134,0.5584662995608844,0.7926477907124426,0.927,0.9890000000000001,False
continuum,87,0.6696737561766503,0.7384398520025485,0.5555666439526767,0.7914312436425973,0.925,0.9890000000000001,False
continuum,88,0.6695412510997609,0.7390165120063751,0.5574679699152177,0.7925752332489915,0.924,0.9890000000000001,False
continuum,89,0.6739652273376381,0.7394841215931975,0.5654390478790015,0.7922470105515883,0.917,0.9890000000000001,False
continuum,90,0.6714414717546624,0.7392712904383011,0.571888716021326,0.7919082735493672,0.92,0.9890000000000001,False
continuum,91,0.677515611521835,0.7398267504198058,0.5749794701670291,0.793473102158393,0.91,0.9890000000000001,False
continuum,92,0.6768595459204062,0.7394815678656269,0.5740880886096837,0.7933654874946408,0.913,0.9890000000000001,False
continuum,93,0.6847571617207866,0.7391953171255568,0.5754535336226791,0.7931595533501055,0.892,0.9890000000000001,False
continuum,94,0.6894843676671273,0.7388687280348833,0.5839206792273998,0.7910767649802797,0.879,0.9890000000000001,False
continuum,95,0.6867726317537117,0.7375422377978575,0.5935614036603726,0.7910192306998243,0.888,0.9890000000000001,False
continuum,96,0.6912285002792571,0.7377567617524808,0.5994327198163129,0.7907986948518927,0.882,0.9890000000000001,False
continuum,97,0.6940427636938392,0.7377174484305586,0.600616644422092,0.7899402472127074,0.859,0.9890000000000001,False
continuum,98,0.6928375327105174,0.7384371571714036,0.5993143079880403,0.789915894230665,0.864,0.9890000000000001,False
continuum,99,0.6907534559371269,0.7383441048433415,0.5992530417949291,0.790166858755854,0.877,0.9890000000000001,False
continuum,100,0.6925534032402433,0.7378204721345899,0.5959828945742647,0.7901301801872924,0.868,0.9890000000000001,False
continuum,101,0.6937408946202093,0.7381520163002842,0.6006238645327654,0.7925692348715889,0.868,0.9890000000000001,False
continuum,102,0.6901652375030491,0.7381941868084534,0.6036536261301255,0.7921239200696812,0.881,0.9890000000000001,False
continuum,103,0.6895111755858463,0.7378010695144253,0.5986865710992607,0.7905542450460623,0.878,0.9890000000000001,False
continuum,104,0.6960158544966609,0.7377434171043055,0.6031080801521892,0.7889892990066727,0.852,0.9890000000000001,False
continuum,105,0.698039518252961,0.7382802216353485,0.596969732913512,0.7903684567601982,0.843,0.9890000000000001,False
continuum,106,0.6959170457269165,0.7385392489695205,0.5871271795929287,0.7902264558473389,0.854,0.9890000000000001,False
continuum,107,0.6965752776225721,0.7376699500871406,0.5878030053714064,0.788629103214069,0.851,0.9890000000000001,False
continuum,108,0.6935877693624529,0.7377721251590325,0.5912843119031274,0.78795608565419,0.875,0.9890000000000001,False
continuum,109,0.6967048543322466,0.737636294258758,0.592723171682302,0.788179488122493,0.855,0.9890000000000001,False
continuum,110,0.6987981980817678,0.7372855235985335,0.588012620664778,0.7876537640869489,0.845,0.9890000000000001,False
continuum,111,0.6987027706272436,0.7370929654459433,0.5847436249900306,0.7868921606051421,0.844,0.9890000000000001,False
continuum,112,0.7022713560474937,0.7366854590093027,0.5829989591552196,0.7866164753075451,0.828,0.9890000000000001,False
continuum,113,0.7056101471310204,0.7367989362990833,0.586494491554951,0.7869403839347412,0.808,0.9890000000000001,False
continuum,114,0.7115958679028006,0.7364111698642496,0.5892826233245747,0.7879545063168252,0.767,0.9890000000000001,False
continuum,115,0.7137860313719139,0.7366556175834135,0.587861719644565,0.7891389796760723,0.751,0.9890000000000001,False
continuum,116,0.710191783652148,0.7371434359025508,0.5842077602121147,0.7894041102238261,0.779,0.9890000000000001,False
continuum,117,0.7042243734043803,0.7375416886661884,0.5844108262041666,0.7903187179768579,0.81,0.9890000000000001,False
continuum,118,0.6961323318277064,0.736925976409177,0.5858843282807007,0.7894858599645382,0.86,0.9890000000000001,False
continuum,119,0.6912630457641624,0.7366474409072704,0.5820061465855647,0.7893547790368738,0.867,0.9890000000000001,False
continuum,120,0.6864064927357748,0.7363645177877517,0.5772734780137501,0.7882907605260798,0.877,0.9890000000000001,False
continuum,121,0.6868058150300136,0.735783014676595,0.5677227120755325,0.7890336380400208,0.877,0.9890000000000001,False
continuum,122,0.689498760145793,0.7360686005373168,0.562978701878417,0.7914555679748523,0.871,0.9890000000000001,False
continuum,123,0.6902261198256981,0.735881163344845,0.5638368386336651,0.7913641549119683,0.864,0.9890000000000001,False
continuum,124,0.6864098035149415,0.7356156878489672,0.5628684123460297,0.7908151251286553,0.878,0.9890000000000001,False
continuum,125,0.6745623590742956,0.7344063429751765,0.5647473851826271,0.7910935225504692,0.915,0.9890000000000001,False
continuum,126,0.6659708320916973,0.7350040390169177,0.5703315152849172,0.7896525106639706,0.927,0.9890000000000001,False
continuum,127,0.6574508864374563,0.7349995006789779,0.5689940087755221,0.790178762838832,0.934,0.9890000000000001,False
continuum,128,0.6532884234508244,0.7343134126329459,0.5672228504105024,0.7897877956952117,0.936,0.9890000000000001,False
continuum,129,0.6554750936406285,0.734291321996564,0.5657324961458711,0.7894317044013179,0.932,0.9890000000000001,False
continuum,130,0.6516448943761294,0.7337970684230096,0.5567074551740402,0.7876432289722138,0.934,0.9890000000000001,False
continuum,131,0.671027879855818,0.7331988579842267,0.5620530646193462,0.7882040450065984,0.907,0.9890000000000001,False
continuum,132,0.6651893262528696,0.73262808771568,0.5613783069316604,0.7882027992557921,0.915,0.9890000000000001,False
continuum,133,0.6633972132833416,0.7328020306171095,0.5575009670390405,0.7866021685520909,0.92,0.9890000000000001,False
continuum,134,0.6643889083862135,0.7328277197506903,0.5578855410201771,0.786314608877464,0.919,0.9890000000000001,False
continuum,135,0.6622450563716458,0.7329375042788107,0.5574312561509484,0.786910106945837,0.923,0.9890000000000001,False
continuum,136,0.6577351345983885,0.7328185741044626,0.5555050281609922,0.7870100089153313,0.925,0.9890000000000001,False
continuum,137,0.661662078788757,0.7324725135822063,0.5551264507414889,0.7873634785359497,0.921,0.9890000000000001,False
continuum,138,0.6567023341725611,0.7333313391844622,0.5583266202868101,0.7878067185376675,0.925,0.9890000000000001,False
continuum,139,0.6521675734850827,0.733364492245104,0.5557774103806187,0.7878118478504861,0.93,0.9890000000000001,False
continuum,140,0.6586199661356584,0.732941116380615,0.551899795157143,0.7878161353761275,0.923,0.9890000000000001,False
continuum,141,0.6626514172918188,0.7328617767540209,0.554848606200921,0.7883773929887878,0.918,0.9890000000000001,False
continuum,142,0.6602687131218149,0.7327309751175892,0.5592314516146591,0.7884870776089921,0.922,0.9890000000000001,False
continuum,143,0.6596639549111221,0.7324208053741779,0.5603339516137364,0.7882259053335621,0.928,0.9890000000000001,False
continuum,144,0.6567790133410313,0.7320674086850665,0.5551501774548938,0.7890071875011045,0.928,0.9890000000000001,False
continuum,145,0.6547102303258464,0.7322636001441467,0.5574936299893538,0.7878108359736583,0.93,0.9890000000000001,False
continuum,146,0.6491847151557142,0.7319390079726883,0.5621507619844663,0.7875383978887976,0.936,0.9890000000000001,False
continuum,147,0.6432271727266539,0.7319205390438932,0.5619135684364236,0.786420060257267,0.938,0.9890000000000001,False
continuum,148,0.6414341160173216,0.7317728525145621,0.5585580563531567,0.7876231856097237,0.943,0.9890000000000001,False
continuum,149,0.6440671565815164,0.7315842693163147,0.5656797087161723,0.7867187571629274,0.943,0.9890000000000001,False
continuum,150,0.6397837754587419,0.7306580071255059,0.5691832005362535,0.7860475504401276,0.944,0.9890000000000001,False
continuum,151,0.6381583238536283,0.7301795996596346,0.5703915623486566,0.7876563045764992,0.945,0.9890000000000001,False
continuum,152,0.6407729603050473,0.7305257609027976,0.5746043766978619,0.7874593540726649,0.946,0.9890000000000001,False
continuum,153,0.6401443738310787,0.7308797370887894,0.5684007131884236,0.7896994714393459,0.945,0.9890000000000001,False
continuum,154,0.6378875485058925,0.7309436943216426,0.5678568944033897,0.7885655695327861,0.944,0.9890000000000001,False
continuum,155,0.6319999870747591,0.7321784397326624,0.5679005970978973,0.7897888667031197,0.949,0.9890000000000001,False
continuum,156,0.6349755205795257,0.7325927807272364,0.5648494452684912,0.789859356794549,0.946,0.9890000000000001,False
continuum,157,0.6388277508934076,0.7327814166344099,0.5702922188301527,0.7890119611566574,0.943,0.9890000000000001,False
continuum,158,0.6469728651396112,0.7315606743008726,0.5731557284771535,0.7893810267679844,0.939,0.9890000000000001,False
continuum,159,0.6518088457241961,0.7316259012918591,0.5763599004299722,0.787243298699727,0.937,0.9890000000000001,False
continuum,160,0.6638685217164463,0.7316730101449592,0.5833072884507114,0.7868985969634528,0.918,0.9890000000000001,False
continuum,161,0.6711530139832778,0.7318045623636323,0.5887326195410357,0.7874514808472702,0.902,0.9890000000000001,False
continuum,162,0.6706897740633394,0.7321368618944607,0.5848373815863758,0.7883737305393247,0.905,0.9890000000000001,False
continuum,163,0.6684027264936064,0.7319959984217407,0.5818539172300922,0.7900374233421663,0.908,0.9890000000000001,False
continuum,164,0.6724144265892105,0.7314703003377209,0.5697286334921148,0.7913665041151565,0.897,0.9890000000000001,False
continuum,165,0.6723115539776384,0.7319339232295147,0.5701397758564053,0.7913477167510585,0.894,0.9890000000000001,False
continuum,166,0.6710328092628166,0.7319049531192834,0.5731887518092422,0.790404761202183,0.899,0.9890000000000001,False
continuum,167,0.6675866614662249,0.7314760342383537,0.5745984043191805,0.7895646736853398,0.908,0.9890000000000001,False
continuum,168,0.6656238963067688,0.7314837229931523,0.5769615271234555,0.7905738272505209,0.907,0.9890000000000001,False
continuum,169,0.6750181847856216,0.7315604203013283,0.574859822681275,0.7898722140841256,0.886,0.9890000000000001,False
continuum,170,0.6769129123725515,0.7314486902398093,0.5804784935957213,0.790727767622465,0.88,0.9890000000000001,False
continuum,171,0.6853097196445601,0.7309987106177203,0.5805245164304698,0.7898760453146099,0.848,0.9890000000000001,False
continuum,172,0.6878621590184748,0.7306233319341462,0.5783062809733598,0.7898672034157943,0.836,0.9890000000000001,False
continuum,173,0.6898441055796736,0.7307625131791955,0.5766842801234506,0.7896293033591169,0.825,0.9890000000000001,False
continuum,174,0.6936124263081529,0.7308886584349703,0.5799162523152994,0.789959111498367,0.809,0.9890000000000001,False
continuum,175,0.6977192038157494,0.73040580436327,0.579309786784437,0.7907065210805986,0.78,0.9890000000000001,False
continuum,176,0.7005601278305504,0.7289810148044448,0.5777646649628834,0.7913305666556008,0.765,0.9890000000000001,False
continuum,177,0.7024091732694648,0.7283132399419796,0.5764570036698423,0.792285154593842,0.749,0.9890000000000001,False
continuum,178,0.699649167612979,0.7284620520921903,0.5723150438616662,0.7896966388769165,0.771,0.9890000000000001,False
continuum,179,0.6962035465270872,0.7283084468320588,0.5684080620799894,0.7896358729466728,0.789,0.9890000000000001,False
continuum,180,0.6964829997790875,0.7274411912312966,0.5637858608237525,0.7890036281823617,0.786,0.9890000000000001,False
continuum,181,0.6970741789055194,0.7277946017947472,0.564665148366036,0.7894850965791661,0.776,0.9890000000000001,False
continuum,182,0.7044741020379255,0.7279397641567498,0.5641970926279285,0.78647408570837,0.724,0.9890000000000001,False
continuum,183,0.7033426145415985,0.7279285044161997,0.5593213787628744,0.7887047151708266,0.737,0.9890000000000001,False
continuum,184,0.7052287653587692,0.7283017736350502,0.5481506940728936,0.7896531248009032,0.714,0.9890000000000001,False
continuum,185,0.7056771361276554,0.7287277689364345,0.5494972561008871,0.7900224356740823,0.712,0.9890000000000001,False
continuum,186,0.7081235198246894,0.7274853251231342,0.5453655490218599,0.7906785969556154,0.694,0.9890000000000001,False
continuum,187,0.7056339477145716,0.727448815389091,0.547281034321668,0.7891360792662372,0.721,0.9890000000000001,False
continuum,188,0.7027996827321895,0.7270007173262028,0.5478208512692503,0.7902201480146595,0.748,0.9890000000000001,False
continuum,189,0.7007045456268085,0.7280550066078655,0.5572717781306639,0.7906720369229104,0.765,0.9890000000000001,False
continuum,190,0.7027209196368802,0.7282324226136302,0.5559026362931007,0.788227791853902,0.749,0.9890000000000001,False
continuum,191,0.7049849696143814,0.7278044489757624,0.5588543202435079,0.7872421226952655,0.739,0.9890000000000001,False
continuum,192,0.699918954727209,0.7271108120541622,0.5618211778565309,0.7886041608962165,0.77,0.9890000000000001,False
continuum,193,0.6977112138909748,0.7268331916540273,0.5594787087389699,0.7886248119204927,0.783,0.9890000000000001,False
continuum,194,0.6999721948828734,0.7279335622959162,0.5621274095811702,0.787939334266776,0.771,0.9890000000000001,False
continuum,195,0.6946892186111323,0.7276442801382065,0.5567918013109572,0.78837233885452,0.802,0.9890000000000001,False
continuum,196,0.692383107101936,0.7278389056378702,0.555206765583987,0.7892407272889237,0.813,0.9890000000000001,False
continuum,197,0.688955192163825,0.7271761885927138,0.5593559800629337,0.7909981194584623,0.836,0.9890000000000001,False
continuum,198,0.6835590278606122,0.7269026791376861,0.5564396918193639,0.7890083958220773,0.859,0.9890000000000001,False
continuum,199,0.683124915360165,0.7266323990575448,0.5583953962425684,0.7897921892181795,0.859,0.9890000000000001,False
continuum,200,0.6777467790235298,0.7270152985677725,0.5535354968095029,0.79085619751358,0.871,0.9890000000000001,False
red_wing,1,0.600694464516337,0.7180784408671164,0.6363528218689899,0.7832622872791178,0.999,0.9990000000000001,False
red_wing,2,0.5981175275162075,0.7178921494584609,0.6346186503903554,0.7824750629746209,0.999,0.9990000000000001,False
red_wing,3,0.6009231798809891,0.7185499317867389,0.6357662653983763,0.7827280051820031,0.999,0.9990000000000001,False
red_wing,4,0.6009318850679214,0.7189152379074085,0.6346071621599926,0.7816533567080172,0.999,0.9990000000000001,False
red_wing,5,0.6040904340798874,0.718266081932415,0.6345496145617274,0.783165347487956,0.999,0.9990000000000001,False
red_wing,6,0.6008721093913182,0.7181051695153929,0.6347144350798348,0.7824725052384084,0.998,0.9990000000000001,False
red_wing,7,0.598127052027039,0.7173841938482559,0.6340578226015564,0.7794674312227393,0.999,0.9990000000000001,False
red_wing,8,0.6000852148930638,0.7180868035788961,0.6327486432787169,0.7800819806179679,0.999,0.9990000000000001,False
red_wing,9,0.6022794122500919,0.7176573607444708,0.6331335069829161,0.7824623293971193,0.999,0.9990000000000001,False
red_wing,10,0.6037247520158229,0.7176190506788063,0.6320460479171418,0.7824864718490554,0.999,0.9990000000000001,False
red_wing,11,0.6067632237875186,0.7177080607673596,0.6312575731510104,0.783306240184334,0.997,0.9990000000000001,False
red_wing,12,0.610865608877127,0.7171337933197485,0.6332883638516267,0.7824374878162271,0.995,0.9990000000000001,False
red_wing,13,0.6103530673253812,0.7171217635298659,0.6327981188496605,0.781713059669236,0.995,0.9990000000000001,False
red_wing,14,0.618967192827231,0.7171937664762454,0.6338760855634383,0.7823629825237312,0.991,0.9990000000000001,False
red_wing,15,0.6287460274373633,0.716817010351043,0.6350955580486879,0.781905405784036,0.982,0.9990000000000001,False
red_wing,16,0.6378880252707476,0.7173491934194038,0.6340988707821597,0.7816507082731442,0.968,0.9990000000000001,False
red_wing,17,0.6523973895310974,0.7177213562114578,0.6326385018176742,0.7830369917243396,0.931,0.9990000000000001,False
red_wing,18,0.6647638066203508,0.71696979572391,0.6359005049676331,0.7828381791220305,0.886,0.9683060109289617,False
red_wing,19,0.6773547090175326,0.7164580421905603,0.6355178040588728,0.7817948449833987,0.83,0.9546961325966852,False
red_wing,20,0.6830312552759508,0.7161685577686099,0.6371764418835905,0.7838358425827734,0.79,0.9546961325966852,False
red_wing,21,0.6831658377869537,0.7161319655752701,0.6385148242075739,0.7831065172405771,0.793,0.9546961325966852,False
red_wing,22,0.684356205671606,0.7169705685256463,0.6361279136711097,0.7818079382200933,0.786,0.9546961325966852,False
red_wing,23,0.6858065327760975,0.7165640421973791,0.6363533337374704,0.7814811100060983,0.772,0.9546961325966852,False
red_wing,24,0.687338310092111,0.7164524094806296,0.6388209407261632,0.7812535458914367,0.763,0.9546961325966852,False
red_wing,25,0.68480170880812,0.7163415428826811,0.6399434927848493,0.7809468832814339,0.778,0.9546961325966852,False
red_wing,26,0.6851965969760144,0.7162478639915798,0.637488564085343,0.7803597390470423,0.771,0.9546961325966852,False
red_wing,27,0.6901752555092455,0.7159070055148228,0.6358677570536361,0.7820538967137197,0.725,0.9546961325966852,False
red_wing,28,0.6961726536354277,0.7157298838235363,0.6361223976924006,0.7824491616084264,0.681,0.9546961325966852,False
red_wing,29,0.6897075877576402,0.7161947456374507,0.6338647792616712,0.7830053197134701,0.726,0.9546961325966852,False
red_wing,30,0.6802960278105987,0.7163780081726734,0.6344300023274385,0.784088751368802,0.802,0.9546961325966852,False
red_wing,31,0.6787857956255661,0.7160756361119626,0.6332811104706737,0.7839518062531958,0.81,0.9546961325966852,False
red_wing,32,0.676923697843815,0.7162006790284821,0.6350384780119189,0.7814036754763898,0.828,0.9546961325966852,False
red_wing,33,0.6780395199488114,0.7154186332106329,0.6363096793909564,0.7811830579173471,0.818,0.9546961325966852,False
red_wing,34,0.6797240021275043,0.7151894147767007,0.6359222984153567,0.7810180281711285,0.802,0.9546961325966852,False
red_wing,35,0.6776264622309783,0.715106092167265,0.635590356832399,0.7810802279231966,0.828,0.9546961325966852,False
red_wing,36,0.68206598643452,0.7144204594432914,0.6356655084672935,0.7826972901540514,0.793,0.9546961325966852,False
red_wing,37,0.6847182764664046,0.7150746400974838,0.6357164515152292,0.7816747820892659,0.776,0.9546961325966852,False
red_wing,38,0.6889602135139266,0.715276585353283,0.6360046739134766,0.7824821054685147,0.747,0.9546961325966852,False
red_wing,39,0.6871924370065323,0.7155679772084703,0.6386948479182235,0.7838553287424628,0.765,0.9546961325966852,False
red_wing,40,0.6897804612307411,0.7167162677401956,0.6395871124940083,0.7830151068181889,0.742,0.9546961325966852,False
red_wing,41,0.6918221311535473,0.7171902810775229,0.6378257497198138,0.7853993016620398,0.73,0.9546961325966852,False
red_wing,42,0.695396931804475,0.7177421598985518,0.6364916899777796,0.784389101069026,0.702,0.9546961325966852,False
red_wing,43,0.7020278838905066,0.7180813996783553,0.6356331154401772,0.7809554200679315,0.632,0.9546961325966852,False
red_wing,44,0.7121803388785055,0.7176916997492938,0.6341619474406524,0.7820471417020726,0.548,0.9546961325966852,False
red_wing,45,0.7184895524873884,0.7168245216251992,0.6334368369512485,0.7813487710311792,0.491,0.9546961325966852,False
red_wing,46,0.7218045644191119,0.7173708533546649,0.6341238248334742,0.7809017150030733,0.454,0.9546961325966852,False
red_wing,47,0.7191136873312448,0.7168719741716802,0.633352447191943,0.7813741759127489,0.477,0.9546961325966852,False
red_wing,48,0.7174408411991339,0.7167107093938665,0.6337587251327116,0.7823183528995056,0.488,0.9546961325966852,False
red_wing,49,0.7139890604566278,0.7152297847063945,0.6328553850182165,0.7835445436035011,0.514,0.9546961325966852,False
red_wing,50,0.7076536287067802,0.7162683366348533,0.6326548617667941,0.7828529698323714,0.586,0.9546961325966852,False
red_wing,51,0.7082889985156943,0.7162225078537298,0.6321801751809933,0.7826830528731143,0.587,0.9546961325966852,False
red_wing,52,0.7083113124218076,0.7168984263748929,0.6350816287305262,0.7838026703032642,0.582,0.9546961325966852,False
red_wing,53,0.7100462880417714,0.7163467083953663,0.63492792515912,0.7837253960795352,0.563,0.9546961325966852,False
red_wing,54,0.7101646786048498,0.7173854574930639,0.6328144769085459,0.7836871225759424,0.563,0.9546961325966852,False
red_wing,55,0.7131743287163325,0.716795472105014,0.6321760281692997,0.7800175047775145,0.532,0.9546961325966852,False
red_wing,56,0.7107718739363534,0.7164177372125518,0.6330472607684361,0.7801840284033255,0.551,0.9546961325966852,False
red_wing,57,0.7082847942605017,0.7164268954671669,0.6301295314792545,0.7836652763015739,0.584,0.9546961325966852,False
red_wing,58,0.700371775942801,0.7164124898584643,0.6304494905984929,0.7821699675175902,0.654,0.9546961325966852,False
red_wing,59,0.6977432861434046,0.7163293911454726,0.6305053954605333,0.7821242376369592,0.672,0.9546961325966852,False
red_wing,60,0.7017565256239369,0.716456103658758,0.6323755435718587,0.7824197756721277,0.65,0.9546961325966852,False
red_wing,61,0.7102523665449452,0.7168090162091184,0.6332442317752447,0.7816028097451806,0.569,0.9546961325966852,False
red_wing,62,0.7113227284664676,0.7169300152965364,0.6327965562177323,0.7811985459721412,0.567,0.9546961325966852,False
red_wing,63,0.7132935225673678,0.7172449220717296,0.6330788083267542,0.7796646341891127,0.542,0.9546961325966852,False
red_wing,64,0.7167353844441253,0.7175611070704794,0.6340798813676453,0.7788191028744256,0.511,0.9546961325966852,False
red_wing,65,0.7195894520639844,0.7174091798879326,0.6345106432193801,0.7793251137032284,0.482,0.9546961325966852,False
red_wing,66,0.7237304948747184,0.7173707887042311,0.6362484555126223,0.7799769507962885,0.441,0.9546961325966852,False
red_wing,67,0.7249121916526136,0.7177594164793996,0.6370578421390493,0.7804578127969432,0.426,0.9546961325966852,False
red_wing,68,0.7196636286574297,0.7175121442211859,0.6376825312820024,0.7802708638502176,0.482,0.9546961325966852,False
red_wing,69,0.712573152890071,0.7163014733563784,0.6376954260252672,0.7806194738475818,0.554,0.9546961325966852,False
red_wing,70,0.7103737244930582,0.7163931951231701,0.6370438960883203,0.7814463887643478,0.567,0.9546961325966852,False
red_wing,71,0.7041731190988296,0.7163550735411142,0.6386101337560742,0.7823925656840128,0.628,0.9546961325966852,False
red_wing,72,0.7021364454995802,0.7161077455170916,0.6390602740040878,0.780944073860654,0.644,0.9546961325966852,False
red_wing,73,0.7046798837342582,0.7158822119269251,0.6400353968221916,0.7801645320268334,0.616,0.9546961325966852,False
red_wing,74,0.7027950850918807,0.7153430781719491,0.6419802281446658,0.7795232690132765,0.629,0.9546961325966852,False
red_wing,75,0.7017807516733091,0.7154955414030851,0.6391152746670351,0.778227359397613,0.638,0.9546961325966852,False
red_wing,76,0.6963221638017516,0.7165340497158794,0.641812172711408,0.779219350539144,0.685,0.9546961325966852,False
red_wing,77,0.6962928251153249,0.7164666700730425,0.6423590208930602,0.7801204996107448,0.692,0.9546961325966852,False
red_wing,78,0.6981347505154858,0.7167346771771214,0.6438152096136545,0.779601901713081,0.679,0.9546961325966852,False
red_wing,79,0.6948439103186136,0.7168741766422518,0.6430730704818749,0.7788576408588201,0.711,0.9546961325966852,False
red_wing,80,0.6934942916580822,0.717061410314476,0.6417150158299265,0.7772802039123735,0.72,0.9546961325966852,False
red_wing,81,0.6973720265732049,0.7166720171663657,0.6402521490994766,0.7784514496923354,0.683,0.9546961325966852,False
red_wing,82,0.7020487959687218,0.7166769728934927,0.6398044574398728,0.7778017785859664,0.647,0.9546961325966852,False
red_wing,83,0.7037550285476554,0.716746111444086,0.6391930550268133,0.7802130480168344,0.638,0.9546961325966852,False
red_wing,84,0.7050699257782524,0.7163164905071108,0.6402751187958512,0.779097564929362,0.63,0.9546961325966852,False
red_wing,85,0.7074903860108043,0.7163791852030504,0.6410920284206607,0.780021325312949,0.607,0.9546961325966852,False
red_wing,86,0.7082251739886974,0.7161206567044969,0.6398220477401542,0.7810926533239292,0.603,0.9546961325966852,False
red_wing,87,0.7092917893830331,0.7171070342716989,0.6403018501027857,0.7826961397825912,0.594,0.9546961325966852,False
red_wing,88,0.7074153127342853,0.7171728527196912,0.6394999955242517,0.7810858196063262,0.612,0.9546961325966852,False
red_wing,89,0.7061180891906175,0.716554229118597,0.6391162834718159,0.7804054325870807,0.625,0.9546961325966852,False
red_wing,90,0.7072613232240219,0.7172637554082086,0.6371406488482464,0.7804988309496612,0.614,0.9546961325966852,False
red_wing,91,0.7132704305784658,0.7168690601098417,0.6359006861478675,0.7794429105245487,0.552,0.9546961325966852,False
red_wing,92,0.7202893055368,0.7173476156293489,0.6349446949314902,0.7813003113894458,0.47,0.9546961325966852,False
red_wing,93,0.7225157954146796,0.7174246719827018,0.633119422410083,0.7806708282707803,0.442,0.9546961325966852,False
red_wing,94,0.7244340650860414,0.717835244155707,0.6340323834127902,0.781525793958677,0.422,0.9546961325966852,False
red_wing,95,0.7232438105220792,0.7174677077869186,0.6341127291166319,0.7821689807105313,0.435,0.9546961325966852,False
red_wing,96,0.7212655164076709,0.7168076020530266,0.6358182340503167,0.7840157836751189,0.456,0.9546961325966852,False
red_wing,97,0.7194692893590703,0.7164920544401877,0.6363388285973851,0.7815766678727032,0.47,0.9546961325966852,False
red_wing,98,0.7147897784985914,0.7161929464326996,0.634841172871326,0.78156445871521,0.511,0.9546961325966852,False
red_wing,99,0.7074335581159042,0.7162115577053827,0.6342093260164333,0.7803951479615348,0.599,0.9546961325966852,False
red_wing,100,0.6980612116648554,0.7160266836546485,0.6349407884333975,0.7809016555032696,0.689,0.9546961325966852,False
red_wing,101,0.6973509197661192,0.7154999316345144,0.6325926851459556,0.7790732950574224,0.693,0.9546961325966852,False
red_wing,102,0.6923594835368957,0.7157362042587858,0.6321223637511747,0.7784888241441185,0.736,0.9546961325966852,False
red_wing,103,0.6908799827767952,0.7156527417185012,0.6319516919739648,0.7814473289303842,0.753,0.9546961325966852,False
red_wing,104,0.6873385501434801,0.7147174141283494,0.6325715712527645,0.7819180556037305,0.777,0.9546961325966852,False
red_wing,105,0.6912362571440107,0.7153388620783887,0.6303593054865603,0.7825258530238239,0.739,0.9546961325966852,False
red_wing,106,0.6974481544643439,0.7147955494278573,0.6315903863481089,0.7823727665067062,0.691,0.9546961325966852,False
red_wing,107,0.7015360848687714,0.714944363559988,0.6341772787979457,0.7817295707660864,0.641,0.9546961325966852,False
red_wing,108,0.7010206727772514,0.7145308333579986,0.6340074460385366,0.7813077051896102,0.643,0.9546961325966852,False
red_wing,109,0.7064061948490917,0.7148557834109871,0.6368339314994836,0.7803908699900332,0.581,0.9546961325966852,False
red_wing,110,0.7078199702174104,0.7152201319861504,0.6365606119130018,0.7811116653416748,0.563,0.9546961325966852,False
red_wing,111,0.7068775352112323,0.7158993899921929,0.6347308832446119,0.7822638663340699,0.592,0.9546961325966852,False
red_wing,112,0.710521090647435,0.7155111127974286,0.6361647129895417,0.7818198230494223,0.556,0.9546961325966852,False
red_wing,113,0.7101847481333241,0.7159629999637339,0.6357916966918835,0.7814836436329322,0.556,0.9546961325966852,False
red_wing,114,0.7145427809858614,0.715360601726153,0.6339102595368818,0.7819029508908771,0.506,0.9546961325966852,False
red_wing,115,0.7168610862232966,0.7158526371205469,0.6326114824449885,0.7808635761498083,0.495,0.9546961325966852,False
red_wing,116,0.7157094233370414,0.7152285525493839,0.6358958387498328,0.7810477990826917,0.495,0.9546961325966852,False
red_wing,117,0.7117338304621275,0.7166607935746708,0.6353394789127939,0.782137046427756,0.54,0.9546961325966852,False
red_wing,118,0.7100619007453478,0.7157074936577329,0.6332197575085287,0.7825823942299713,0.558,0.9546961325966852,False
red_wing,119,0.7064027644074821,0.7156147881129951,0.6303618130312911,0.7813616739140707,0.592,0.9546961325966852,False
red_wing,120,0.6976619666611714,0.7153717814164884,0.6282296847782859,0.7813209794484436,0.687,0.9546961325966852,False
red_wing,121,0.6892425272160425,0.7149310979564986,0.6246781087801287,0.7825223434847808,0.738,0.9546961325966852,False
red_wing,122,0.6910077197609947,0.7151178404221731,0.6236407517903994,0.7823775578545411,0.725,0.9546961325966852,False
red_wing,123,0.6961751608070245,0.7150935813699013,0.6264747375425026,0.782636122258022,0.684,0.9546961325966852,False
red_wing,124,0.6961929966826512,0.7149508772684825,0.6245560984049848,0.782383364119657,0.686,0.9546961325966852,False
red_wing,125,0.697490253205697,0.7152490415833478,0.6234289078963867,0.7827285593911661,0.678,0.9546961325966852,False
red_wing,126,0.699390285327102,0.7145243716047929,0.623421217312918,0.7835813650336793,0.664,0.9546961325966852,False
red_wing,127,0.7046341378933142,0.7143262893360341,0.6247627238009594,0.7823852956907996,0.603,0.9546961325966852,False
red_wing,128,0.7064241498947663,0.7145044612308024,0.6237231688979009,0.7815396668408869,0.588,0.9546961325966852,False
red_wing,129,0.7013169901049041,0.71404571843314,0.6245582429351595,0.7836441778444112,0.643,0.9546961325966852,False
red_wing,130,0.7003979420972792,0.7145087027856342,0.6238475879497085,0.7816934536506485,0.651,0.9546961325966852,False
red_wing,131,0.6981323561319702,0.7133184821440135,0.623103719461192,0.7804078269461091,0.673,0.9546961325966852,False
red_wing,132,0.6968017421112308,0.713264947311054,0.6209369557449159,0.7791943024622522,0.682,0.9546961325966852,False
red_wing,133,0.6920355743486662,0.7140078701733568,0.6217843234338886,0.7815888633425999,0.718,0.9546961325966852,False
red_wing,134,0.6893536885621333,0.7143650937434591,0.6224083307834953,0.7800277327727648,0.733,0.9546961325966852,False
red_wing,135,0.6831294869698824,0.714312522108644,0.6230400582997402,0.7811814222817555,0.773,0.9546961325966852,False
red_wing,136,0.6802071143496696,0.7142589575388568,0.6218953309939986,0.7802539667585604,0.791,0.9546961325966852,False
red_wing,137,0.677506982854554,0.7140280449470949,0.620016561638328,0.7806068187631383,0.806,0.9546961325966852,False
red_wing,138,0.6765142976492429,0.7138766996985684,0.6207513048047848,0.7822193339247254,0.816,0.9546961325966852,False
red_wing,139,0.6779276033934106,0.7134953217605029,0.6199102228457254,0.7800886833279838,0.813,0.9546961325966852,False
red_wing,140,0.6746683474444246,0.7140361404661867,0.6203559015024832,0.7798507582494887,0.829,0.9546961325966852,False
red_wing,141,0.6748055590752534,0.7144945333123786,0.6217660000434533,0.7808072273777885,0.826,0.9546961325966852,False
red_wing,142,0.6712998108311349,0.7151095323563131,0.6227460495368982,0.7810708835542993,0.844,0.9546961325966852,False
red_wing,143,0.6692650316077553,0.7147361154177315,0.6227013703483154,0.7796566349123082,0.852,0.9546961325966852,False
red_wing,144,0.6652007081199233,0.7145979713688524,0.6232595543769126,0.7795991030549125,0.869,0.954945054945055,False
red_wing,145,0.6661977972120988,0.7151655185702286,0.6227741799332847,0.7792435487662646,0.863,0.9546961325966852,False
red_wing,146,0.6705123716929671,0.7156030646747473,0.6227566767730359,0.7787692124176522,0.839,0.9546961325966852,False
red_wing,147,0.6754491121708892,0.7154318057318397,0.6225588500900744,0.7811900808615673,0.815,0.9546961325966852,False
red_wing,148,0.676479137657845,0.715231710322133,0.6205241368344507,0.7805998277965144,0.806,0.9546961325966852,False
red_wing,149,0.6760840907656248,0.7152364775714697,0.6220291847590093,0.7811833873720924,0.808,0.9546961325966852,False
red_wing,150,0.678295106397505,0.715073797006142,0.6240908087566809,0.7815771179127409,0.798,0.9546961325966852,False
red_wing,151,0.679132090519899,0.7143284097092807,0.6265190502843708,0.7809773576256516,0.797,0.9546961325966852,False
red_wing,152,0.6773007128830649,0.7151257682223351,0.627414907258176,0.7805344325539533,0.805,0.9546961325966852,False
red_wing,153,0.6746037901822443,0.7148001052986449,0.6252940922658898,0.7789377523379493,0.813,0.9546961325966852,False
red_wing,154,0.6786002609043216,0.7144549154447061,0.622783237329079,0.7817844714517337,0.787,0.9546961325966852,False
red_wing,155,0.6755949675041472,0.7140004400517657,0.6244976862606452,0.7797394672408874,0.801,0.9546961325966852,False
red_wing,156,0.6738026375533405,0.7142219746064215,0.6262155957316468,0.7796324461408961,0.816,0.9546961325966852,False
red_wing,157,0.6708718631720816,0.7139717407017169,0.625743299296363,0.7802042911699826,0.827,0.9546961325966852,False
red_wing,158,0.667920595250912,0.7137929920727041,0.6249875469504693,0.7788883374472854,0.847,0.9546961325966852,False
red_wing,159,0.6634868177949091,0.7138415991138118,0.6259765242912781,0.7791509310580138,0.864,0.9546961325966852,False
red_wing,160,0.6643913421514399,0.7136559789289726,0.6259897170512462,0.7783887404428944,0.863,0.9546961325966852,False
red_wing,161,0.667060830135288,0.7138885456295061,0.6238159815296164,0.7795790130085196,0.854,0.9546961325966852,False
red_wing,162,0.6681305808003642,0.7143047610525288,0.6237736024128666,0.7789110043425469,0.851,0.9546961325966852,False
red_wing,163,0.6719837839259635,0.714020803039967,0.6216907796959339,0.7799676576914903,0.831,0.9546961325966852,False
red_wing,164,0.6732737661755774,0.7131237074903333,0.6231609098099141,0.7807759328446034,0.823,0.9546961325966852,False
red_wing,165,0.67419416534399,0.7131277441292138,0.622606469175476,0.7792368779241708,0.817,0.9546961325966852,False
red_wing,166,0.6780894402995616,0.713191940844736,0.62313424354732,0.7789095343628868,0.79,0.9546961325966852,False
red_wing,167,0.6771748735254639,0.7126726566196608,0.6227095910619834,0.7800968708308468,0.789,0.9546961325966852,False
red_wing,168,0.6769467368471778,0.7133000500330782,0.6221396271698821,0.7805583671560442,0.796,0.9546961325966852,False
red_wing,169,0.6762745948804267,0.7133911116284353,0.623456878411525,0.7800255026957966,0.798,0.9546961325966852,False
red_wing,170,0.6742811740941124,0.7139197462203835,0.6230462820825443,0.7816470564349093,0.811,0.9546961325966852,False
red_wing,171,0.6761108550557161,0.7143527976906847,0.6226131999945304,0.7812458019826468,0.808,0.9546961325966852,False
red_wing,172,0.6782601265836262,0.7140291006070586,0.6219575755846702,0.7808974689644248,0.79,0.9546961325966852,False
red_wing,173,0.6795338374876039,0.7140318639671019,0.6216817746580433,0.7815075264493545,0.775,0.9546961325966852,False
red_wing,174,0.6840517687615145,0.7134721007290894,0.6212963819547765,0.7806266068654857,0.744,0.9546961325966852,False
red_wing,175,0.6915442296909855,0.7131657181765957,0.6195979418073394,0.7799953823179793,0.707,0.9546961325966852,False
red_wing,176,0.6952102543672002,0.7126447779315394,0.6191846443446151,0.7793359285282309,0.677,0.9546961325966852,False
red_wing,177,0.7020160551062579,0.7113013416814816,0.6184604385141291,0.7803482315928653,0.607,0.9546961325966852,False
red_wing,178,0.7105993966510444,0.71170658864842,0.6188320703518323,0.7808865066279804,0.514,0.9546961325966852,False
red_wing,179,0.7136281012054119,0.7124894275777625,0.6201626439242091,0.779824399277821,0.489,0.9546961325966852,False
red_wing,180,0.7155797922579336,0.7131369943987487,0.6187731322041647,0.7795131360746959,0.477,0.9546961325966852,False
red_wing,181,0.7143010360821289,0.7132665857531418,0.61921006336258,0.7786419591881109,0.488,0.9546961325966852,False
red_wing,182,0.7131333582903377,0.7128806706273251,0.6181415260756551,0.7768542569577075,0.496,0.9546961325966852,False
red_wing,183,0.7152587864461939,0.7126087098781388,0.6162465210534405,0.7784132759162276,0.471,0.9546961325966852,False
red_wing,184,0.7155128733041856,0.7127255027047983,0.6188919143581105,0.7780688410283305,0.465,0.9546961325966852,False
red_wing,185,0.717691306398406,0.7126313438232201,0.6165698690579781,0.780176279828541,0.451,0.9546961325966852,False
red_wing,186,0.7191539202123804,0.7127928083808971,0.6162968069635615,0.7800487181969619,0.443,0.9546961325966852,False
red_wing,187,0.7214209072064903,0.7121676506460488,0.6174458456547568,0.7787906620876551,0.41,0.9546961325966852,False
red_wing,188,0.7190213662600579,0.7123675036852627,0.6170448779590609,0.7805017538577319,0.439,0.9546961325966852,False
red_wing,189,0.7168222181947059,0.7124799175429006,0.6162571135844797,0.7796187143826829,0.455,0.9546961325966852,False
red_wing,190,0.7137505323854114,0.7126547842707688,0.6176546608848262,0.7790558620288884,0.489,0.9546961325966852,False
red_wing,191,0.7115227916800054,0.7122046715297502,0.6176242289280371,0.7782841133934435,0.515,0.9546961325966852,False
red_wing,192,0.7142535997779732,0.7117856330187096,0.6180020815558371,0.7784823165572957,0.474,0.9546961325966852,False
red_wing,193,0.7202162259324801,0.7111431686563708,0.6163163479119984,0.7779603901309688,0.411,0.9546961325966852,False
red_wing,194,0.7243937348285888,0.7114030659736453,0.6175543139601657,0.776900458927385,0.37,0.9546961325966852,False
red_wing,195,0.7304227887885499,0.7118835541868137,0.6165226803604339,0.7753300907774585,0.314,0.9546961325966852,False
red_wing,196,0.7334250821012609,0.7113215043111173,0.6171942371128115,0.7774374381459935,0.285,0.9546961325966852,False
red_wing,197,0.7333622216752314,0.7123893661635586,0.6179894649454791,0.7765096497576588,0.284,0.9546961325966852,False
red_wing,198,0.7358291610825668,0.712384911883608,0.6175501243229901,0.7764681119948726,0.26,0.9546961325966852,False
red_wing,199,0.7345783940889141,0.7122230600087576,0.6195521452260778,0.7770121805645389,0.286,0.9546961325966852,False
red_wing,200,0.7310570099340126,0.7131872777638721,0.6220112005935886,0.7772464096499947,0.32,0.9546961325966852,False
core,1,0.4989893234291835,0.7008357632147935,0.5578432519443736,0.7597958045512228,0.998,0.998,False
core,2,0.5020200528634483,0.7012101518941329,0.5545183779103102,0.7600653812277193,0.998,0.998,False
core,3,0.5067138861336357,0.7013664826709772,0.555096001072449,0.7618919038255217,0.996,0.998,False
core,4,0.5162591106434142,0.7014760767454362,0.5573176188088025,0.7601011596814258,0.993,0.998,False
core,5,0.5234196059368117,0.7011317176189463,0.5612748885507168,0.7605284136798272,0.989,0.998,False
core,6,0.5286708713489282,0.7007549334486967,0.5523807551727714,0.7599248783363138,0.983,0.998,False
core,7,0.5289205458903257,0.7005986453886166,0.5587737407221941,0.7594432061829228,0.984,0.998,False
core,8,0.5246597061107945,0.7000996677643605,0.5584031855360336,0.7588869266424105,0.986,0.998,False
core,9,0.5243486879119198,0.7007630011467652,0.5628077932339205,0.7607077295497073,0.987,0.998,False
core,10,0.5201138777604952,0.7005561310274926,0.5665292661335889,0.7617771724854171,0.989,0.998,False
core,11,0.51921335764253,0.6999208714087043,0.5647370377817306,0.7622582867729033,0.989,0.998,False
core,12,0.5113811138978593,0.6991860395125257,0.5688575600663341,0.7621517600500309,0.992,0.998,False
core,13,0.5097701094069073,0.6989532235537473,0.5665541302623406,0.7622925021991118,0.992,0.998,False
core,14,0.5060045754757262,0.6989989792581744,0.5643514907603879,0.7626418431121615,0.994,0.998,False
core,15,0.5047094641009808,0.699904151875093,0.5602270924215087,0.7644190623706104,0.996,0.998,False
core,16,0.5017346250067979,0.7000939791533032,0.5566395034254069,0.7631257733806286,0.996,0.998,False
core,17,0.5005470030906353,0.7002563728931889,0.5531388600276798,0.7619892979050058,0.996,0.998,False
core,18,0.49959292033894453,0.7003604229697374,0.5542094975859226,0.7594449700222557,0.996,0.998,False
core,19,0.5029441631174564,0.7006222898230888,0.5545974046428752,0.7575730455145949,0.996,0.998,False
core,20,0.5080158998621274,0.7005493695664012,0.5521207756738328,0.7582077476770265,0.998,0.998,False
core,21,0.5141488150545848,0.7009317160543743,0.5499124960102191,0.7587578527382837,0.995,0.998,False
core,22,0.5203468051280866,0.701018510672343,0.5467885703932959,0.7597950998538844,0.991,0.998,False
core,23,0.5199002693949889,0.7012747720849032,0.5437628883457843,0.7593719955798848,0.992,0.998,False
core,24,0.5173783211555374,0.7002937374731951,0.5480217626008349,0.7585492574064178,0.991,0.998,False
core,25,0.5188411139518506,0.6998949839337634,0.5524624556937805,0.7586233548860701,0.991,0.998,False
core,26,0.5160625520841547,0.699870170041848,0.5563417823588303,0.7598805041749924,0.99,0.998,False
core,27,0.5131415639552586,0.7002232519478766,0.5597633307026437,0.7586695275168467,0.99,0.998,False
core,28,0.5099054422106363,0.6996136952985087,0.5535844716711387,0.7589593551614079,0.993,0.998,False
core,29,0.5110354153406519,0.7001773741814872,0.5513042785634243,0.7595489661433716,0.992,0.998,False
core,30,0.5220866675582839,0.7000545579294429,0.5458953125411207,0.7592976260759408,0.987,0.998,False
core,31,0.5295594681830129,0.70020737386279,0.5467156679521233,0.7592547869959355,0.983,0.998,False
core,32,0.533374492654293,0.7001271565937023,0.5435567275405161,0.7598705555172525,0.981,0.998,False
core,33,0.5349148597884665,0.6998793294343822,0.5463537034803881,0.7606718634797559,0.976,0.998,False
core,34,0.5459866553448095,0.6997836616979413,0.5450952469705647,0.7628175819725349,0.973,0.998,False
core,35,0.5519119198068179,0.6996894922538739,0.5448568140379323,0.7625961309767708,0.971,0.998,False
core,36,0.562338192135804,0.7001137282269919,0.5411304493215778,0.762133642010764,0.967,0.998,False
core,37,0.5709976826062713,0.6999741727834943,0.5372842780961343,0.7617741440565211,0.964,0.998,False
core,38,0.5786222499103549,0.7004116080249811,0.5409614862975967,0.760632152990916,0.965,0.998,False
core,39,0.5858589543342279,0.6998274665046689,0.5426844310100415,0.7615792527376872,0.964,0.998,False
core,40,0.5907649498969477,0.6995683390982766,0.5420070152440081,0.7614699035344176,0.962,0.998,False
core,41,0.5931182440829553,0.7003987898481469,0.5419496018556551,0.7624156113478086,0.963,0.998,False
core,42,0.5961179064690362,0.6996860031320843,0.5458379178038072,0.7618121064677423,0.959,0.998,False
core,43,0.6014927230760475,0.699890361153198,0.550811599564629,0.7624208944422405,0.953,0.998,False
core,44,0.6051419763037847,0.700166384055137,0.5536063049331362,0.7618892801506433,0.952,0.998,False
core,45,0.6077649282056026,0.7005217855605665,0.5600689808417724,0.7622001597918135,0.95,0.998,False
core,46,0.613000650307865,0.700821147106474,0.5618505674445005,0.7616681682051542,0.949,0.998,False
core,47,0.61632651766485,0.7009446881033801,0.5627779362738854,0.7629429746324882,0.945,0.998,False
core,48,0.6212251426719634,0.7006217465909658,0.5610824173117207,0.7618343810567733,0.942,0.998,False
core,49,0.623790209772879,0.7006757446968771,0.559567356471089,0.7622268668494092,0.941,0.998,False
core,50,0.6254615392371703,0.7009817360423175,0.5614796473480141,0.7624316478277605,0.938,0.998,False
core,51,0.6260356143307259,0.7007652776507087,0.5605493715912182,0.7615533713530042,0.936,0.998,False
core,52,0.6275163809222423,0.7011026850493975,0.562425705683453,0.7605756508607194,0.933,0.998,False
core,53,0.6330207081790133,0.7006238064455012,0.5608088387890449,0.7592732249166801,0.927,0.998,False
core,54,0.6328368968538131,0.7003034867553815,0.5610596002802326,0.7593513635211653,0.926,0.998,False
core,55,0.6265791710587346,0.7004876935229878,0.5549095341602074,0.7585780134100323,0.935,0.998,False
core,56,0.6227425176961969,0.7002869611040475,0.5573694322911753,0.7617099386737196,0.939,0.998,False
core,57,0.6194083594223083,0.6999239194414094,0.5609716056592414,0.7602047370271559,0.942,0.998,False
core,58,0.6184487648919929,0.699637815365163,0.5614253076521011,0.7605912817769358,0.947,0.998,False
core,59,0.6210015860328278,0.6989349991552081,0.5606065151352899,0.7610423874168389,0.949,0.998,False
core,60,0.620403006406668,0.6989382317431874,0.5676157163410106,0.7605530923823787,0.952,0.998,False
core,61,0.6242799477625488,0.6989026600668065,0.5624471496391025,0.7606622269596119,0.948,0.998,False
core,62,0.6316642322940982,0.697634606334617,0.5646258376740453,0.760704155707571,0.935,0.998,False
core,63,0.634666647545138,0.6987956867860096,0.5610635069338925,0.7612400778980688,0.934,0.998,False
core,64,0.6375536752695746,0.6986226644710947,0.5547028084256302,0.7601921792248535,0.927,0.998,False
core,65,0.6429248106955707,0.6994322122581564,0.5585133985332871,0.7597009344439873,0.905,0.998,False
core,66,0.6472446519555652,0.6991330932192868,0.5583003079704743,0.7624457124169122,0.893,0.998,False
core,67,0.6506334931927753,0.6993017292458457,0.5547649573533939,0.7602741060214265,0.882,0.998,False
core,68,0.6533479756501029,0.6992435021938979,0.5582735110192013,0.7601448387927273,0.867,0.998,False
core,69,0.6582661061040822,0.6994340892029243,0.5535762515821975,0.7604512013428326,0.844,0.998,False
core,70,0.6600066238157272,0.6990597695065363,0.561313893458252,0.7604856859228099,0.832,0.998,False
core,71,0.6609203324514865,0.6984220014158747,0.5688374817374939,0.7585066765674643,0.828,0.998,False
core,72,0.6636953436726878,0.6987360721770884,0.5736737406476962,0.759768333723431,0.811,0.998,False
core,73,0.6619183687837403,0.698697898641059,0.5707180613744048,0.7575685907329598,0.82,0.998,False
core,74,0.6599924320791486,0.6986041060972441,0.5802463790923532,0.7573002272841154,0.83,0.998,False
core,75,0.6585468275315685,0.6988517128069044,0.5839319236019748,0.757917242813889,0.839,0.998,False
core,76,0.6604654656900145,0.6981922351569052,0.5840890054402468,0.757090411938312,0.827,0.998,False
core,77,0.6636223272416301,0.6971796783133756,0.587520047227352,0.757898136920675,0.808,0.998,False
core,78,0.6659559257891161,0.6966805724816741,0.586974629007207,0.7581048770591575,0.786,0.998,False
core,79,0.6726823435075986,0.6961561720176122,0.5853578779025668,0.7590855759061899,0.742,0.998,False
core,80,0.6769609075950191,0.6969506758383455,0.5859902939461232,0.7594672383170957,0.7,0.998,False
core,81,0.6816542414643945,0.6973827850116231,0.5852999547361107,0.7593290290831483,0.655,0.998,False
core,82,0.6837507627341083,0.6972451873205098,0.5799506420522351,0.7598626965278867,0.625,0.998,False
core,83,0.682916348614432,0.6970986477622811,0.5792619901554281,0.7598076939114152,0.637,0.998,False
core,84,0.6791308237948432,0.6971485426149504,0.5743056824845351,0.7599589895131564,0.662,0.998,False
core,85,0.6805763699017026,0.6966542712167192,0.5740943785047835,0.7593986985451543,0.654,0.998,False
core,86,0.6782584549524184,0.6968185786146345,0.5767212455812051,0.7594975159136568,0.668,0.998,False
core,87,0.6768420272174497,0.6967583321674715,0.5729823648646027,0.7600036816665489,0.688,0.998,False
core,88,0.6757397805808824,0.6965520478178218,0.5693889595777483,0.7593824631127849,0.703,0.998,False
core,89,0.6789120299076266,0.6965345482184963,0.5684432406372938,0.7601891600432549,0.666,0.998,False
core,90,0.6837078716905334,0.6959623263089715,0.572593542037575,0.7605505862710426,0.621,0.998,False
core,91,0.6871505459913843,0.6960053381390583,0.5668943015551631,0.7603501301221772,0.597,0.998,False
core,92,0.6878599722748735,0.6962684641009632,0.5648155502435288,0.7602017210649864,0.592,0.998,False
core,93,0.6908811052841662,0.6962800275630422,0.5641637701621515,0.760216621798061,0.551,0.998,False
core,94,0.696146827668133,0.6950033347143832,0.5623157704524756,0.761334910549355,0.494,0.998,False
core,95,0.7000379982639483,0.6944616736017617,0.5635375905786707,0.76035231375071,0.452,0.998,False
core,96,0.7012204914273338,0.6938318801351359,0.5641564189612642,0.7605247154692399,0.437,0.998,False
core,97,0.7027537720691919,0.693302540402145,0.5614430875377211,0.760732659820907,0.417,0.998,False
core,98,0.7031114685834943,0.6930885381049465,0.5581928253109257,0.7625611666324705,0.409,0.998,False
core,99,0.7011744869799789,0.693449625753019,0.5526479669215009,0.7614580335089371,0.423,0.998,False
core,100,0.6989283697951008,0.6925269791266883,0.5448206152501386,0.7603455946532063,0.452,0.998,False
core,101,0.6961846677991724,0.6928773991337578,0.5447879443413249,0.7604876449758269,0.468,0.998,False
core,102,0.6902765234610412,0.6926761257821286,0.5444070368597903,0.7587048924920162,0.518,0.998,False
core,103,0.6893678347595513,0.6928034192561869,0.5476072394407978,0.7610778685724902,0.535,0.998,False
core,104,0.6815062429119089,0.692636563385245,0.5524273094950264,0.7602007045195923,0.616,0.998,False
core,105,0.6765962055346924,0.6931655023730181,0.5485491593740937,0.7596011563477431,0.667,0.998,False
core,106,0.6690687753237983,0.693186411991266,0.5419227941133582,0.7603575486352063,0.732,0.998,False
core,107,0.6650214221249954,0.6932302987491386,0.5442899701000222,0.7598514358102617,0.766,0.998,False
core,108,0.6632783550007353,0.6938896415910502,0.5434574052055218,0.7608406932312384,0.779,0.998,False
core,109,0.6596817022396643,0.6936493023468562,0.5372653173687454,0.7601982042412578,0.802,0.998,False
core,110,0.6536935203949119,0.6941734373689892,0.5359773099676345,0.7616619008892691,0.837,0.998,False
core,111,0.6516299385418053,0.693807928044628,0.5375419154304024,0.7617562048808256,0.852,0.998,False
core,112,0.6498101339987844,0.6939482030729148,0.5367092863032429,0.762490121744443,0.858,0.998,False
core,113,0.6503220823013285,0.6934079355642718,0.537029507209551,0.7630948408450262,0.852,0.998,False
core,114,0.6527201634967297,0.693166418548307,0.5362337662427803,0.7636373716598719,0.836,0.998,False
core,115,0.6582407701051687,0.6928154037869122,0.5362712778058953,0.7647115448522838,0.809,0.998,False
core,116,0.662179221191239,0.69235685307761,0.5401690562809207,0.764206145622948,0.785,0.998,False
core,117,0.670538811083702,0.6918667062143239,0.5419156817988985,0.7631656526216358,0.746,0.998,False
core,118,0.678068995629249,0.6925547608722376,0.5441388815910797,0.7622248302457979,0.671,0.998,False
core,119,0.6813400879478314,0.6927721017712425,0.5444677326729513,0.7625964159122538,0.641,0.998,False
core,120,0.6837173432645642,0.6929377161201121,0.5479908320090499,0.7616862216215095,0.601,0.998,False
core,121,0.6870328523496262,0.6930307215797199,0.5497459110589756,0.7612426348442033,0.566,0.998,False
core,122,0.6896405711229544,0.6926144917635552,0.5506199739169119,0.7600914024270035,0.537,0.998,False
core,123,0.6910999165398048,0.6925556364294779,0.5548116149258195,0.7608067482359655,0.515,0.998,False
core,124,0.6910193455798989,0.6923666819626053,0.5540392458305963,0.7595670958127009,0.516,0.998,False
core,125,0.695541869693436,0.6920445390446769,0.5582628188955429,0.7598225836339276,0.462,0.998,False
core,126,0.698596918415318,0.6925142587555344,0.5586517648459814,0.763620346541242,0.432,0.998,False
core,127,0.701983962612051,0.6925302629207584,0.5568712872216451,0.7641207879433318,0.377,0.998,False
core,128,0.7044712676248095,0.6918698789596349,0.5584139527621291,0.7617957596445069,0.354,0.998,False
core,129,0.70237167316256,0.6915918726460182,0.5606468043556021,0.7611111585719055,0.376,0.998,False
core,130,0.6986493005803678,0.6908976307657657,0.5549552308915754,0.7618682213244954,0.421,0.998,False
core,131,0.6925379639254944,0.6911548224359348,0.5596485296794382,0.7624467028172038,0.48,0.998,False
core,132,0.6914334785397978,0.6905420554925258,0.5656762886533492,0.7612630254467951,0.488,0.998,False
core,133,0.6902579080210336,0.6907755691542484,0.5669317351520492,0.7608030056398895,0.506,0.998,False
core,134,0.6884682379499878,0.6917711071984596,0.5709070160355824,0.7592673151508795,0.54,0.998,False
core,135,0.6908561606085377,0.6924962603475253,0.5717485506528697,0.7591906727613007,0.52,0.998,False
core,136,0.691902395470274,0.6923623534369587,0.5714010000406684,0.7592737077709829,0.507,0.998,False
core,137,0.6900541992804639,0.6914979761591404,0.5727753839285037,0.7618590097764035,0.52,0.998,False
core,138,0.6861419988350461,0.6912094217201062,0.5739259207742355,0.7582804813474974,0.561,0.998,False
core,139,0.6855085862550696,0.6908892275092762,0.5730825205548079,0.7602182654247137,0.56,0.998,False
core,140,0.6848534788686911,0.6919920455568688,0.5676395660268029,0.7583778803760832,0.563,0.998,False
core,141,0.6857480446856624,0.6924315517438376,0.5652143477217548,0.7566411588750706,0.56,0.998,False
core,142,0.684529398690666,0.6919059306981659,0.5626153533622054,0.757332915620983,0.582,0.998,False
core,143,0.6821731766744428,0.6916133396034246,0.5652464803287093,0.7585369839012881,0.602,0.998,False
core,144,0.6846709011722377,0.6917698067516728,0.5676173598288285,0.7576715380662187,0.586,0.998,False
core,145,0.68573158103171,0.691400303965078,0.5705564502315439,0.7624116261371316,0.566,0.998,False
core,146,0.683754007548074,0.6905041901404153,0.5727038309795042,0.7632190194474936,0.585,0.998,False
core,147,0.6798295465606151,0.689875390297944,0.5743197854737495,0.7627463501986429,0.612,0.998,False
core,148,0.6787436244019913,0.6893455600597685,0.5806493982317045,0.7604341902870388,0.618,0.998,False
core,149,0.678612820785808,0.6885885970876755,0.5834656198719349,0.7590233158677555,0.612,0.998,False
core,150,0.6780049533738138,0.6887353043946314,0.5830798116031729,0.7603487016919556,0.617,0.998,False
core,151,0.6754010273706678,0.6884189850118252,0.582156734637994,0.7603957317931745,0.641,0.998,False
core,152,0.6550716343315023,0.6889198454746485,0.582193688803199,0.7606066382821319,0.803,0.998,False
core,153,0.6594104088972145,0.6885963492787573,0.5761695004006053,0.7592708202948818,0.777,0.998,False
core,154,0.6688390701850118,0.6893251717679522,0.5794714984098219,0.7597449593781768,0.709,0.998,False
core,155,0.6695730291279604,0.6894917441524259,0.5795084520868943,0.7589607459629836,0.701,0.998,False
core,156,0.6766177822616322,0.6894267335670176,0.5719085665544408,0.758800334938678,0.627,0.998,False
core,157,0.6830336206497852,0.6893031258230828,0.5703494387823796,0.7574729471010723,0.571,0.998,False
core,158,0.6850795340764939,0.6889896645008229,0.5712342552030115,0.7582440354918886,0.545,0.998,False
core,159,0.6879553822594202,0.6891555496508703,0.5748975727740835,0.7568880724544285,0.508,0.998,False
core,160,0.6879864580465191,0.6885696585573753,0.5770526229073234,0.7559156984506291,0.507,0.998,False
core,161,0.6870695839898262,0.6884124757496854,0.583096799467616,0.7553185979124469,0.514,0.998,False
core,162,0.6805442516525074,0.688123477279816,0.5831274038916369,0.7564205611776228,0.584,0.998,False
core,163,0.6811521496368336,0.6891558108424035,0.577007859473982,0.7558406087999093,0.581,0.998,False
core,164,0.6805803005703664,0.6883875452159384,0.5734966392508937,0.7553924549836059,0.576,0.998,False
core,165,0.6808189485177694,0.6886743584967812,0.5779755728624084,0.7564719432848971,0.579,0.998,False
core,166,0.681080487576021,0.6888582462844604,0.572116393165669,0.7576106390755204,0.583,0.998,False
core,167,0.6800481250296099,0.6889461699519954,0.5763965431938856,0.7583482883005284,0.591,0.998,False
core,168,0.6753681853222467,0.6880761913823584,0.5691918948238011,0.7586744821056858,0.637,0.998,False
core,169,0.669349160499486,0.6869683562304233,0.5674282157059329,0.7583139982753249,0.695,0.998,False
core,170,0.6767567863875095,0.687181303963932,0.5737616967342521,0.756693134184932,0.604,0.998,False
core,171,0.6753658416572924,0.6865139148704226,0.5706148594773143,0.7567552139904307,0.613,0.998,False
core,172,0.684618180999169,0.6864582322394358,0.5662124492016608,0.7567365700659346,0.52,0.998,False
core,173,0.6820528171868033,0.6859841311942553,0.5596365829533774,0.7555520313927097,0.541,0.998,False
core,174,0.6804766351567545,0.6861535688346208,0.5564861865322974,0.7544124643288772,0.555,0.998,False
core,175,0.6757447577058479,0.6855153473585924,0.5569022941409183,0.7554584289766824,0.61,0.998,False
core,176,0.6676858551816834,0.6854969299560183,0.558497606195932,0.7539389881289958,0.678,0.998,False
core,177,0.6765468384528812,0.6850352843314965,0.5549116332852626,0.7563739815325234,0.593,0.998,False
core,178,0.6778060500759485,0.6856917454191245,0.5604230451602362,0.7564944183445986,0.581,0.998,False
core,179,0.6756744465259023,0.6858098290388348,0.5669674924567424,0.7563406721371193,0.595,0.998,False
core,180,0.6779377267842105,0.6860069249140373,0.561296128690625,0.7547283140123363,0.58,0.998,False
core,181,0.6828168168838024,0.6861913920815779,0.5599220296634299,0.7558396091506671,0.536,0.998,False
core,182,0.6882908468185162,0.6866747840681298,0.5621389876605674,0.7552948507391065,0.474,0.998,False
core,183,0.6846284700619395,0.6859506947976098,0.5635770953495708,0.7547600836122226,0.51,0.998,False
core,184,0.6864283203271129,0.6853643773841264,0.5647220686388374,0.755159942149167,0.49,0.998,False
core,185,0.6862893448354606,0.6855537656919418,0.563621570668581,0.7554560787479768,0.492,0.998,False
core,186,0.6810405547184969,0.6856314852608516,0.5602206921518389,0.7554298427553627,0.555,0.998,False
core,187,0.686155442174335,0.6865566076009603,0.5565843998840436,0.7552677916049617,0.505,0.998,False
core,188,0.6893755594316116,0.6860654408767463,0.5577304359093505,0.7565733272053276,0.471,0.998,False
core,189,0.6935083805457883,0.6862664795350855,0.5597932069888648,0.7574634150334608,0.425,0.998,False
core,190,0.6955596754344475,0.6860547124977742,0.5612535194907005,0.7577461822187923,0.401,0.998,False
core,191,0.6934093844749091,0.6870766292677203,0.5589356754410924,0.7573630923812327,0.426,0.998,False
core,192,0.6912392309480578,0.6864132983524824,0.5548079121472169,0.7582212423297764,0.452,0.998,False
core,193,0.6919700953561606,0.6862231311786632,0.5534113899983955,0.7570820210670945,0.449,0.998,False
core,194,0.6966345390661396,0.687784743426265,0.551413970743565,0.7582454406391713,0.405,0.998,False
core,195,0.699631860204352,0.6877349821036187,0.5489366341157009,0.7578769013340516,0.368,0.998,False
core,196,0.7004653718806862,0.6875005153933531,0.5446814996097076,0.7576236753571766,0.359,0.998,False
core,197,0.6976267433014247,0.6869759848094599,0.543861114814391,0.7579805785642895,0.389,0.998,False
core,198,0.6992452029651985,0.686625835858709,0.5499057621529697,0.7588833885376445,0.378,0.998,False
core,199,0.6952964655576849,0.6868086921255329,0.5457087523110653,0.7586192105616828,0.406,0.998,False
core,200,0.6912497088588041,0.6868755210267766,0.5517087546105078,0.7596356079551719,0.447,0.998,False
blue_wing,1,0.464588517134699,0.70174675514177,0.5912085550184761,0.7684313208358432,1.0,1.0,False
blue_wing,2,0.46579116984316843,0.70268384051467,0.592417687623045,0.7681699766429387,1.0,1.0,False
blue_wing,3,0.4615699944935292,0.7029950625873658,0.5946227605742582,0.7672833031359411,1.0,1.0,False
blue_wing,4,0.4639237900289748,0.7023316350268132,0.5968872133033253,0.7678875130202256,1.0,1.0,False
blue_wing,5,0.46729461740443035,0.7030762571398154,0.5965076559806027,0.7679134859839933,1.0,1.0,False
blue_wing,6,0.47978352863392315,0.7032579695742415,0.5954541244923244,0.768612552740677,0.997,1.0,False
blue_wing,7,0.4891065540144441,0.702884653534955,0.5968632725860173,0.7701099299990996,0.996,1.0,False
blue_wing,8,0.5038962953868099,0.7025257642406652,0.5955054442414023,0.7691962862394829,0.992,1.0,False
blue_wing,9,0.5174245557396614,0.7021030961872436,0.5941627717342925,0.7696839577506367,0.992,1.0,False
blue_wing,10,0.5255211893817539,0.702590790745852,0.595229177030745,0.7677230198471413,0.992,1.0,False
blue_wing,11,0.5328894976569025,0.702871161479369,0.5966638127599526,0.7690364953790235,0.99,1.0,False
blue_wing,12,0.5390017640923547,0.7023662390002747,0.5930290662477691,0.7696622992434186,0.99,1.0,False
blue_wing,13,0.5384760138693903,0.7025129141406942,0.5984035286438539,0.7705654650987852,0.992,1.0,False
blue_wing,14,0.5402451914521891,0.7015392762858433,0.5986000321800724,0.7715142087567841,0.992,1.0,False
blue_wing,15,0.5375429382859911,0.7018874289379785,0.5973658542084921,0.7708318836199299,0.992,1.0,False
blue_wing,16,0.5407064218050938,0.7021333294622102,0.5959145686023112,0.770001502480174,0.992,1.0,False
blue_wing,17,0.5387637725434459,0.7025752853564747,0.5965101633824811,0.7702404211134104,0.992,1.0,False
blue_wing,18,0.5387924070928098,0.702835245029781,0.5999648651843936,0.7707382985638621,0.993,1.0,False
blue_wing,19,0.53842829422806,0.703246426388272,0.59715515763931,0.7709087646966224,0.994,1.0,False
blue_wing,20,0.5388057896703083,0.7033598596610741,0.5935779521004829,0.7685537310683541,0.994,1.0,False
blue_wing,21,0.5419933416497518,0.7034356181199856,0.5925481125463687,0.7688721928626319,0.994,1.0,False
blue_wing,22,0.5474592990353035,0.7039224808318816,0.5937991694532554,0.7678926958798269,0.994,1.0,False
blue_wing,23,0.5535933157428546,0.70299075784684,0.59522405877498,0.7668718226539225,0.991,1.0,False
blue_wing,24,0.5593910634832838,0.7029275399388224,0.592493583896524,0.7668186421578845,0.989,1.0,False
blue_wing,25,0.5598146672846179,0.703129380653009,0.5901247302561422,0.7692399373098737,0.988,1.0,False
blue_wing,26,0.5609172568633629,0.7035000961853628,0.5912113592189392,0.769944911435737,0.988,1.0,False
blue_wing,27,0.561038548336559,0.703418890239667,0.5896891986919327,0.7692775270107097,0.99,1.0,False
blue_wing,28,0.5637344221831728,0.7029642668707015,0.5915562420277497,0.7682791809127428,0.985,1.0,False
blue_wing,29,0.5640207192353868,0.7025571385279158,0.5930995176714116,0.7677421384768565,0.984,1.0,False
blue_wing,30,0.565573774444227,0.7019278684652757,0.5900159322921815,0.767710125537153,0.983,1.0,False
blue_wing,31,0.568013155230053,0.7011996288990496,0.5961883659406225,0.7694764572946449,0.981,1.0,False
blue_wing,32,0.5755659044205355,0.7012678050114938,0.5986593378949823,0.7693038590288287,0.977,1.0,False
blue_wing,33,0.5821137293982301,0.7011637346434018,0.594532947303345,0.7713225471731834,0.977,1.0,False
blue_wing,34,0.5858462030644586,0.7013713464771074,0.5886589103689098,0.7727434215326409,0.976,1.0,False
blue_wing,35,0.5903334155723178,0.7003867249366263,0.587946339838057,0.7706385306486485,0.972,1.0,False
blue_wing,36,0.5944885183749546,0.7002808353592109,0.5853032520024949,0.770903492898206,0.971,1.0,False
blue_wing,37,0.60246419831442,0.7003818825139716,0.5810787903061633,0.770596178904221,0.968,1.0,False
blue_wing,38,0.6097902082072191,0.7011340930294713,0.5773794286965971,0.7701890003403469,0.96,1.0,False
blue_wing,39,0.614441173943224,0.7009753008946421,0.5723291029755987,0.7725778801378106,0.955,1.0,False
blue_wing,40,0.619600654202897,0.7015442166364994,0.568911066585447,0.7722097996585675,0.952,1.0,False
blue_wing,41,0.6247128652837863,0.700838764002638,0.5670608845402096,0.7718653399229792,0.942,1.0,False
blue_wing,42,0.6297124314290563,0.7005426751229228,0.559640005272571,0.7721417939554588,0.935,1.0,False
blue_wing,43,0.6343309216658453,0.7003263134255656,0.558932606617348,0.7706925502284933,0.925,1.0,False
blue_wing,44,0.6384773852317267,0.7009960741301556,0.5664088200092213,0.7707889905779353,0.915,1.0,False
blue_wing,45,0.6384275051878295,0.700270528234752,0.5610108880719148,0.7690987086638015,0.912,1.0,False
blue_wing,46,0.6440951940703238,0.7003097419342967,0.5614752280951752,0.7696518352845856,0.89,1.0,False
blue_wing,47,0.6476298506982306,0.7001354939521742,0.5712506939834027,0.768985410896017,0.87,1.0,False
blue_wing,48,0.6472011446598858,0.6996584084231394,0.5710368981658916,0.7697055974381047,0.873,1.0,False
blue_wing,49,0.6491579404436683,0.698967340835543,0.5706014968971472,0.7718834908710291,0.872,1.0,False
blue_wing,50,0.6518796074084656,0.6985538626306952,0.5736698098381908,0.7699095240592657,0.858,1.0,False
blue_wing,51,0.6573442977682072,0.6988725141775244,0.5802299218279937,0.7698979961895506,0.841,1.0,False
blue_wing,52,0.666064199660122,0.6983639796619555,0.5763848930157204,0.7688901223860425,0.798,1.0,False
blue_wing,53,0.6727420277620295,0.6992827791117998,0.57846384086652,0.7696000394119775,0.757,1.0,False
blue_wing,54,0.6777368251215244,0.6995440259314267,0.5762660967396619,0.7705781730820391,0.713,1.0,False
blue_wing,55,0.6779641133391058,0.6989567744304417,0.5786712209052048,0.7712210283048317,0.706,1.0,False
blue_wing,56,0.6786833028489885,0.6983685605188864,0.5825067765297923,0.7685984205735075,0.697,1.0,False
blue_wing,57,0.6753306731249816,0.6987108788819537,0.584429520274493,0.7671066584405446,0.723,1.0,False
blue_wing,58,0.6731489695834284,0.6990173568628699,0.5832282197886045,0.7679832544938963,0.737,1.0,False
blue_wing,59,0.6716673434816153,0.699719893188926,0.5799310563044741,0.7686964121524782,0.753,1.0,False
blue_wing,60,0.6727650901843527,0.6998261368634061,0.5812582476141733,0.7676035849892383,0.741,1.0,False
blue_wing,61,0.6730388897705927,0.6990687626567282,0.5809615196770623,0.7673328291608743,0.737,1.0,False
blue_wing,62,0.675947071361978,0.6987567505280416,0.5776538411195287,0.7680653871447551,0.717,1.0,False
blue_wing,63,0.6782385247663869,0.6981513934215564,0.5825710209161737,0.7670944947236188,0.693,1.0,False
blue_wing,64,0.6815742359317177,0.697591659008703,0.5827184115240167,0.7670314217837615,0.665,1.0,False
blue_wing,65,0.6872693551421146,0.697656960654913,0.583247368114425,0.7684573282393552,0.608,1.0,False
blue_wing,66,0.6862609228864482,0.6983504741306702,0.5796459162752524,0.7679421177584668,0.615,1.0,False
blue_wing,67,0.6901058923624368,0.698624270088976,0.5799134671799435,0.7679124188615819,0.585,1.0,False
blue_wing,68,0.6910548610209226,0.6992479604679935,0.5826108942740147,0.768402891998009,0.576,1.0,False
blue_wing,69,0.6905378770982626,0.6994449946177288,0.5835331202873236,0.7678336964914553,0.582,1.0,False
blue_wing,70,0.6880146884138014,0.6994606460741535,0.5840401750233841,0.7679318969145628,0.603,1.0,False
blue_wing,71,0.68613160051297,0.6992892117534086,0.5843378174920979,0.7677696205516272,0.631,1.0,False
blue_wing,72,0.6888367432589274,0.6987087419472096,0.5867713992718662,0.7664512149468675,0.607,1.0,False
blue_wing,73,0.6914352981809609,0.6984409443500638,0.5902630341502835,0.7658378873758963,0.584,1.0,False
blue_wing,74,0.6886389412359221,0.698318824511567,0.5871701592193733,0.7651665104583785,0.613,1.0,False
blue_wing,75,0.6908908117151387,0.6988240349577177,0.5871233391020316,0.7663738048273079,0.585,1.0,False
blue_wing,76,0.6906070374791456,0.6984876269790112,0.5899575174187117,0.7654194957128649,0.584,1.0,False
blue_wing,77,0.6929199122360724,0.6992207165569421,0.5911177998948187,0.7661651637684551,0.568,1.0,False
blue_wing,78,0.6930030826320763,0.6995595823400874,0.5952309770252956,0.7672411261728702,0.569,1.0,False
blue_wing,79,0.6915696750495136,0.6999488864029542,0.5955456852953541,0.7668379693171639,0.588,1.0,False
blue_wing,80,0.6957499484101997,0.6988929022053231,0.5951182106084028,0.7665024701882138,0.542,1.0,False
blue_wing,81,0.7015279922401305,0.6994896065198118,0.5938509098786984,0.765601255902121,0.483,1.0,False
blue_wing,82,0.7056710104848005,0.699927347848138,0.5930065946521242,0.7684886593549168,0.428,1.0,False
blue_wing,83,0.7095793947024188,0.6998512331993658,0.5894416085516896,0.7674017084080769,0.391,1.0,False
blue_wing,84,0.711190798187326,0.6997466848188003,0.5871314249369635,0.767188207922915,0.376,1.0,False
blue_wing,85,0.7104790909660453,0.6999861003536844,0.5874852325396308,0.767367811301198,0.382,1.0,False
blue_wing,86,0.7083562496389522,0.7002420796899229,0.5862744404223529,0.7684935553027458,0.405,1.0,False
blue_wing,87,0.7093003278245905,0.7004803596710939,0.5852619888106807,0.7686158481920119,0.394,1.0,False
blue_wing,88,0.707109044764265,0.7005267869179008,0.5815177913340224,0.7693140618991345,0.426,1.0,False
blue_wing,89,0.7077175536547422,0.7009740842233085,0.5803310518310162,0.7710465001800734,0.42,1.0,False
blue_wing,90,0.708954050932268,0.7011544018403577,0.5774288137267195,0.7705417906531792,0.4,1.0,False
blue_wing,91,0.709718336005696,0.7003221743497194,0.5772940672546608,0.7720731952204823,0.401,1.0,False
blue_wing,92,0.7116530370659181,0.7013543543708677,0.5774779901173115,0.7713373092686013,0.38,1.0,False
blue_wing,93,0.7132750634647523,0.700665289486138,0.5823168858363933,0.7715616103117614,0.358,1.0,False
blue_wing,94,0.7089717266353581,0.7008630573469093,0.5842973555007485,0.7676656292772778,0.407,1.0,False
blue_wing,95,0.7073285634140102,0.7003086570030744,0.5839706547646362,0.7654574196608775,0.429,1.0,False
blue_wing,96,0.7044264165533097,0.7001959409409402,0.5850058656520535,0.7640507879083458,0.468,1.0,False
blue_wing,97,0.7044421398022536,0.7008098950728997,0.5891359615759983,0.7668044227415708,0.466,1.0,False
blue_wing,98,0.7044036099288074,0.7010605908156768,0.5919426642339902,0.7653991416092101,0.467,1.0,False
blue_wing,99,0.7034894835492068,0.7005986212560624,0.592426901621491,0.765994515692399,0.466,1.0,False
blue_wing,100,0.7030112815779255,0.7001114598041104,0.5894463910854325,0.7668153454210096,0.474,1.0,False
blue_wing,101,0.704731259089904,0.7002807943980487,0.5896213512174081,0.7648450250053948,0.45,1.0,False
blue_wing,102,0.7070445150611173,0.7002942773367715,0.5912950076504002,0.7651887334423908,0.434,1.0,False
blue_wing,103,0.7080206956865288,0.7006029602301472,0.5912396236761536,0.7641506823286326,0.429,1.0,False
blue_wing,104,0.7027031909587417,0.7006285672229567,0.5895244960878183,0.7631940035443406,0.48,1.0,False
blue_wing,105,0.7011941105707751,0.6999706398486997,0.596347826142648,0.7629276175261883,0.483,1.0,False
blue_wing,106,0.7006305017263923,0.6985902530856719,0.5963703427594804,0.7623890743111446,0.487,1.0,False
blue_wing,107,0.6966049572981782,0.6990063911606964,0.5912778958666153,0.7605332653447365,0.53,1.0,False
blue_wing,108,0.6973461985705184,0.6986555731318579,0.5884461676441224,0.761036939880603,0.516,1.0,False
blue_wing,109,0.6926719621275325,0.6984617657753923,0.5881773828907964,0.7637574198469967,0.568,1.0,False
blue_wing,110,0.6870854018294122,0.6986447161618301,0.5902706197317141,0.7639808286104599,0.619,1.0,False
blue_wing,111,0.6828188778678257,0.6981061331507418,0.5890326250943888,0.7639405511139388,0.646,1.0,False
blue_wing,112,0.6781264308373917,0.698237951067492,0.5918122867948278,0.7645119980859117,0.689,1.0,False
blue_wing,113,0.6743654735293036,0.6988285018046959,0.5914625380343258,0.7649371585497949,0.716,1.0,False
blue_wing,114,0.6758209097763082,0.6981642924460969,0.5906937397859288,0.7643158283556891,0.708,1.0,False
blue_wing,115,0.681433250505882,0.6982047028291162,0.5863357402710762,0.7643303286984228,0.65,1.0,False
blue_wing,116,0.6878361226419877,0.6975967384596466,0.584924032927413,0.7638093111678249,0.595,1.0,False
blue_wing,117,0.6947079678709206,0.6974561066100501,0.5839459327898141,0.7632422877242205,0.527,1.0,False
blue_wing,118,0.6986819690656031,0.6974040211561885,0.5805810609521065,0.7644681907024775,0.485,1.0,False
blue_wing,119,0.704579177711432,0.6975572417600185,0.5833128722818688,0.76404185645454,0.427,1.0,False
blue_wing,120,0.7056774317267343,0.6972889814880372,0.5845419609105198,0.7641049622294424,0.403,1.0,False
blue_wing,121,0.7042468483895766,0.6966420568401114,0.5859158191588699,0.7665400440213211,0.421,1.0,False
blue_wing,122,0.7055643077739964,0.6960671358603131,0.5889505589155314,0.7662217940331514,0.409,1.0,False
blue_wing,123,0.7065085220824653,0.695688290951018,0.589685755731448,0.766713651929645,0.399,1.0,False
blue_wing,124,0.7041572079517158,0.6966202492001633,0.5890657560480344,0.7670858660798977,0.418,1.0,False
blue_wing,125,0.7023181125342369,0.6959867537860932,0.5903826309838107,0.7665770569066424,0.444,1.0,False
blue_wing,126,0.7010891715841712,0.6966199299414585,0.592417217324345,0.7674313651886093,0.455,1.0,False
blue_wing,127,0.7050648167791906,0.69578051543997,0.5912655289660119,0.766345030363501,0.399,1.0,False
blue_wing,128,0.7055607775108376,0.6961177947567618,0.591346402942871,0.7661302574619322,0.393,1.0,False
blue_wing,129,0.7032534451076219,0.6959175185272342,0.5916328133833049,0.7690225249650704,0.417,1.0,False
blue_wing,130,0.6995903479608317,0.696463850695593,0.5891532251445235,0.7683616864683923,0.448,1.0,False
blue_wing,131,0.6972322740140193,0.6958037719491204,0.5876394645118906,0.767117616883101,0.485,1.0,False
blue_wing,132,0.6957947629396352,0.6962885991920363,0.587953720729775,0.7653400718163248,0.504,1.0,False
blue_wing,133,0.689619027725284,0.6964849297480047,0.5837004693882263,0.7635548994937678,0.559,1.0,False
blue_wing,134,0.6819096304724233,0.6957468142356419,0.5827508809704347,0.7658867009439798,0.629,1.0,False
blue_wing,135,0.6842077050388631,0.6956459142293115,0.5807036265298695,0.7659787497537969,0.612,1.0,False
blue_wing,136,0.6844122681850423,0.6955551688150787,0.57971022519688,0.7654989226255905,0.614,1.0,False
blue_wing,137,0.679236297287453,0.6952704123612857,0.5793006571291688,0.7659436490659063,0.657,1.0,False
blue_wing,138,0.6818326513285109,0.6953998705214667,0.5772139831010442,0.7643314877089967,0.631,1.0,False
blue_wing,139,0.6828644837003762,0.6952397042589049,0.5799169972883516,0.762841043478117,0.625,1.0,False
blue_wing,140,0.6823764312160824,0.6952521564032287,0.584440058268718,0.7617733741944325,0.63,1.0,False
blue_wing,141,0.6825008599690137,0.6946789867123099,0.5764716571645442,0.7628784436801621,0.638,1.0,False
blue_wing,142,0.68375529191135,0.694246063266674,0.571712925763826,0.7639205838785682,0.622,1.0,False
blue_wing,143,0.6834421173991944,0.6947448196881805,0.5700298301916222,0.762704210302871,0.625,1.0,False
blue_wing,144,0.6841109280676918,0.6949120829042357,0.5702564807874766,0.7624633639945606,0.616,1.0,False
blue_wing,145,0.6867378149844509,0.6950558354566939,0.574536397826881,0.7623042054173715,0.591,1.0,False
blue_wing,146,0.6925013010427644,0.6952257138801725,0.5795123791047718,0.7612780770669189,0.53,1.0,False
blue_wing,147,0.6949983967563045,0.6954159501574122,0.5838189773954438,0.7611267642921353,0.504,1.0,False
blue_wing,148,0.6953783181672311,0.694887780775773,0.5863730672640461,0.7618710242376118,0.495,1.0,False
blue_wing,149,0.7022457650720033,0.6950965195618986,0.5877417877589333,0.7606584862109399,0.427,1.0,False
blue_wing,150,0.7044456924520616,0.6948954852577449,0.594957063149021,0.7604070024369399,0.413,1.0,False
blue_wing,151,0.704293479980631,0.6943964955417109,0.5991657118407937,0.7599007095663806,0.404,1.0,False
blue_wing,152,0.7008124616562444,0.694225023027453,0.6005621207239522,0.7597518671008329,0.437,1.0,False
blue_wing,153,0.6966875327944491,0.6939741494276781,0.6043339606085278,0.7605896059427737,0.482,1.0,False
blue_wing,154,0.6923368489810907,0.6937239297670822,0.6042508029760195,0.7635654094671647,0.521,1.0,False
blue_wing,155,0.6898425923230045,0.6934375701975435,0.6048617771655161,0.7634296754070158,0.542,1.0,False
blue_wing,156,0.6856151978098719,0.6928037969658077,0.6059416566713721,0.7647453296319507,0.578,1.0,False
blue_wing,157,0.6788486768901535,0.6934884769151116,0.6044397707269629,0.7638265048624056,0.656,1.0,False
blue_wing,158,0.6738793962806167,0.692796124094772,0.6045834113705443,0.7653317732871954,0.705,1.0,False
blue_wing,159,0.672294475636949,0.6917749868369633,0.6018705833693073,0.7650051228504309,0.717,1.0,False
blue_wing,160,0.6702269735998044,0.6920672833382441,0.6024949382050776,0.7647031994726053,0.73,1.0,False
blue_wing,161,0.6642207060599465,0.6914027077741769,0.6025112637268476,0.7645775101891614,0.781,1.0,False
blue_wing,162,0.6650754408360707,0.6916025535817402,0.6033671401105032,0.7642746543525768,0.771,1.0,False
blue_wing,163,0.6602440692445697,0.6918037036094608,0.602806958166323,0.7650325759630003,0.802,1.0,False
blue_wing,164,0.6561243832758611,0.6921595708986933,0.6005397433662233,0.7647641270588901,0.814,1.0,False
blue_wing,165,0.6575167741780541,0.6921988863715284,0.5987753756312278,0.7662928484862933,0.806,1.0,False
blue_wing,166,0.6536515801992787,0.6922644211625234,0.5956397312805702,0.7682504555030389,0.834,1.0,False
blue_wing,167,0.6539275171061474,0.6916046003746262,0.5910510440825685,0.7677185013667934,0.831,1.0,False
blue_wing,168,0.6533975535122871,0.6909881944903415,0.591317193904762,0.7684952289074053,0.823,1.0,False
blue_wing,169,0.6557184355179106,0.690657383476761,0.5914149238088514,0.7699602290391654,0.807,1.0,False
blue_wing,170,0.6526946873871038,0.6914503981025258,0.5885046625692282,0.7690087722613995,0.817,1.0,False
blue_wing,171,0.6511419806369497,0.6914511239870355,0.5850029840785543,0.7679290171557589,0.819,1.0,False
blue_wing,172,0.6515578675825695,0.690954102835462,0.5839058828839885,0.7685102756744423,0.82,1.0,False
blue_wing,173,0.6522725811615626,0.6917291121529067,0.5813938186672304,0.7676911360664471,0.811,1.0,False
blue_wing,174,0.6550370774569152,0.6918895799106853,0.5839776966618835,0.7678412436166033,0.798,1.0,False
blue_wing,175,0.6516558629999556,0.6922503031554316,0.5856119072613546,0.766638981956329,0.816,1.0,False
blue_wing,176,0.651317049052285,0.6924238104485503,0.5894576192179202,0.7668639735400368,0.826,1.0,False
blue_wing,177,0.6577003279669589,0.692937504347838,0.5884438351099057,0.7661818222172696,0.787,1.0,False
blue_wing,178,0.6618906176472062,0.6928298621590964,0.5879759041714954,0.7658702977632056,0.758,1.0,False
blue_wing,179,0.6633331775562286,0.6927441102430014,0.583212734458322,0.7660244005457257,0.751,1.0,False
blue_wing,180,0.6695186328354273,0.6938870770817596,0.5833612940044988,0.7660778420084355,0.705,1.0,False
blue_wing,181,0.6728325888236084,0.6930613381481138,0.5844641210381433,0.7683226595382456,0.673,1.0,False
blue_wing,182,0.6782021362820162,0.6933498141592394,0.5856709729406359,0.7675041528655517,0.635,1.0,False
blue_wing,183,0.6824642383604473,0.6932745368236068,0.5842896458758139,0.7682144088039844,0.602,1.0,False
blue_wing,184,0.690066037691084,0.6928516122797509,0.5813449962418407,0.7656978375270852,0.538,1.0,False
blue_wing,185,0.6903166229557113,0.6932502445749333,0.5826005154532681,0.764894088798999,0.533,1.0,False
blue_wing,186,0.6926166962061088,0.6936624216277987,0.5828452391225604,0.7662366901313025,0.51,1.0,False
blue_wing,187,0.6909046666652447,0.6937393750275622,0.5853723809028363,0.7661597353628726,0.529,1.0,False
blue_wing,188,0.693643496367123,0.6928874914708372,0.5864201894882175,0.7639556794303815,0.495,1.0,False
blue_wing,189,0.6914191661776261,0.6921329992329265,0.5875880912242977,0.7653472386809079,0.503,1.0,False
blue_wing,190,0.6921168281450304,0.6926464369179645,0.5875150092806118,0.76380716370024,0.509,1.0,False
blue_wing,191,0.6943602352316613,0.6919099908774663,0.5860474917012095,0.7631095740902043,0.474,1.0,False
blue_wing,192,0.6969725359223296,0.6915131835512621,0.5870612524402945,0.7644409781539693,0.455,1.0,False
blue_wing,193,0.698613060646282,0.6918758174738306,0.586629403004679,0.7634413223878062,0.436,1.0,False
blue_wing,194,0.6990015904952274,0.6918287115257531,0.5843606276556845,0.7625273260270592,0.42,1.0,False
blue_wing,195,0.704700137631161,0.6918371438042712,0.5776740444904457,0.7630369367550491,0.376,1.0,False
blue_wing,196,0.7060952153436991,0.6917484433684505,0.5759868246694193,0.7635900805431117,0.366,1.0,False
blue_wing,197,0.707250508103996,0.691412994204412,0.5745324316352227,0.7642800363535698,0.349,1.0,False
blue_wing,198,0.7074547755844045,0.6913958690083625,0.5734860594148288,0.7641679889405849,0.353,1.0,False
blue_wing,199,0.7051966484608332,0.6912426442933313,0.5723315522890251,0.764678832388471,0.376,1.0,False
blue_wing,200,0.7049236411802678,0.6917760616326374,0.5673400765428274,0.7635205944691483,0.381,1.0,False
