lag,core_synergy,red_synergy,blue_synergy
1,0.2624783563497779,0.498791595062403,0.14875884166934564
2,0.274843819273681,0.4938427463953102,0.15380653212150996
3,0.2909153170731322,0.49728686953857676,0.16029151943588887
4,0.3094172943162757,0.49051902268012415,0.16571378402704262
5,0.31549164700476556,0.4955679953702741,0.1700143802415189
6,0.3230952209471879,0.4901035805682327,0.18247854539427977
7,0.3300992488969664,0.47998162694192653,0.20315512335483013
8,0.32612947417460325,0.48173075755542916,0.22566889047769703
9,0.32586222364237194,0.4833373159086896,0.24610228105356974
10,0.3243989277116655,0.4880120223973054,0.2665719060547252
11,0.3301783186836433,0.4906573818914601,0.28292419260807156
12,0.32373729912644894,0.5008105884952905,0.2971150862796166
13,0.31646773154007624,0.500103496016528,0.30135206879129667
14,0.30905017629747217,0.5074034454730908,0.3049224325260906
15,0.3071533999694922,0.5188322745714661,0.3051737533879892
16,0.30106871553334097,0.5287155463981414,0.3104401717175374
17,0.29493705141727267,0.527555828267634,0.3126161613464885
18,0.2922008990107946,0.520779212478672,0.31816505313319365
19,0.28843015132611377,0.5232972991860885,0.3190595681034088
20,0.2891091606286644,0.531830540814736,0.32193207118335626
21,0.29379058391807156,0.5373420711179856,0.32334218074204757
22,0.2954984889513204,0.5386974237649537,0.327039911684286
23,0.28908750833564223,0.5468933057421834,0.33057882182598985
24,0.28766665838184097,0.5477370258088579,0.3382207379037899
25,0.2843248551097537,0.550973602254674,0.33935446380861367
26,0.2778922985064269,0.5576348956415239,0.34548488447638787
27,0.2701148766397116,0.5675237872878452,0.34456331396908124
28,0.2616189980516246,0.5792333913191594,0.3497790696889715
29,0.26498087975407986,0.5858313574159135,0.35243548527130075
30,0.2775245640206821,0.587071195105455,0.3537314867860049
31,0.28980147447371746,0.5899073310668671,0.35825081643842743
32,0.29641051835000337,0.5872101371255816,0.3674843226870897
33,0.30575588022461037,0.5891045548541546,0.3783798642998248
34,0.3215175910550767,0.5921124114607998,0.38113109203159823
35,0.332750834145814,0.5944057469273223,0.38423077425562224
36,0.35137112625532974,0.5993728669055114,0.38224976613914863
37,0.36393064700630534,0.6040145421387937,0.382856428277729
38,0.37328603583634784,0.6062531210177409,0.3846971978115805
39,0.38054249211967456,0.6050677570134327,0.3904863039795377
40,0.3858144626907327,0.6044284169323738,0.38934156230941785
41,0.3884499296775233,0.6004471459581049,0.39227118655354615
42,0.39318255632620625,0.5966771146319744,0.3951109988086558
43,0.40163168797514187,0.5992602312338728,0.40022858324718674
44,0.4103770470855646,0.607931139265112,0.4020986508069115
45,0.4158313007551182,0.6180169598542892,0.4001318319460313
46,0.42787139553405246,0.6207040532960847,0.40727543040711167
47,0.4341996838402317,0.622783964172323,0.4140632628692609
48,0.4414823553972016,0.6161021673439718,0.41093398938745485
49,0.44672469915408225,0.6162522595340213,0.4127968249547024
50,0.4477536569113133,0.6190319423985344,0.41544823399280073
51,0.45104137219004486,0.6228648150334478,0.424274045823021
52,0.4527429461583332,0.6285266641877465,0.4349280578684341
53,0.4597496540555514,0.6323277763292098,0.4418653146780036
54,0.4611934144123254,0.6334909553956202,0.44517924120975744
55,0.46219428790534395,0.6354194104318651,0.43734502878632103
56,0.4631270039020308,0.6389558164991992,0.43097888702984294
57,0.46028533517372,0.6358084952865523,0.4246161841076809
58,0.45990434324766744,0.6251830079366136,0.4237321430057264
59,0.4593882897727814,0.617653108683344,0.42484536565134107
60,0.4581237706006183,0.610955296084411,0.42882137993806135
61,0.4601190422313798,0.6177656275619136,0.4265433462984913
62,0.46391406662109774,0.6098016150627487,0.42393627409310475
63,0.45985514763332624,0.6039687142991454,0.42969589334866337
64,0.4583896825605142,0.6023068369831395,0.44127718906799873
65,0.46056153909307707,0.6084813502404114,0.4524930544501338
66,0.4617607034920195,0.6158129327640157,0.4583221752327951
67,0.46629032115490804,0.6157769575971754,0.4671876228264298
68,0.46832554025802486,0.6172300349257488,0.46267124895536765
69,0.47325401321121163,0.6129916713298851,0.45711319430866604
70,0.47504736784419027,0.6097740185060396,0.44744478251805897
71,0.4807296270243404,0.6044016826908211,0.4421667872016196
72,0.4859641753466775,0.6013181582457413,0.44040351304666714
73,0.4884048324683519,0.5992049998967007,0.4454769569866598
74,0.48916112679157936,0.590299768569074,0.45263500067894863
75,0.4910390438305994,0.585276479378107,0.45987472803215956
76,0.49071727757899297,0.5810484095580523,0.46692787749002446
77,0.493585722749717,0.5810086084965232,0.47266681406643407
78,0.489393653503152,0.5769414882111702,0.47197382754341993
79,0.4900149904828438,0.57073281797859,0.4767153954780147
80,0.48808549377607185,0.5723521154507407,0.4828094141046062
81,0.4867198344744324,0.5685845544897893,0.4868106704566013
82,0.4839605085892106,0.5721792329904558,0.4908897296724983
83,0.4819417254435211,0.5750767037139506,0.4967287282674231
84,0.48256460434283305,0.5793301049789104,0.4926173361966678
85,0.48434102851787275,0.5813940107734282,0.48962259067000835
86,0.48106816976693706,0.5806831130809512,0.49054049023415064
87,0.4799055820734281,0.5792956748797682,0.4971526952833223
88,0.4799421862691349,0.572988236129487,0.5006338701497436
89,0.4872849629610293,0.5700545075802369,0.5012487413320929
90,0.4921032181448887,0.5708986132658878,0.5056333568846514
91,0.49465949423019395,0.5735047809582339,0.5030486610472331
92,0.48868484567206816,0.5816225493985268,0.5062581507007188
93,0.4890276173780312,0.5918490493143129,0.5078898559979853
94,0.48813273388255,0.599430801728292,0.5000940599517192
95,0.49023672640268706,0.6014472196256683,0.49496393163206126
96,0.49060949216615085,0.5938372959225777,0.49274470284775823
97,0.49209316878282383,0.5883440861874559,0.49065721955232994
98,0.49388194404653907,0.5791921365373824,0.4945497808970339
99,0.49522419489573377,0.5660664132047829,0.4983543827725722
100,0.492509044345401,0.5518074503316767,0.506362696033295
101,0.49052582997647287,0.5514979128631948,0.5106733640110553
102,0.4866016234334622,0.5410242796649583,0.5162959908337036
103,0.48310571290646337,0.5377107168992142,0.5176442737315408
104,0.4696050394676554,0.5274705079957424,0.5156995333426193
105,0.4673189194224138,0.525073885956726,0.5205389063983387
106,0.45992727087535973,0.5292797774021766,0.5283195050196726
107,0.4580898039174808,0.535969022755591,0.5302947541079401
108,0.45517135226029076,0.5368546099325353,0.5307750962452836
109,0.44899408954665304,0.5450068762358401,0.5311990726074384
110,0.4405489717366032,0.5464287632934809,0.5290784384330772
111,0.44101618319028296,0.5407050368654401,0.5295965815122667
112,0.4383820580691488,0.5434123313344879,0.5234848340703045
113,0.4378570898048787,0.5437900511832771,0.5183658508888539
114,0.4425026658877183,0.5564580918017278,0.5205276244303425
115,0.4494068247341911,0.5666704078982961,0.5218152724441799
116,0.45142496075206323,0.5709732114315978,0.5149197260335634
117,0.4599137022542966,0.5715149828508381,0.5094720534612173
118,0.4712460608236473,0.5755461928396745,0.5067865730550195
119,0.4785968351702003,0.575309683785215,0.5125643063150072
120,0.48288613470979386,0.568056483802322,0.5155544616816193
121,0.48508788233995753,0.5574928859407016,0.5080488684277543
122,0.4880208664144815,0.5563811106078059,0.5076741553355175
123,0.4877142842373844,0.5602192503034228,0.5055591372415199
124,0.4904101226942199,0.5594408512035517,0.5080622061906434
125,0.49426713984173226,0.5637312915158494,0.4964614976853675
126,0.4995068188802396,0.568764388943186,0.49396548374451155
127,0.5062726868115306,0.5814544747725442,0.49619524201488235
128,0.5079894911491393,0.5803939386083588,0.49557535034972944
129,0.5076909016387194,0.5810064422928377,0.49569608541877297
130,0.5080694197292512,0.5819871120016658,0.4951858983955245
131,0.5023003032313641,0.5834503627607773,0.4962676305730539
132,0.5026610380749366,0.5793940182233673,0.4975238628636216
133,0.5050307412033136,0.5658987195513354,0.4995686497152558
134,0.5051482132547425,0.5644137307257134,0.501424786114297
135,0.5042027267481353,0.5536357129299567,0.5014022319668142
136,0.502630427507977,0.5471678022061149,0.5068754007829768
137,0.4971618428403986,0.5459800697574035,0.5018457982583164
138,0.4943267611896311,0.5464154894496419,0.5024775140880722
139,0.4945396327538584,0.547838185571367,0.5070729492997412
140,0.49460968972228975,0.5455436730072896,0.5079988726240379
141,0.49652165501465284,0.5461307027887411,0.5093066736923905
142,0.4927604441441257,0.5405403230662092,0.5110195208551984
143,0.48847892550286076,0.5270062683658113,0.5140238546743452
144,0.4857859224398678,0.5196163227324477,0.5141707635878496
145,0.4840515510364197,0.5148790346979922,0.5189805739226253
146,0.4854433361842421,0.5113693649049088,0.5169452196855969
147,0.48622439049624905,0.5124846489822459,0.5192830154364293
148,0.48656242566682134,0.5090251610519833,0.5126861726160551
149,0.4929383253451577,0.5027990861707462,0.5179964926193208
150,0.4970637092029833,0.5064597663111223,0.5164534143161557
151,0.4928544592565662,0.5137822923831838,0.5094016736882452
152,0.4743536951831105,0.5185951455433334,0.5003390463041205
153,0.47596421919808984,0.521975299044753,0.48605241553873707
154,0.48431357183740964,0.5340846126128245,0.47290004062831553
155,0.49137821670866266,0.5366274168279784,0.46624551312098433
156,0.49682514049533244,0.5348740946070281,0.4571010517597672
157,0.5037627629427475,0.5317558452323002,0.4392754560879773
158,0.5070048372684424,0.5340732850586323,0.4276561569770198
159,0.5126582832008766,0.5385924596446706,0.4205008831642812
160,0.5113217454055591,0.5468063838706355,0.4188728895928144
161,0.5107508141163078,0.5487479555117004,0.40928378540392313
162,0.5042856078228353,0.543797713629109,0.4019317380777272
163,0.5061851966331101,0.5431583198652244,0.3937060622039164
164,0.5019966136722468,0.5457737545964291,0.3815277665644805
165,0.501464910177991,0.5362221443695713,0.37755534996179135
166,0.49475305348301757,0.5320577827810218,0.3782198419082378
167,0.486640654209317,0.5288797322272635,0.3819123386680631
168,0.47424997931701396,0.5238466543858309,0.3837311622438036
169,0.46485200802750776,0.5242785650641016,0.383777298034995
170,0.47490955796774154,0.5236703271264379,0.3732503575269844
171,0.46880261682553864,0.5157637955912504,0.3730616113747162
172,0.4778267773944702,0.5125607318483687,0.3719292333314526
173,0.47514064478057716,0.5141770278728658,0.3685581520285246
174,0.473521299708151,0.5167840037661656,0.37852749507282224
175,0.473550679712718,0.516086808641127,0.3773693092884466
176,0.4623195076301525,0.5119250101118276,0.37836245207476177
177,0.46969383117933583,0.5163982845848759,0.38668714732039333
178,0.46976353659020065,0.5194004903878339,0.39835250400107597
179,0.46142709154842826,0.5235649268288419,0.4073060879634349
180,0.4598636141853581,0.5244705056794505,0.41642727528015805
181,0.4652510271059599,0.5191227117378701,0.4166586868032612
182,0.47551032864837683,0.5170678215743058,0.420973232208362
183,0.4816527518486991,0.5215369124854642,0.4283532410495074
184,0.48876324664284954,0.5302829709979657,0.4394342567907242
185,0.4859785914450167,0.5398641489303866,0.44753950384620633
186,0.48278330155917415,0.5467966959989065,0.4612182677621788
187,0.48613205250329256,0.5503371212197931,0.4667127940739028
188,0.48783472596501504,0.5507302495362418,0.46892260933242874
189,0.4903632021839782,0.5514217639160439,0.466778885644817
190,0.49055167580234044,0.5539718246729781,0.46635744031183446
191,0.4907769014778938,0.5528587651247099,0.464002666340884
192,0.4868325855940979,0.5553281568402522,0.46074612349553773
193,0.4883576438413261,0.5660951325404443,0.4661285419163771
194,0.49905567339333234,0.5711624819156038,0.4676480892229602
195,0.5051163005275385,0.5796749898746281,0.47926780270495584
196,0.5040286559909405,0.5856273774151823,0.4832432808279818
197,0.4983090465381248,0.5915231328159655,0.48204648139140177
198,0.5005182070702444,0.5952475125384887,0.48440824979629005
199,0.4970828257964429,0.5966060525393337,0.4848780677616468
200,0.49236193353628677,0.588964470127453,0.48438122991114185
