target,candidate,lag_days,exclusion_days,tuple_count,cmi_ksg_k5_bits
core,blue,1,0.0,1356,0.0
core,blue,1,1.0,1356,0.0
core,blue,1,3.0,1356,0.0
core,blue,1,5.0,1356,0.0
core,blue,5,0.0,1332,0.0
core,blue,5,1.0,1332,0.0
core,blue,5,3.0,1332,0.0
core,blue,5,5.0,1332,0.0
core,blue,15,0.0,1269,0.21947105235975706
core,blue,15,1.0,1269,0.1782986377475512
core,blue,15,3.0,1269,0.07691059198037957
core,blue,15,5.0,1269,0.0
core,blue,30,0.0,1174,0.36355953464346746
core,blue,30,1.0,1174,0.36845060431899873
core,blue,30,3.0,1174,0.22723683961742777
core,blue,30,5.0,1174,0.11049565042259592
core,blue,60,0.0,1032,0.37877389317214455
core,blue,60,1.0,1032,0.4209178025978839
core,blue,60,3.0,1032,0.3895515542055326
core,blue,60,5.0,1032,0.29320938625983134
