filename,jd_offset,blue,blue_error,core,core_error,red,red_error,profile_total,profile_total_error
n57512ma.spc,47512.0,13.6344038304,0.2562188007498716,44.783615999999995,0.26299816198946485,15.456180000000002,0.25979864037903816,73.8741998304,0.44979044077251795
n57517a.spc,47517.0,15.001284951999999,0.2617454328618767,44.9966208,0.2718385673072782,13.8361008,0.2653642781037357,73.834006552,0.4613296851420268
n57534a.spc,47534.0,14.5701058056,0.2634249347961548,47.360810400000005,0.274989031743345,12.9776472,0.26653656114957286,74.9085634056,0.46481544970121297
n57535a.spc,47535.0,13.983084952,0.26345614054271727,46.6965912,0.2752868598758524,14.322148799999999,0.26739798244068785,75.00182495199999,0.4655036779911858
n57549m.spc,47549.0,12.91554048,0.26182959665697686,52.74999840000001,0.27402389822947343,14.118887999999998,0.2652972226390137,79.78442688000001,0.4626299285891547
n57560a.spc,47560.0,13.6004091772,0.2722762176648001,50.2059528,0.2971612345100323,15.6200976,0.2799830084848207,79.42645957719999,0.4907439485532014
n57573a.spc,47573.0,14.015771123199999,0.2589992411033824,50.5420584,0.26993784061123405,15.954523200000002,0.2631377959247725,80.5123527232,0.4573713418330134
n57573m.spc,47573.0,13.614870147200001,0.25517867676929434,51.2017776,0.26253158996449627,13.607726640000001,0.258131405793189,78.42437438719999,0.4479629621562283
n57574m.spc,47574.0,13.126620577599999,0.2716656827567766,50.215272,0.2995298540857869,15.018859199999998,0.2798302277756169,78.3607517776,0.49175739247449246
n57575ma.spc,47575.0,13.9020528624,0.2559037141532854,50.161776,0.2639823781199829,14.354116799999998,0.25913943950031537,78.4179456624,0.44980735429722096
n57576m.spc,47576.0,13.1432459456,0.255074496463583,49.476984,0.2620433639140515,13.149458399999999,0.25792995300025473,75.7696883456,0.4475014904693123
n57582a.spc,47582.0,12.650826072800001,0.2581171163629162,44.464704,0.2678353319172778,14.642738399999999,0.2624020092230149,71.7582684728,0.45520877103480856
n57587m.spc,47587.0,12.079873888000002,0.2711699638174818,47.24334,0.29909132958416296,14.559081700000002,0.27915446517922227,73.882295588,0.4908319347176734
n57589m.spc,47589.0,12.229176424000002,0.2745549960701003,45.7870176,0.3057667971257049,13.790791120000002,0.28381447091776274,71.80698514400001,0.4994241023357747
n57592m.spc,47592.0,11.579140834399999,0.27274968739149824,46.6692144,0.30041852980874534,14.529333600000001,0.28126336580039996,72.77768883440001,0.4937132426479744
n57594m.spc,47594.0,11.797920952,0.25559197098465514,40.588308,0.2614835718762186,11.2001136,0.2586328693537061,63.586342552,0.4478748431237209
n57597m.spc,47597.0,10.884194422,0.2563373510455377,41.2439544,0.2626233510089703,13.309869599999999,0.2597317247639772,65.438018422,0.44960030125111616
n57601m.spc,47601.0,11.101957383999999,0.25650702783523105,41.6755512,0.2632115145965404,13.4307456,0.2599026739458538,66.208254184,0.45013948579220814
n57606m.spc,47606.0,8.897856584,0.2599131372076817,38.2258104,0.2681415724017087,11.202273888,0.26359797695348725,58.325940872,0.4570980586232797
n57618a.spc,47618.0,13.966105064,0.30166180297462386,47.024908800000006,0.339913640333174,15.199764,0.31100250023798587,76.19077786400001,0.5506938182082032
n57627a.spc,47627.0,13.076185466400002,0.2967179127109976,50.064995999999994,0.33497254634209295,15.872239224,0.3058071090276143,79.0134206904,0.5420019506037815
n57642a.spc,47642.0,15.946743247999999,0.2865847183252701,55.647452,0.31664106039328255,14.63618904,0.2905006300100294,86.23038428800001,0.5165103851238432
n57644m.spc,47644.0,13.772210787999999,0.2574721309732329,51.924333600000004,0.2640901471786572,14.2148208,0.2600320720656927,79.911365188,0.45127838699357187
n57648m.spc,47648.0,14.785286022,0.26066174982897666,55.55087919999999,0.27138999912675926,14.26522804,0.2634325229710136,84.60139326199999,0.4593405856320559
n57649a.spc,47649.0,16.383980471999998,0.2746130543311472,60.049647199999995,0.29868270635829725,15.4217184,0.27827054670877405,91.855346072,0.4919940912777291
n57652m.spc,47652.0,15.569127748,0.25625232652981395,58.5073528,0.2632535672376973,16.665371999999998,0.25880043498893895,90.741852548,0.4493833115123204
n57652ma.spc,47652.0,14.963419980000001,0.25693105052636667,57.990950399999996,0.26484552692712326,17.025717599999997,0.25974705820253363,89.98008798,0.4512485480339614
n57653aa.spc,47653.0,16.07003216,0.2670658789573898,60.817606,0.2841785989407197,16.753176,0.27044694579434836,93.64081415999999,0.4745768750041291
n57653ab.spc,47653.0,16.3416184416,0.2622341388530852,62.6086624,0.2757054494642802,17.421343200000003,0.2653000356977285,96.3716240416,0.4638581112641407
n57654aa.spc,47654.0,15.319684679999998,0.2612884772090434,58.4006176,0.27273776895160234,15.1919736,0.2639406386257516,88.91227588,0.46078435265651985
n57654ab.spc,47654.0,15.8656192272,0.2589320840331565,60.0712292,0.26879396900394914,15.3448176,0.2614165375894463,91.2816660272,0.4556694284675064
n57655aa.spc,47655.0,15.437800382399999,0.28503799629538795,61.3334356,0.3238958148775226,18.0306576,0.2921099807766328,94.8018935824,0.5210406885230642
n57656m.spc,47656.0,16.652738288000002,0.2585761288395818,57.2723728,0.2676527463628289,16.1362704,0.2614646226057514,90.061381488,0.4548223344511534
n57657aa.spc,47657.0,16.05172719,0.2719915015351296,59.7605296,0.29511118572116785,16.3181162,0.2765735401102687,92.13037298999998,0.4874042592491518
n57657ab.spc,47657.0,16.7369309764,0.26415453466275984,60.611204,0.27982509560154895,16.7223264,0.267636391392226,94.0704613764,0.46873120261912155
n57663ma.spc,47663.0,14.945316016,0.2756039184533863,61.1741024,0.30672281336625223,17.128567154399995,0.2818376041782927,93.2479855704,0.4994685568032582
n57663mb.spc,47663.0,15.4213552104,0.29069966081624793,60.0176204,0.33626320829523526,16.998777840000002,0.298973661480986,92.4377534504,0.5356906647600214
n57663md.spc,47663.0,15.813664045600001,0.2842350251842049,62.825165999999996,0.32419071792316817,17.763336,0.29138494887554917,96.4021660456,0.520379053729309
n57664ma.spc,47664.0,15.860590245600001,0.26549637792881164,59.28091,0.28404527526903595,16.6331498,0.269745451372559,91.7746500456,0.4732152297128299
n57665ma.spc,47665.0,15.868889424,0.25856799061929997,58.97163320000001,0.26864111357534537,16.4582618,0.2616603308825791,91.298784424,0.45551243938391495
n57666ma.spc,47666.0,15.391459520000002,0.25873095767236826,58.32603639999999,0.2695932892855488,16.2154464,0.2619730066458604,89.93294232,0.4563464761526426
n57668ma.spc,47668.0,16.646836296000004,0.25701123494441713,57.1457604,0.26480299764892995,15.8985048,0.25949435726530007,89.691101496,0.45112384541724765
n57678a.spc,47678.0,16.201404496,0.2631607027256281,56.354450799999995,0.27791202774472357,15.8518992,0.26681154155872044,88.407754496,0.4665587308508664
n57711ab.spc,47711.0,13.091227616200001,0.2708621133513242,49.48058640000001,0.29422639814701607,17.734420728,0.2786084859203136,80.30623474420001,0.48739937037559
n57713m.spc,47713.0,10.785148024,0.2548226313687919,43.802292,0.2601133175492743,15.6451106,0.25801724928317177,70.232550624,0.4462806430396228
n57725ab.spc,47725.0,14.271070248000001,0.27284655111481837,52.70681280000001,0.29987270653392384,19.63410456,0.28164331026342665,86.611987608,0.49365153174620335
n57746m.spc,47746.0,13.450797008,0.26489057107618763,43.6884024,0.28420880271293497,16.4239392,0.27270581718510956,73.563138608,0.4746684326044731
n57749m.spc,47749.0,10.7254239304,0.25332653412048567,37.804732800000004,0.2577250895399235,14.395027200000001,0.2568192601745967,62.9251839304,0.44334262942388747
n57754m.spc,47754.0,11.646265675999999,0.25238520315791574,40.5306024,0.2556878157328456,16.1947248,0.25531799781155734,68.371592876,0.44075143776713693
n57757m.spc,47757.0,9.958178496,0.2671298140998208,39.952694400000006,0.29027559029202854,15.844276800000001,0.2782840850277141,65.755149696,0.4827631799134048
n57758m.spc,47758.0,10.185318992,0.26190267101593295,35.94667199999999,0.2739032655612211,16.496133599999997,0.26963353181892197,62.62812459199999,0.4651002574193293
n57759m.spc,47759.0,10.4058997888,0.25341786924739146,37.2083016,0.2572005475192804,15.0646584,0.2565441936712254,62.6788597888,0.4429307636691369
n57765m.spc,47765.0,9.174131235920001,0.2528438119555074,35.466144,0.2563338884335101,14.66560824,0.2559735997306347,59.30588347592,0.4417686491396763
n57767m.spc,47767.0,9.66061420608,0.25328591958110896,35.578024799999994,0.256907375946666,15.755546400000002,0.25655736959684317,60.99418540607999,0.44269271596481097
n57777h.spc,47777.0,10.998098624,0.2778354887025054,39.961416,0.30257631410580704,17.43972936,0.28947401935270667,68.39924398400001,0.502533772517457
n57797h.spc,47797.0,13.165286304,0.2900900986009967,48.599688,0.32478821903053073,18.7924992,0.3016578311300935,80.557473504,0.5297519227048374
n57809h.spc,47809.0,13.32569551136,0.28112268573348825,50.7610032,0.3104793820172773,18.005916,0.29053588081125403,82.09261471136,0.509743571936529
n57868a.spc,47868.0,15.600494232,0.2664089578461505,48.3766944,0.27976269143622706,15.287311200000001,0.27011488787027493,79.264499832,0.4713840779974275
n57884a.spc,47884.0,15.301980424000002,0.25724513116463527,50.7930096,0.26508828576609417,14.802211200000002,0.260052018935203,80.897201224,0.4517454031980757
n57891a.spc,47891.0,15.941531479999998,0.26367806768741003,50.8704288,0.2794968760805687,15.2849256,0.26818308451365386,82.09688587999999,0.4685795492095454
n57895h.spc,47895.0,14.645135172,0.2658813286846536,47.2048104,0.2851381281629912,15.834511128,0.27254599564743126,77.6844567,0.47568682220433733
n57899a.spc,47899.0,15.002773992,0.2804205072500483,45.9194832,0.3094606298801164,13.109757599999998,0.2870841481411887,74.032014792,0.5067729772256259
n57900a.spc,47900.0,14.6446007088,0.2572713327363591,45.9880392,0.26484481824010375,12.5429904,0.26003993012266713,73.17563030880001,0.45161054201023426
n57912h.spc,47912.0,12.253183975999999,0.2678423493957175,39.6243864,0.2908513168751127,13.3894368,0.27754018287501653,65.26700717599999,0.48307614903667356
n57915a.spc,47915.0,13.414980408,0.2618968080376208,39.8283792,0.27496357649282926,12.295283999999999,0.26697630135581696,65.538643608,0.46418881066184087
n57929a.spc,47929.0,10.696595672800001,0.2552840115841115,33.1527768,0.26161236159160367,11.735299199999998,0.2594327800592423,55.5846716728,0.44823690352009166
n57949a.spc,47949.0,9.765227744,0.25447464596904107,31.442390400000004,0.25964053081193006,12.7767528,0.2586382917152493,53.984370944000005,0.44616624325777043
n57957a.spc,47957.0,9.487036016,0.2545956416442041,25.707108,0.2587748427510403,10.229186400000001,0.25816915670894536,45.423330416000006,0.4454600694348009
n57958a.spc,47958.0,9.405299688000001,0.2536975818211534,25.655563200000003,0.257251253497886,10.562330399999999,0.25706486915099075,45.623193288,0.4434219405935507
n57971a.spc,47971.0,8.056506053600001,0.2557932180195058,23.109180000000002,0.2615868519445608,10.3425144,0.26121337565715885,41.508200453600004,0.44954452406546785
n57982a.spc,47982.0,7.967387302000001,0.2538494564367409,20.1277968,0.25683714562409543,8.7699072,0.2573626870077572,36.865091301999996,0.4434415616171024
n57990a.spc,47990.0,7.264053971759999,0.25481827660000217,20.136816,0.2583355509442028,8.6286986,0.25839923454924396,36.029568571759995,0.44546579597840646
n57994aa.spc,47994.0,8.093403056,0.256542567666589,21.42426,0.2611173328709007,9.522475,0.2609955907521627,39.040138056,0.44957207313471953
n58007a.spc,48007.0,10.628657500000001,0.25697025936849266,24.938916,0.26176710320733887,10.173415199999999,0.26067932284991685,45.7409887,0.45001048863661297
n58011h.spc,48011.0,10.2042532808,0.26292327166764073,25.486711200000002,0.2711701352165876,11.209843199999998,0.2689889169128453,46.9008076808,0.4636991766649408
n58013a.spc,48013.0,10.523462991999999,0.25839998945577686,25.7033832,0.2634979050695682,9.8565888,0.26198200189036497,46.083434991999994,0.4525884110770845
n58020aa.spc,48020.0,12.127959007999998,0.2604018815776077,28.5327432,0.26733404460755383,9.716342399999998,0.2641479440565442,50.37704460799999,0.4572206990991235
n58028aa.spc,48028.0,12.792227624,0.2556379473589819,30.326311199999996,0.2593966820468635,10.57904904,0.25837740790316477,53.697587864,0.44653811002152277
n58037a.spc,48037.0,13.430416856,0.25857776638048985,32.0058336,0.26495287890050184,11.55462,0.26225436401169916,56.990870456,0.4536957579118059
n58044a.spc,48044.0,14.329442828,0.2587242315801626,34.3156488,0.265175970314959,12.340996800000001,0.26207731677967094,60.986088427999995,0.4538072754040614
n58056h.spc,48056.0,14.146465575999999,0.2597899597865568,34.6129584,0.26726606313147655,13.1881896,0.26382859962258826,61.947613575999995,0.4566481158249919
n58061aa.spc,48061.0,14.594179710479999,0.2549658887009445,35.8236,0.259046325374211,12.3081408,0.2575160122312304,62.725920510479995,0.4454515682388145
n58068a.spc,48068.0,14.3137620992,0.2570570298340631,34.444425599999995,0.2632135067256542,11.38877544,0.260292191255953,60.1469631392,0.4506791447790235
n58077a.spc,48077.0,12.6069261984,0.2541270529262715,29.7398448,0.2575328362528709,9.6998822,0.25683499223742856,52.0466531984,0.44369802119802154
n58089h.spc,48089.0,9.677736256,0.2666054682851048,26.389257599999997,0.28058971528672394,11.219676,0.2761494844753472,47.286669855999996,0.4754656683927924
n58089m.spc,48089.0,9.278335656,0.2634440536534161,25.230326400000003,0.2754781515284927,9.7394436,0.27138769487639486,44.24810565600001,0.4679126652541287
n58090a.spc,48090.0,9.8776214784,0.25496335489676003,26.1890472,0.2589552747679367,9.8482662,0.2584192713673313,45.9149348784,0.44592002252015017
n58097a.spc,48097.0,10.173975096000001,0.2546018368056664,25.2266712,0.257933969811885,9.906179999999999,0.2576673234716734,45.306826296,0.44468469466892335
n58102h.spc,48102.0,10.540109999999999,0.25473312670635045,25.767372,0.25831707181771785,11.715124800000002,0.25837931748924486,48.022606800000005,0.4453948216361317
n58128a.spc,48128.0,15.542613792000001,0.2556187055733379,33.726971999999996,0.2596030732519105,12.526159199999999,0.2582762817753237,61.795744991999996,0.44658853098631185
n58143a.spc,48143.0,14.08556752,0.25751171914764265,29.530092000000003,0.2629148627581362,10.673820000000001,0.2609019789615771,54.28947952,0.45111678441792785
n58148a.spc,48148.0,13.42871468,0.2584556610500888,28.805404799999998,0.2641675383906569,10.907786399999999,0.2621446005267169,53.141905879999996,0.4531044125293082
n58149a.spc,48149.0,13.791610592,0.2552491066384461,28.8502176,0.25876978418583574,11.1877248,0.25808105755811833,53.829552991999996,0.4457799231881418
n58151a.spc,48151.0,12.476935296,0.2579831671227687,27.7504392,0.2634086424565572,11.011089600000002,0.2617890679594883,51.238464096,0.4521868458310109
n58160a.spc,48160.0,13.260066167999998,0.25834175277641513,27.2510304,0.2635417508039893,10.328308799999999,0.2618119708333108,50.839405368,0.4524822910524176
n58179a.spc,48179.0,13.85403836,0.2706058587803893,31.446784799999996,0.28168036680270353,11.9698582,0.27562860557046104,57.27068135999999,0.47806117606128024
n58231a.spc,48231.0,15.581923952,0.25975028048833054,37.8622272,0.26588086212830886,12.23829144,0.2623064657461878,65.682442592,0.45493683411229213
n58236a.spc,48236.0,15.168657772000001,0.26344026394566794,38.039565599999996,0.2717964984927304,12.244003200000002,0.26621916645949295,65.452226572,0.4627599311209422
n58252a.spc,48252.0,18.459795999999997,0.2652019333629074,40.9416648,0.2741427816928339,9.7861946552,0.26634976647565956,69.1876554552,0.46521879617589307
n58267a.spc,48267.0,18.998410581599998,0.2739553741058072,42.092832,0.2875451840080456,8.372057183999999,0.2740781593686706,69.4632997656,0.4825480466135905
n58275a.spc,48275.0,17.637259456000002,0.2627825791640717,42.0899376,0.27058648660179024,9.326659776,0.26393677441455254,69.05385683200001,0.46036328212834354
n58280a.spc,48280.0,17.089182092,0.263641588586675,42.227263199999996,0.2723601149708907,9.556576272000001,0.2652122037467929,68.873021564,0.4626277471960505
n58287a.spc,48287.0,18.223730104,0.2644923610971266,42.196209599999996,0.2738916719778037,9.624179576,0.2660460244459969,70.04411928,0.4644925663356192
n58294a.spc,48294.0,17.9985223696,0.2998614902943504,41.1935568,0.3267572653078955,8.955808919999999,0.30002348579183197,68.1478880896,0.5354449699266254
n58310a.spc,48310.0,17.722170512,0.2663546170518754,39.329923199999996,0.27542288115321717,8.747292416,0.2674863531945359,65.79938612800001,0.46728095898816846
n58323a.spc,48323.0,18.293871175999996,0.2718431993968641,42.848555999999995,0.2842387892952881,10.928841376000001,0.2731850883547021,72.07126855199999,0.4788742078017366
n58338a.spc,48338.0,18.081793168,0.26424332959646113,44.438738400000005,0.2736404312413734,10.567711032,0.2658368541673272,73.08824260000002,0.4640828114461573
n58344a.spc,48344.0,17.69839656,0.27857981674063326,43.4917416,0.29852307483459967,12.579122400000001,0.28219793339916294,73.76926055999999,0.4963450554994048
n58351a.spc,48351.0,18.024941696,0.2571978294653545,43.7676672,0.26284885923168544,11.491111199999999,0.2592033731910509,73.283720096,0.4499184758983645
n58352a.spc,48352.0,16.710586224,0.2611792836589487,42.880644000000004,0.27011666186372735,10.617892632000002,0.2633622781560518,70.20912285600001,0.45884345782036645
n58365a.spc,48365.0,14.250427016,0.26044810354023007,35.4599424,0.2677248919548035,9.514499,0.26303362623412846,59.22486841600001,0.4568331434339991
n58378a.spc,48378.0,13.541232016000002,0.26347349082821064,33.96586560000001,0.27179232840850237,10.87203144,0.26687730353889594,58.37912905600001,0.46315531444118224
n58386a.spc,48386.0,13.5249619936,0.2757718294946777,34.0397808,0.28996476943520705,11.148201359999998,0.27997024496217304,58.712944153600006,0.4883779351287623
n58393a.spc,48393.0,13.97048268,0.25860992905196506,34.6648032,0.2641333342597893,11.19459384,0.26133022890110513,59.829879719999994,0.45270189110380354
n58400a.spc,48400.0,14.533696936,0.26370235550467425,34.962028800000006,0.27369287024215444,11.1509184,0.26743547785985916,60.646644136000006,0.46472406257717447
n58414a.spc,48414.0,11.0931588736,0.2589640280842974,29.4890088,0.26483845041703447,9.192801,0.26199585512847184,49.7749686736,0.4536999016590592
n58421a.spc,48421.0,8.975577895999999,0.26030329511566,27.729959999999995,0.26614679616619397,7.97394928,0.2633376802020584,44.679487175999995,0.4560029126790766
n58431a.spc,48431.0,10.501357480000001,0.26806983163809533,30.534816000000003,0.27785983797844555,9.266702575999998,0.2717254794821097,50.302876056,0.47212525922223986
n58455a.spc,48455.0,12.981515590399999,0.2599831374712137,36.1987896,0.2680703636242992,10.732060599999999,0.2633232856640704,59.912365790399996,0.45693774674014576
n58456a.spc,48456.0,13.07439132,0.2601571797744925,35.5510152,0.2685695961568129,10.702776239999999,0.2635881699557854,59.32818276,0.45748235977870355
n58460a.spc,48460.0,11.959247688,0.259239886715371,33.1896336,0.2671808392399305,9.286114472,0.2627931826003407,54.43499576,0.4556875865572465
n58474m.spc,48474.0,8.655684264,0.26223308178869575,26.320207200000002,0.2724343808207004,9.77394984,0.26807341245943805,44.749841304,0.46351918569267786
n58477m.spc,48477.0,8.006142232,0.2538675660404629,25.1704848,0.2567444208579606,9.7077768,0.25671968229259245,42.884403832,0.4430253198242827
n58512a.spc,48512.0,10.684293472,0.2627273823714308,31.8002136,0.27124867936860597,10.37904264,0.2664550819034713,52.863549712,0.4621686209373614
n58513a.spc,48513.0,10.378884536,0.26068935460414033,31.4268816,0.26765733460978197,9.951443976,0.2639043271070726,51.757210112,0.45743292649324313
n58514a.spc,48514.0,10.238057235440001,0.2782381869409589,29.8987824,0.29454511431257524,9.116159360000001,0.28366071553467676,49.25299899544001,0.49460763699648314
n58516a.spc,48516.0,11.033461776000001,0.2724834675812476,31.492092,0.2860562272170253,9.207697864,0.2767253389439514,51.733251640000006,0.482340459062252
n58531h.spc,48531.0,10.300124752,0.2604582895905139,34.1913456,0.269513392168793,14.494490399999998,0.26574818932353234,58.985960752,0.45945412099956356
n58636a.spc,48636.0,11.298150952,0.2898632787051661,36.077889600000006,0.317631166289194,16.392364800000003,0.30318481086266574,63.76840535200001,0.526147610160659
n58644a.spc,48644.0,12.4019602608,0.28615129226935876,37.208639999999995,0.3116463797848324,16.6233986,0.29734949741365563,66.2339988608,0.51712933750907
n58651a.spc,48651.0,11.82090732,0.28924153566487093,36.801504,0.31746230273417725,15.623150328000001,0.3011770166130583,64.245561648,0.524547972016861
n58670a.spc,48670.0,11.538263312,0.27789057744567014,34.369802400000005,0.2999289475274142,13.68647724,0.2871068299484023,59.594542952000005,0.49961072686743946
n58676a.spc,48676.0,11.64689652,0.26186317936346526,36.4267176,0.2742878617835503,15.8235144,0.26884088393860334,63.89712852,0.46484575582124443
n58691a.spc,48691.0,9.589063096,0.25591924594892346,30.1321512,0.26227208575254823,13.389809,0.260659129855434,53.111023296,0.4496937729044617
n58699a.spc,48699.0,8.198404504,0.2602522538306556,26.368250399999997,0.2709467625592364,12.772195,0.2688331424767653,47.338849904,0.4619682264606517
n58713a.spc,48713.0,5.952266448000001,0.25955270919291595,19.271164800000005,0.2693862277298912,10.0742276,0.2698252098431249,35.297658848000005,0.4612398426055685
n58720a.spc,48720.0,3.9977833120000006,0.2563585518955137,14.4932304,0.2624016540635428,8.4982838,0.2644579150272073,26.989297512,0.45223038819365685
n58726a.spc,48726.0,3.6159072640000005,0.2580770155908038,13.330864799999999,0.2652803070094967,8.78286384,0.2683328226131481,25.729635904,0.4571431843031765
n58733a.spc,48733.0,3.05763536,0.2589297333776868,11.978215599999999,0.26649421139270096,8.01129096,0.26941647065930324,23.047141919999998,0.4589651470377384
n58733h.spc,48733.0,3.237624504,0.2565110553980736,12.751723440000001,0.26237151243521545,8.973915360000001,0.26541495648504515,24.963263304,0.45285961533894187
n58742a.spc,48742.0,3.7226680400000003,0.2585984757885847,11.3869696,0.2654690060228832,7.96183152,0.26906053495472876,23.07146916,0.4579743839005427
n58742w.spc,48742.0,2.4281089664000004,0.25331634456636865,12.60060664,0.25625814709721134,10.106377000000002,0.2585802805688384,25.1350926064,0.44351005611735844
n58744wa.spc,48744.0,3.51324088,0.2543208526695615,11.87788936,0.2574797754851655,10.396797,0.2601777527502365,25.78792724,0.44572120648744906
n58745wa.spc,48745.0,2.8045768888,0.25308987796210575,12.392601599999999,0.25562936126470603,10.9905712,0.25790636382557136,26.187749688799997,0.44262461428303235
n58746wa.spc,48746.0,2.869624848,0.25313090337441774,11.937814,0.25577306699006447,9.5385904,0.2580164198490693,24.346029248,0.44279519978471316
n58750a.spc,48750.0,3.1239206520000002,0.25475894271901195,11.971515599999998,0.25830103832733464,8.852011599999999,0.2603865907604061,23.947447851999996,0.4465677126081947
n58765h.spc,48765.0,4.401567416000001,0.2548756161704356,14.069359200000001,0.258744196799146,9.8466888,0.26063573549494706,28.317615416000002,0.44703593335713676
n58777wa.spc,48777.0,4.706460032,0.2529871151221927,15.3260496,0.2553854742504953,10.817469,0.25703941043170486,30.849978632,0.44192021835516687
n58778w.spc,48778.0,4.2069773999999995,0.2545642343055128,15.325550400000001,0.2580763776339586,9.969101040000002,0.25967612272059204,29.501628840000002,0.4459126089172828
n58780a.spc,48780.0,4.843248288000001,0.254694675154289,16.0638576,0.25795392429386454,9.807249599999999,0.2590144971226993,30.714355488,0.44553127200038206
n58783ha.spc,48783.0,4.720097232,0.254892358585916,16.777236,0.25829093718277923,10.3968744,0.259467914498452,31.894207631999997,0.4461030389387923
n58789a.spc,48789.0,5.613298328,0.26203017478858726,21.281361600000004,0.27189818974215774,12.9635976,0.2718395018909386,39.858257528,0.46527965018160167
n58796a.spc,48796.0,7.120506424,0.26324919468720587,19.635659999999998,0.273906383725091,11.82451192,0.2744705967940697,38.580678344,0.46867787877529704
n58804a.spc,48804.0,5.5722638208,0.2543089710264992,17.524535999999998,0.2579898547432282,9.360967200000001,0.2588018663313354,32.4577670208,0.44520806811149677
n58804w.spc,48804.0,5.995632727200001,0.2538022803601386,19.3004616,0.2573876164307273,11.625708000000001,0.2584322346388979,36.9218023272,0.44435481600670423
n58810ha.spc,48810.0,4.934975156,0.2527136339724693,16.5430536,0.2550529276920412,9.182748,0.25630854547124876,30.660776756,0.44114651443872926
n58817a.spc,48817.0,5.846523224,0.2617291250481872,15.0416952,0.27047976396298484,9.443264840000001,0.2728593486105367,30.331483264000003,0.46488026602140037
n58825a.spc,48825.0,5.027549704,0.25494532247736573,15.400567199999998,0.2587236614015131,8.318896639999998,0.2597351497745902,28.747013543999998,0.44653935823230817
n58830wa.spc,48830.0,4.5105760872,0.2536690867282082,16.294308,0.2567555814707022,9.0731904,0.2577791819402273,29.878074487200003,0.4435330211152879
n58831a.spc,48831.0,4.2042089439999994,0.2542256881659979,14.9588208,0.25732223828132694,9.075201839999998,0.2585556378631292,28.238231583999998,0.4446306924947903
n58831w.spc,48831.0,4.4608208476,0.25441001700248833,17.265645600000003,0.2583843217701136,10.650167999999999,0.25955695616534263,32.376634447600004,0.4459335465981738
n58833wa.spc,48833.0,5.259313648,0.2535534478871766,18.6098664,0.25667362325722837,10.8740256,0.257607058434539,34.743205648,0.4433194067111937
n58834wa.spc,48834.0,4.900194871999999,0.25337397689830105,18.3674472,0.25632933524910484,10.869739200000001,0.25737138637435203,34.137381272,0.44288049268709584
n58835w.spc,48835.0,5.192430808,0.2527714784535059,19.310565599999997,0.25545568836046384,11.3772936,0.25645644995298833,35.880290007999996,0.44149851614448177
n58836wa.spc,48836.0,5.5233472,0.2550828959653203,19.1184312,0.25962844368889937,10.37024664,0.26029623223541903,35.01202504,0.4474688157875693
n58837h.spc,48837.0,5.0441211464,0.25458071637766755,16.996104,0.25812120217393686,9.540734399999998,0.25919881889264235,31.580959546399995,0.4456701963093624
n58837w.spc,48837.0,4.836552192,0.253007849795516,18.1141032,0.25576612984186314,10.870483199999999,0.2570560035456118,33.821138592,0.44216181901118146
n58839a.spc,48839.0,5.4272258,0.25625287557485865,16.8668016,0.2606946392742835,9.1130768,0.2614685982042448,31.4071042,0.44943637929480695
n58848a.spc,48848.0,5.653277496,0.26065265518845876,20.161668000000002,0.2683486876416965,9.911676,0.26743619373978234,35.72662149600001,0.45986187332484607
n58858h.spc,48858.0,6.360511022,0.2535247298560233,23.4873696,0.2565340794661762,10.727059200000001,0.25674905462741315,40.574939822000005,0.4427240671436311
n58858w.spc,48858.0,8.1700410616,0.25588857137809023,26.607115200000003,0.26096105953161974,12.582554400000001,0.26015606483082876,47.3597106616,0.4486210133531954
n58861w.spc,48861.0,8.39392928,0.25607050587352537,28.0975152,0.2619633225454159,14.567356799999999,0.2612868073196257,51.05880128,0.4499640896967668
n58862a.spc,48862.0,7.1099216792,0.2622976400279225,24.6621408,0.2721516599688284,12.3432578,0.2701665032933224,44.1153202792,0.4646036132982041
n58862w.spc,48862.0,6.9905888560000005,0.2551867677047351,26.5805568,0.26038545696886223,13.540622399999998,0.2601310075681467,47.111768055999995,0.4478716487018271
n58867h.spc,48867.0,8.093149456,0.26387922036163136,24.6194328,0.2750290470761516,11.756771999999998,0.27235458570813453,44.469354255999995,0.4684551633086437
n58869a.spc,48869.0,7.532749794399999,0.27122349748474817,23.574919199999997,0.28675241488925457,11.300933,0.2828461354747008,42.408601994399994,0.48558322601347254
n58876a.spc,48876.0,8.5317983008,0.2644643501739711,26.432584800000004,0.27555617923979714,11.8092984,0.2719856045714537,46.77368150080001,0.46888033603924484
n58883a.spc,48883.0,8.2109698496,0.273696668717282,25.992571199999997,0.290765203853523,11.8388254,0.28480681987253603,46.042366449599996,0.4904785366199275
n58886h.spc,48886.0,7.8971990802,0.26167489768194735,25.211368800000002,0.2702414773792654,12.0784512,0.26805708982276444,45.1870190802,0.4619077955363335
n58889a.spc,48889.0,8.515848071999999,0.2717533767931916,26.713747199999997,0.28761780477411064,11.6649408,0.28177784569492614,46.894536071999994,0.485770165557802
n58898a.spc,48898.0,9.377500144,0.2619194400832378,28.128384,0.27246334107474496,13.2682442,0.26932686610433204,50.774128344,0.46408514965328335
n58898h.spc,48898.0,8.412875353999999,0.2667771887711301,26.9493408,0.28195259911774956,12.14694,0.2771326706185786,47.509156154,0.4769379977754626
n58954a.spc,48954.0,10.243444528,0.28921418169643065,34.164273599999994,0.31545236814120514,14.772045599999998,0.30150429183390676,59.17976372799999,0.5235072850061363
n58967a.spc,48967.0,11.459129512,0.28052439039699056,35.4134928,0.29884722254826596,13.928664,0.2875729073805611,60.801286312,0.5007012812962682
n58973a.spc,48973.0,13.269247688,0.30360113217464785,36.44401920000001,0.3307306577614213,16.54602504,0.3142900961243851,66.25929192800001,0.5480279919519674
n58981a.spc,48981.0,11.992857399999998,0.27964035957688227,39.5956848,0.29868844171533654,15.0993216,0.286236118089172,66.6878638,0.4993442011452445
n58992a.spc,48992.0,12.7429666,0.28419139905858093,41.4685248,0.30474365134483505,14.9004864,0.2899816555136852,69.1119778,0.5076640669461584
n59000a.spc,49000.0,13.515866879999999,0.29270700456230975,44.02640399999999,0.3247539906079505,15.758548800000002,0.30225733607336913,73.30081967999999,0.5315092117224296
n59008a.spc,49008.0,13.673851656,0.2632474462184779,42.5644776,0.27381267737652765,14.8777872,0.2674910791589731,71.116116456,0.46456870069160366
n59010wa.spc,49010.0,14.987937167999998,0.27817594329660067,46.5101352,0.3004969763433156,16.3163402,0.28456476904556965,77.814412568,0.49865558856026787
n59013a.spc,49013.0,14.571709352,0.2634413208247605,42.974676,0.2741496576080619,14.5694184,0.2673574980575574,72.115803752,0.4648003830163103
n59014wa.spc,49014.0,15.295325652,0.2759968137500605,46.67734320000001,0.2981798516870032,16.437196800000002,0.282763698621978,78.40986565200001,0.4950159334916903
n59017ha.spc,49017.0,13.94876904,0.27974381511047425,41.7428928,0.30226203241841143,14.999421599999998,0.2872985817201554,70.69108344,0.5021547703573916
n59020a.spc,49020.0,13.353396095999999,0.29740285867089306,40.78689120000001,0.32917979012023685,13.81482,0.3056791315645031,67.95510729600001,0.5387462538554223
n59029a.spc,49029.0,13.13426452,0.2811864584462346,40.765648799999994,0.30347005218542933,13.6770288,0.28772435674415886,67.57694212,0.5039297594415348
n59032h.spc,49032.0,13.820819016,0.2862140792679829,40.795296,0.3125847707115931,14.66281908,0.2944256949616076,69.278934096,0.5160564193047733
n59034wa.spc,49034.0,13.977326816,0.2814098885303926,43.46208480000001,0.30496101352932314,16.1220672,0.2894085934435313,73.561478816,0.5059150907953658
n59048a.spc,49048.0,11.801080559999999,0.2818487771509821,38.101392000000004,0.3042092987575705,13.672686959999998,0.28976802247067635,63.57515952000001,0.5059125788895183
n59056a.spc,49056.0,13.035909519999999,0.28694352744922613,39.099580800000005,0.31141442473707476,14.434459200000001,0.29433245659285895,66.56994952000001,0.5157006174936338
n59062a.spc,49062.0,13.72667242,0.27438376524583813,42.5131104,0.2942124642571134,15.9495744,0.28148784994753007,72.18935722,0.4910018680441141
n59064a.spc,49064.0,12.540011964,0.27824276588790875,42.2944752,0.30315482548172906,15.7123032,0.2870202166013537,70.546790364,0.5016996010758821
n59070wa.spc,49070.0,13.8951490288,0.2724089606608299,44.874036000000004,0.29445419062106076,16.8229872,0.2807360770878043,75.5921722288,0.4896148049245112
n59074w.spc,49074.0,12.866572616000001,0.2681085736355747,42.641757600000005,0.28627272467232223,18.698241528,0.2767934757763138,74.206571744,0.480050943526362
n59077w.spc,49077.0,14.280793192,0.2718980703572337,43.980739199999995,0.2936621470011496,16.989352800000002,0.2806790438500687,75.250885192,0.48882179053505864
n59078m.spc,49078.0,12.090505263999999,0.2623244428378751,40.6232784,0.27627336843693057,16.910966400000003,0.26939820632895983,69.624750064,0.4666009869159627
n59078w.spc,49078.0,13.7641229592,0.26728425327225847,44.1112416,0.286053827383242,17.4315192,0.2755521965330155,75.3068837592,0.47874489785488056
n59079a.spc,49079.0,12.3120522584,0.27931727174306714,40.0310352,0.3069272566751881,14.9339712,0.2901589200977423,67.2770586584,0.5063740495882814
n59080m.spc,49080.0,12.170041976,0.25945531825434603,40.195536,0.2702300289807748,17.143051200000002,0.2657037141721162,69.508629176,0.45928182465483214
n59083m.spc,49083.0,11.73033888,0.2561893232311698,39.3559776,0.26351926770805356,16.9629912,0.2610312919221265,68.04930768,0.45079120350065394
n59085a.spc,49085.0,12.431523048,0.2607705025922863,39.022128,0.2723590599666903,15.225475200000002,0.2667670802193464,66.679126248,0.4618932643554439
n59088wa.spc,49088.0,12.755208968,0.27412266551356607,40.3173912,0.2995517706163634,15.772967999999999,0.285495527660539,68.845568168,0.49636901126261945
n59089w.spc,49089.0,12.304759208,0.2697087108593892,39.8464752,0.29167609749785395,15.991975199999999,0.28034384146917873,68.143209608,0.48622053022749584
n59090a.spc,49090.0,11.327905992,0.26536796659914774,35.5040352,0.27969954665824115,13.5425928,0.2723315783216041,60.374533991999996,0.4720344083315622
n59090h.spc,49090.0,11.709150344000001,0.26528470144632466,36.838730399999996,0.2812669913600755,15.026484,0.27350653020598686,63.57436474399999,0.47359572983245196
n59091h.spc,49091.0,11.494376464000002,0.26749910791593456,36.4851288,0.28603057052014,14.580612,0.276762736876284,62.560117264,0.47954861331375864
n59092h.spc,49092.0,11.6064471752,0.26294872963019084,35.52911759999999,0.2763032225076443,14.744839200000001,0.2702930769119357,61.8804039752,0.46748674056999906
n59099a.spc,49099.0,11.231369544,0.2670320098302524,33.620853600000004,0.28063414556480754,12.4909056,0.2735065747265612,57.343128744000005,0.4742019236037846
n59107a.spc,49107.0,9.877734344,0.2724711023004326,35.028072,0.29006482222074426,13.385863032000001,0.2801179352215891,58.291669376,0.48666637474924357
n59107h.spc,49107.0,10.326848832,0.2823304585885979,36.3757416,0.3092237812544074,14.974010400000001,0.29522319899330407,61.67660083199999,0.512334433709039
n59114a.spc,49114.0,10.50787768,0.27354774605336013,38.81182799999999,0.2943991699664821,15.864285599999999,0.28279133903499093,65.18399127999999,0.49139615594856906
n59128a.spc,49128.0,11.689518824,0.2722606946728521,40.524432,0.2910830812860301,14.7507312,0.27943969147043946,66.964682024,0.48676666611818026
n59135a.spc,49135.0,12.330392492000001,0.2716629413234569,41.1113784,0.2923373421169126,16.0363776,0.2801993686084192,69.478148492,0.4876203045947221
n59141wa.spc,49141.0,14.356573679999999,0.26874267848492395,40.8890688,0.28515515670512853,16.3788432,0.2757815239386888,71.62448567999999,0.4791571136701648
n59142a.spc,49142.0,11.69310888,0.2822746521929817,38.238736800000005,0.30832894295028224,13.7817368,0.2918383396904745,63.71358248000001,0.5098189216229622
n59149a.spc,49149.0,11.6673370904,0.271533188493205,40.338940799999996,0.293022713258767,15.8726352,0.28078668711518356,67.8789130904,0.48829678127132475
n59156a.spc,49156.0,12.737930696,0.26779958563620815,37.971595199999996,0.2841952699287502,14.732008560000002,0.2748982692039395,65.441534456,0.47754856080625097
n59156wa.spc,49156.0,12.147332352,0.26415792796759746,37.85909039999999,0.2787645390755029,15.7830192,0.2716491779046909,65.78944195199999,0.470406584786402
n59157wa.spc,49157.0,12.241796120000002,0.2634992095616167,37.7450376,0.2781029582036581,14.97086404,0.2706274535667895,64.95769776,0.4690546955582763
n59158wa.spc,49158.0,10.9173027936,0.2576777871265927,36.0013296,0.26568065897912857,14.743039199999998,0.2625120199387814,61.6616715936,0.45375832239902864
n59159wa.spc,49159.0,11.341297824,0.25876532675981456,36.172298399999995,0.26839398107336465,15.0505248,0.26448211297856494,62.564121023999995,0.45710568963329434
n59163a.spc,49163.0,10.62126748,0.26321881563130856,34.557895200000004,0.27497074260533244,13.7842368,0.26944151140387257,58.96339948000001,0.4663601422279567
n59166h.spc,49166.0,10.619970031999998,0.2680901072319917,34.9992552,0.28437200937863344,15.184480800000001,0.276643820082034,60.803706032,0.47882308685284086
n59169a.spc,49169.0,10.057724552,0.2577562708628568,34.945656,0.2648066837370507,14.4604178,0.2620726449570134,59.463798352,0.45303746661364064
n59176a.spc,49176.0,10.414819686000001,0.2621627425282609,36.227433600000005,0.2725386912095851,15.2796552,0.2676782119219657,61.92190848600001,0.4633122779658592
n59182h.spc,49182.0,10.695643404,0.2590005883888421,37.9573416,0.26724405114127425,16.6096824,0.2640783880459013,65.262667404,0.4563311108056167
n59183a.spc,49183.0,11.477196968,0.26864108509075674,37.4567376,0.28400774296826203,15.844300800000001,0.2761835883306146,64.778235368,0.47864998185296115
n59190a.spc,49190.0,12.297800472,0.2748499826866664,38.525232,0.29365166440230916,15.305964,0.28211900611506774,66.128996472,0.49128906623337426
n59196h.spc,49196.0,12.087374524368,0.268618755172492,40.076793599999995,0.284613419690302,16.945992,0.27598113484928205,69.110160124368,0.4788803828629074
n59197a.spc,49197.0,12.123157448,0.2709554654344747,39.1300512,0.28751826199628294,15.1957776,0.277779794615139,66.448986248,0.48295468682538406
n59205a.spc,49205.0,12.891784800000002,0.26442222851711694,38.9544144,0.2761581438722675,15.9984936,0.26996872514771336,67.8446928,0.46804438669726184
n59211a.spc,49211.0,12.327278048,0.2742170855455947,37.6436952,0.29186828149449057,14.841081600000003,0.2812560235494487,64.812054848,0.4893741457520158
n59212h.spc,49212.0,13.13133156,0.2864650836220791,38.500092,0.31317011578044796,15.927662399999999,0.29728082847072934,67.55908596,0.5181830338102428
n59240a.spc,49240.0,12.819060768,0.2715173362524139,33.671088000000005,0.286946401219963,13.961219999999999,0.2788316840136271,60.451368768,0.4835359439261673
n59240h.spc,49240.0,12.895741439999998,0.2797133134156785,34.5050736,0.3023171683876283,15.2429064,0.29128288715624884,62.64372144,0.5044610275868406
n59242h.spc,49242.0,12.74313936,0.27702648546461545,34.658779200000005,0.29717209505396835,14.958434399999998,0.28710410313557,62.36035296,0.49747732990049065
n59243h.spc,49243.0,12.698306504,0.28078567581957026,34.12848,0.3038617420094922,14.5013808,0.2922738098135459,61.328167304000004,0.506553584436455
n59255h.spc,49255.0,12.5714692,0.28153354050986396,33.314006400000004,0.30259508401845264,14.802156,0.2921642674401372,60.6876316,0.5061470917361727
