amplitude,true_delay,seed,recovered_lag,peak_mi,response_width_days,process_timescale_days,noise_scale,null_role
0.0,0,300000,38,0.11500283158833334,5.0,50.0,0.5,calibration
0.0,0,300001,51,0.1116704798934525,5.0,50.0,0.5,calibration
0.0,0,300002,36,0.09416282123914729,5.0,50.0,0.5,calibration
0.0,0,300003,45,0.13372542014066666,5.0,50.0,0.5,calibration
0.0,0,300004,12,0.12237269379517665,5.0,50.0,0.5,calibration
0.0,0,300005,58,0.11221427986167909,5.0,50.0,0.5,calibration
0.0,0,300006,60,0.08874754885334607,5.0,50.0,0.5,calibration
0.0,0,300007,45,0.06777687125475641,5.0,50.0,0.5,calibration
0.0,0,300008,20,0.15153388726092354,5.0,50.0,0.5,calibration
0.0,0,300009,27,0.05938923825672316,5.0,50.0,0.5,calibration
0.0,0,300010,21,0.10809479771261003,5.0,50.0,0.5,calibration
0.0,0,300011,53,0.1162486399500431,5.0,50.0,0.5,calibration
0.0,0,300012,60,0.10456276639092738,5.0,50.0,0.5,calibration
0.0,0,300013,60,0.12579795319327258,5.0,50.0,0.5,calibration
0.0,0,300014,21,0.14856946935163645,5.0,50.0,0.5,calibration
0.0,0,300015,52,0.1962532547374263,5.0,50.0,0.5,calibration
0.0,0,300016,34,0.14340610265572726,5.0,50.0,0.5,calibration
0.0,0,300017,14,0.10753249930289588,5.0,50.0,0.5,calibration
0.0,0,300018,55,0.07540705266225257,5.0,50.0,0.5,calibration
0.0,0,300019,54,0.10250951247947854,5.0,50.0,0.5,calibration
0.0,0,300020,45,0.054829729161587196,5.0,50.0,0.5,calibration
0.0,0,300021,31,0.16474719448410835,5.0,50.0,0.5,calibration
0.0,0,300022,3,0.11115275974635648,5.0,50.0,0.5,calibration
0.0,0,300023,56,0.10732701325588388,5.0,50.0,0.5,calibration
0.0,0,300024,17,0.04333336497728854,5.0,50.0,0.5,calibration
0.0,0,300025,54,0.07860586125889388,5.0,50.0,0.5,evaluation
0.0,0,300026,60,0.18890543483467356,5.0,50.0,0.5,evaluation
0.0,0,300027,56,0.1850900084426831,5.0,50.0,0.5,evaluation
0.0,0,300028,37,0.045188321785456356,5.0,50.0,0.5,evaluation
0.0,0,300029,25,0.0903975463672512,5.0,50.0,0.5,evaluation
0.0,0,300030,5,0.14914760414761416,5.0,50.0,0.5,evaluation
0.0,0,300031,38,0.2026107779033432,5.0,50.0,0.5,evaluation
0.0,0,300032,60,0.18157015437199586,5.0,50.0,0.5,evaluation
0.0,0,300033,27,0.04726634520831407,5.0,50.0,0.5,evaluation
0.0,0,300034,26,0.13544157110025548,5.0,50.0,0.5,evaluation
0.0,0,300035,60,0.08844217558731171,5.0,50.0,0.5,evaluation
0.0,0,300036,0,0.07890288077335758,5.0,50.0,0.5,evaluation
0.0,0,300037,40,0.06573691377771598,5.0,50.0,0.5,evaluation
0.0,0,300038,59,0.1284618723470794,5.0,50.0,0.5,evaluation
0.0,0,300039,27,0.050497459299914504,5.0,50.0,0.5,evaluation
0.0,0,300040,27,0.15597484831644615,5.0,50.0,0.5,evaluation
0.0,0,300041,36,0.09910562144676849,5.0,50.0,0.5,evaluation
0.0,0,300042,38,0.32768930280807484,5.0,50.0,0.5,evaluation
0.0,0,300043,18,0.10824433293794297,5.0,50.0,0.5,evaluation
0.0,0,300044,0,0.06462612300134553,5.0,50.0,0.5,evaluation
0.0,0,300045,46,0.07047184468319281,5.0,50.0,0.5,evaluation
0.0,0,300046,22,0.09957754475731581,5.0,50.0,0.5,evaluation
0.0,0,300047,3,0.10953433886412395,5.0,50.0,0.5,evaluation
0.0,0,300048,60,0.10681744599971717,5.0,50.0,0.5,evaluation
0.0,0,300049,51,0.12703528431813776,5.0,50.0,0.5,evaluation
0.2,10,300050,45,0.10960820774306726,5.0,50.0,0.5,injected
0.2,10,300051,11,0.18961532853041985,5.0,50.0,0.5,injected
0.2,10,300052,0,0.15635596248520262,5.0,50.0,0.5,injected
0.2,10,300053,47,0.14815543509345738,5.0,50.0,0.5,injected
0.2,10,300054,16,0.09164227280025287,5.0,50.0,0.5,injected
0.2,10,300055,36,0.20457167999637288,5.0,50.0,0.5,injected
0.2,10,300056,43,0.1253492101717474,5.0,50.0,0.5,injected
0.2,10,300057,18,0.09762063301346839,5.0,50.0,0.5,injected
0.2,10,300058,54,0.08808011034106511,5.0,50.0,0.5,injected
0.2,10,300059,60,0.128744754223018,5.0,50.0,0.5,injected
0.2,10,300060,49,0.08251311070315591,5.0,50.0,0.5,injected
0.2,10,300061,60,0.15480579440907763,5.0,50.0,0.5,injected
0.2,10,300062,42,0.05521359013951012,5.0,50.0,0.5,injected
0.2,10,300063,60,0.13718312448281195,5.0,50.0,0.5,injected
0.2,10,300064,56,0.03547532877407601,5.0,50.0,0.5,injected
0.2,10,300065,60,0.0811807494078306,5.0,50.0,0.5,injected
0.2,10,300066,55,0.10332892765636123,5.0,50.0,0.5,injected
0.2,10,300067,14,0.14763047270683638,5.0,50.0,0.5,injected
0.2,10,300068,11,0.08532408361758567,5.0,50.0,0.5,injected
0.2,10,300069,52,0.1297780754703437,5.0,50.0,0.5,injected
0.2,10,300070,38,0.12567479230348602,5.0,50.0,0.5,injected
0.2,10,300071,45,0.1264394220948762,5.0,50.0,0.5,injected
0.2,10,300072,17,0.3501224044926774,5.0,50.0,0.5,injected
0.2,10,300073,5,0.08699063278126845,5.0,50.0,0.5,injected
0.2,10,300074,58,0.22115649235933427,5.0,50.0,0.5,injected
0.2,20,300075,22,0.21077735665303324,5.0,50.0,0.5,injected
0.2,20,300076,56,0.0905429665092044,5.0,50.0,0.5,injected
0.2,20,300077,20,0.15934784676162067,5.0,50.0,0.5,injected
0.2,20,300078,40,0.14857510258589163,5.0,50.0,0.5,injected
0.2,20,300079,31,0.18652983732099837,5.0,50.0,0.5,injected
0.2,20,300080,14,0.14909813354912588,5.0,50.0,0.5,injected
0.2,20,300081,6,0.15972295530643588,5.0,50.0,0.5,injected
0.2,20,300082,8,0.09100051255143488,5.0,50.0,0.5,injected
0.2,20,300083,59,0.22468817867717483,5.0,50.0,0.5,injected
0.2,20,300084,22,0.09926414415372442,5.0,50.0,0.5,injected
0.2,20,300085,24,0.1514607515584785,5.0,50.0,0.5,injected
0.2,20,300086,23,0.08250012045171197,5.0,50.0,0.5,injected
0.2,20,300087,59,0.1397962867041821,5.0,50.0,0.5,injected
0.2,20,300088,59,0.09604626056311838,5.0,50.0,0.5,injected
0.2,20,300089,23,0.18047288488802388,5.0,50.0,0.5,injected
0.2,20,300090,60,0.15277053280871317,5.0,50.0,0.5,injected
0.2,20,300091,44,0.0676168488772772,5.0,50.0,0.5,injected
0.2,20,300092,26,0.11372713589289736,5.0,50.0,0.5,injected
0.2,20,300093,46,0.08601955712874675,5.0,50.0,0.5,injected
0.2,20,300094,54,0.1088006827674374,5.0,50.0,0.5,injected
0.2,20,300095,28,0.133282760762025,5.0,50.0,0.5,injected
0.2,20,300096,13,0.10139476168750847,5.0,50.0,0.5,injected
0.2,20,300097,60,0.1682641542933721,5.0,50.0,0.5,injected
0.2,20,300098,49,0.1113171946215237,5.0,50.0,0.5,injected
0.2,20,300099,42,0.07171769332559025,5.0,50.0,0.5,injected
0.2,30,300100,8,0.19514359849886537,5.0,50.0,0.5,injected
0.2,30,300101,0,0.10748274004836268,5.0,50.0,0.5,injected
0.2,30,300102,26,0.09367172272264904,5.0,50.0,0.5,injected
0.2,30,300103,17,0.09823292038192324,5.0,50.0,0.5,injected
0.2,30,300104,45,0.3323093645704596,5.0,50.0,0.5,injected
0.2,30,300105,60,0.13486091141531797,5.0,50.0,0.5,injected
0.2,30,300106,32,0.14036296704352863,5.0,50.0,0.5,injected
0.2,30,300107,30,0.14268919854067755,5.0,50.0,0.5,injected
0.2,30,300108,60,0.0653308184493097,5.0,50.0,0.5,injected
0.2,30,300109,17,0.14144971353509522,5.0,50.0,0.5,injected
0.2,30,300110,2,0.07839818538498111,5.0,50.0,0.5,injected
0.2,30,300111,60,0.08373302523164239,5.0,50.0,0.5,injected
0.2,30,300112,46,0.06454983761267559,5.0,50.0,0.5,injected
0.2,30,300113,31,0.20909179634120775,5.0,50.0,0.5,injected
0.2,30,300114,31,0.11510828076446267,5.0,50.0,0.5,injected
0.2,30,300115,15,0.16529151541603615,5.0,50.0,0.5,injected
0.2,30,300116,58,0.12963028532583526,5.0,50.0,0.5,injected
0.2,30,300117,21,0.12802270403776028,5.0,50.0,0.5,injected
0.2,30,300118,0,0.06102714339091504,5.0,50.0,0.5,injected
0.2,30,300119,48,0.111785054295784,5.0,50.0,0.5,injected
0.2,30,300120,39,0.043295142280906654,5.0,50.0,0.5,injected
0.2,30,300121,28,0.18068596000904463,5.0,50.0,0.5,injected
0.2,30,300122,0,0.05722548759062934,5.0,50.0,0.5,injected
0.2,30,300123,51,0.16714209242831107,5.0,50.0,0.5,injected
0.2,30,300124,27,0.1692564913705848,5.0,50.0,0.5,injected
0.4,10,300125,8,0.228520513729731,5.0,50.0,0.5,injected
0.4,10,300126,15,0.11168091666673614,5.0,50.0,0.5,injected
0.4,10,300127,1,0.22123061214147757,5.0,50.0,0.5,injected
0.4,10,300128,10,0.28010092830414557,5.0,50.0,0.5,injected
0.4,10,300129,56,0.13819105073807308,5.0,50.0,0.5,injected
0.4,10,300130,60,0.11644732163032033,5.0,50.0,0.5,injected
0.4,10,300131,0,0.3194445768707377,5.0,50.0,0.5,injected
0.4,10,300132,10,0.20168965075410408,5.0,50.0,0.5,injected
0.4,10,300133,10,0.28663128772423385,5.0,50.0,0.5,injected
0.4,10,300134,9,0.1917086122652908,5.0,50.0,0.5,injected
0.4,10,300135,9,0.18714808157690627,5.0,50.0,0.5,injected
0.4,10,300136,11,0.15718034724260246,5.0,50.0,0.5,injected
0.4,10,300137,14,0.1936801993877557,5.0,50.0,0.5,injected
0.4,10,300138,25,0.12165376853923303,5.0,50.0,0.5,injected
0.4,10,300139,10,0.21790626918746608,5.0,50.0,0.5,injected
0.4,10,300140,52,0.08753858859324705,5.0,50.0,0.5,injected
0.4,10,300141,5,0.2601237670165518,5.0,50.0,0.5,injected
0.4,10,300142,14,0.1989505929179496,5.0,50.0,0.5,injected
0.4,10,300143,56,0.06785159462363297,5.0,50.0,0.5,injected
0.4,10,300144,2,0.20917287520128575,5.0,50.0,0.5,injected
0.4,10,300145,11,0.26390385691555246,5.0,50.0,0.5,injected
0.4,10,300146,14,0.5946584113667801,5.0,50.0,0.5,injected
0.4,10,300147,10,0.47702818346225284,5.0,50.0,0.5,injected
0.4,10,300148,13,0.1780896292911821,5.0,50.0,0.5,injected
0.4,10,300149,9,0.30745199447897353,5.0,50.0,0.5,injected
0.4,20,300150,22,0.1346854301000076,5.0,50.0,0.5,injected
0.4,20,300151,19,0.3046177198222,5.0,50.0,0.5,injected
0.4,20,300152,23,0.3694152428972155,5.0,50.0,0.5,injected
0.4,20,300153,18,0.3143801118903131,5.0,50.0,0.5,injected
0.4,20,300154,20,0.2604345501424824,5.0,50.0,0.5,injected
0.4,20,300155,19,0.31159891329985606,5.0,50.0,0.5,injected
0.4,20,300156,22,0.1956495759946652,5.0,50.0,0.5,injected
0.4,20,300157,20,0.3739463856632851,5.0,50.0,0.5,injected
0.4,20,300158,18,0.22934650190543404,5.0,50.0,0.5,injected
0.4,20,300159,12,0.16753240899485697,5.0,50.0,0.5,injected
0.4,20,300160,0,0.10173470252960608,5.0,50.0,0.5,injected
0.4,20,300161,18,0.3564982761665332,5.0,50.0,0.5,injected
0.4,20,300162,38,0.2134543994355872,5.0,50.0,0.5,injected
0.4,20,300163,23,0.2833611433756882,5.0,50.0,0.5,injected
0.4,20,300164,47,0.2915046194975156,5.0,50.0,0.5,injected
0.4,20,300165,10,0.2657030987314103,5.0,50.0,0.5,injected
0.4,20,300166,22,0.3285786886408387,5.0,50.0,0.5,injected
0.4,20,300167,18,0.48585127610319623,5.0,50.0,0.5,injected
0.4,20,300168,18,0.19524862658686049,5.0,50.0,0.5,injected
0.4,20,300169,23,0.2526926888028286,5.0,50.0,0.5,injected
0.4,20,300170,21,0.23356920686466906,5.0,50.0,0.5,injected
0.4,20,300171,19,0.4330384960244632,5.0,50.0,0.5,injected
0.4,20,300172,25,0.2547031749612596,5.0,50.0,0.5,injected
0.4,20,300173,18,0.3295630106936895,5.0,50.0,0.5,injected
0.4,20,300174,33,0.30821423064295805,5.0,50.0,0.5,injected
0.4,30,300175,39,0.2299411385897882,5.0,50.0,0.5,injected
0.4,30,300176,33,0.18252445559429595,5.0,50.0,0.5,injected
0.4,30,300177,32,0.33776224348939043,5.0,50.0,0.5,injected
0.4,30,300178,23,0.2359006185357632,5.0,50.0,0.5,injected
0.4,30,300179,30,0.10400361179009848,5.0,50.0,0.5,injected
0.4,30,300180,35,0.3623902192359568,5.0,50.0,0.5,injected
0.4,30,300181,32,0.46783835472200375,5.0,50.0,0.5,injected
0.4,30,300182,8,0.2943010185170053,5.0,50.0,0.5,injected
0.4,30,300183,27,0.4274150796696954,5.0,50.0,0.5,injected
0.4,30,300184,19,0.36283579762550955,5.0,50.0,0.5,injected
0.4,30,300185,31,0.3725619357845537,5.0,50.0,0.5,injected
0.4,30,300186,60,0.0995757433429103,5.0,50.0,0.5,injected
0.4,30,300187,29,0.20011055337378159,5.0,50.0,0.5,injected
0.4,30,300188,25,0.44185127817795,5.0,50.0,0.5,injected
0.4,30,300189,32,0.2945815321802467,5.0,50.0,0.5,injected
0.4,30,300190,17,0.3484504758511028,5.0,50.0,0.5,injected
0.4,30,300191,26,0.24628363687777877,5.0,50.0,0.5,injected
0.4,30,300192,36,0.16252937729360933,5.0,50.0,0.5,injected
0.4,30,300193,31,0.17260351378521063,5.0,50.0,0.5,injected
0.4,30,300194,28,0.22598494307841577,5.0,50.0,0.5,injected
0.4,30,300195,23,0.10128633553119071,5.0,50.0,0.5,injected
0.4,30,300196,38,0.45269439950220103,5.0,50.0,0.5,injected
0.4,30,300197,56,0.06772668154189172,5.0,50.0,0.5,injected
0.4,30,300198,32,0.2351313450593448,5.0,50.0,0.5,injected
0.4,30,300199,20,0.2408312959627092,5.0,50.0,0.5,injected
0.6,10,300200,10,0.4052588372667202,5.0,50.0,0.5,injected
0.6,10,300201,8,0.3056331814927784,5.0,50.0,0.5,injected
0.6,10,300202,10,0.4364311433868773,5.0,50.0,0.5,injected
0.6,10,300203,10,0.4158168154494248,5.0,50.0,0.5,injected
0.6,10,300204,9,0.47732112277184946,5.0,50.0,0.5,injected
0.6,10,300205,11,0.8401154929918668,5.0,50.0,0.5,injected
0.6,10,300206,12,0.8344497946194103,5.0,50.0,0.5,injected
0.6,10,300207,12,0.48647225096761576,5.0,50.0,0.5,injected
0.6,10,300208,11,0.6204033880252674,5.0,50.0,0.5,injected
0.6,10,300209,10,0.386239695816319,5.0,50.0,0.5,injected
0.6,10,300210,11,0.6717558358743655,5.0,50.0,0.5,injected
0.6,10,300211,9,0.3137432994928062,5.0,50.0,0.5,injected
0.6,10,300212,10,0.48864027602584104,5.0,50.0,0.5,injected
0.6,10,300213,11,0.5747881252549308,5.0,50.0,0.5,injected
0.6,10,300214,9,0.2353037522674868,5.0,50.0,0.5,injected
0.6,10,300215,12,0.45428099554322476,5.0,50.0,0.5,injected
0.6,10,300216,10,0.45757110843635573,5.0,50.0,0.5,injected
0.6,10,300217,12,0.5134024560787225,5.0,50.0,0.5,injected
0.6,10,300218,10,0.7290141126067298,5.0,50.0,0.5,injected
0.6,10,300219,11,0.5817650658781409,5.0,50.0,0.5,injected
0.6,10,300220,11,0.4116944485731614,5.0,50.0,0.5,injected
0.6,10,300221,11,0.6845503659218618,5.0,50.0,0.5,injected
0.6,10,300222,10,0.787755096772567,5.0,50.0,0.5,injected
0.6,10,300223,10,0.474567487458341,5.0,50.0,0.5,injected
0.6,10,300224,9,0.6474286706189658,5.0,50.0,0.5,injected
0.6,20,300225,22,0.4455163613321943,5.0,50.0,0.5,injected
0.6,20,300226,19,0.4314291977747024,5.0,50.0,0.5,injected
0.6,20,300227,20,0.7638067719075239,5.0,50.0,0.5,injected
0.6,20,300228,20,0.3425114428749796,5.0,50.0,0.5,injected
0.6,20,300229,20,0.5112944779082054,5.0,50.0,0.5,injected
0.6,20,300230,21,0.62778162174038,5.0,50.0,0.5,injected
0.6,20,300231,20,0.38585572173378113,5.0,50.0,0.5,injected
0.6,20,300232,19,0.8144281992529012,5.0,50.0,0.5,injected
0.6,20,300233,20,0.45884284198658265,5.0,50.0,0.5,injected
0.6,20,300234,18,0.5720143246039355,5.0,50.0,0.5,injected
0.6,20,300235,22,0.3074837332645377,5.0,50.0,0.5,injected
0.6,20,300236,19,0.7387266239976171,5.0,50.0,0.5,injected
0.6,20,300237,19,0.6912021039339942,5.0,50.0,0.5,injected
0.6,20,300238,17,0.5604797993962964,5.0,50.0,0.5,injected
0.6,20,300239,20,0.40453568659891187,5.0,50.0,0.5,injected
0.6,20,300240,20,0.5490293210880505,5.0,50.0,0.5,injected
0.6,20,300241,18,0.6348602929751129,5.0,50.0,0.5,injected
0.6,20,300242,21,0.5014659701482489,5.0,50.0,0.5,injected
0.6,20,300243,23,0.4741732496785813,5.0,50.0,0.5,injected
0.6,20,300244,20,0.740582306526776,5.0,50.0,0.5,injected
0.6,20,300245,20,0.5030992451072607,5.0,50.0,0.5,injected
0.6,20,300246,19,0.5395696758235407,5.0,50.0,0.5,injected
0.6,20,300247,20,0.6646445540502514,5.0,50.0,0.5,injected
0.6,20,300248,19,0.4620799164374409,5.0,50.0,0.5,injected
0.6,20,300249,18,0.43236088882690477,5.0,50.0,0.5,injected
0.6,30,300250,31,0.6435552039212464,5.0,50.0,0.5,injected
0.6,30,300251,29,0.5973348512053224,5.0,50.0,0.5,injected
0.6,30,300252,31,0.7194237882053132,5.0,50.0,0.5,injected
0.6,30,300253,31,0.6199897786254078,5.0,50.0,0.5,injected
0.6,30,300254,30,0.7532641942271834,5.0,50.0,0.5,injected
0.6,30,300255,31,0.5465571339573987,5.0,50.0,0.5,injected
0.6,30,300256,31,0.4181574108276538,5.0,50.0,0.5,injected
0.6,30,300257,29,0.2811063629259952,5.0,50.0,0.5,injected
0.6,30,300258,30,0.6034711103243662,5.0,50.0,0.5,injected
0.6,30,300259,29,0.5792334577486018,5.0,50.0,0.5,injected
0.6,30,300260,30,0.6538297308690912,5.0,50.0,0.5,injected
0.6,30,300261,30,0.6564203860329005,5.0,50.0,0.5,injected
0.6,30,300262,28,0.40529881982521987,5.0,50.0,0.5,injected
0.6,30,300263,30,0.4531984973315176,5.0,50.0,0.5,injected
0.6,30,300264,27,0.5204897371918764,5.0,50.0,0.5,injected
0.6,30,300265,31,0.610548687824675,5.0,50.0,0.5,injected
0.6,30,300266,31,0.46491829903814286,5.0,50.0,0.5,injected
0.6,30,300267,29,0.6972661601778309,5.0,50.0,0.5,injected
0.6,30,300268,31,0.5604769793935833,5.0,50.0,0.5,injected
0.6,30,300269,29,0.5041596245918343,5.0,50.0,0.5,injected
0.6,30,300270,30,0.499391959734316,5.0,50.0,0.5,injected
0.6,30,300271,32,0.4743531980860258,5.0,50.0,0.5,injected
0.6,30,300272,31,0.632047320577574,5.0,50.0,0.5,injected
0.6,30,300273,28,0.61032755128357,5.0,50.0,0.5,injected
0.6,30,300274,29,0.5107127468539169,5.0,50.0,0.5,injected
0.8,10,300275,11,1.0081972150702572,5.0,50.0,0.5,injected
0.8,10,300276,9,0.8898745919470213,5.0,50.0,0.5,injected
0.8,10,300277,11,0.9091343457885208,5.0,50.0,0.5,injected
0.8,10,300278,10,0.8190523573852764,5.0,50.0,0.5,injected
0.8,10,300279,9,0.8189690253370012,5.0,50.0,0.5,injected
0.8,10,300280,10,0.9725415984082415,5.0,50.0,0.5,injected
0.8,10,300281,8,1.004626638149162,5.0,50.0,0.5,injected
0.8,10,300282,11,1.0640378134532593,5.0,50.0,0.5,injected
0.8,10,300283,10,0.917927580017808,5.0,50.0,0.5,injected
0.8,10,300284,11,0.8668942510809446,5.0,50.0,0.5,injected
0.8,10,300285,11,0.8541397654459366,5.0,50.0,0.5,injected
0.8,10,300286,10,1.1314143858974712,5.0,50.0,0.5,injected
0.8,10,300287,10,0.8995320514179929,5.0,50.0,0.5,injected
0.8,10,300288,11,0.5940294023252781,5.0,50.0,0.5,injected
0.8,10,300289,11,0.839178762625883,5.0,50.0,0.5,injected
0.8,10,300290,9,0.8292579417726089,5.0,50.0,0.5,injected
0.8,10,300291,10,0.8377302708068963,5.0,50.0,0.5,injected
0.8,10,300292,9,1.0466023226553685,5.0,50.0,0.5,injected
0.8,10,300293,10,0.9300622772043621,5.0,50.0,0.5,injected
0.8,10,300294,10,0.9119093948552641,5.0,50.0,0.5,injected
0.8,10,300295,10,0.7960558439170511,5.0,50.0,0.5,injected
0.8,10,300296,10,1.1609286938581183,5.0,50.0,0.5,injected
0.8,10,300297,8,0.8682331789082167,5.0,50.0,0.5,injected
0.8,10,300298,10,0.6395737787313691,5.0,50.0,0.5,injected
0.8,10,300299,10,0.9198180472933525,5.0,50.0,0.5,injected
0.8,20,300300,19,0.8873305076813617,5.0,50.0,0.5,injected
0.8,20,300301,20,0.9192765730089442,5.0,50.0,0.5,injected
0.8,20,300302,20,0.9956017624864997,5.0,50.0,0.5,injected
0.8,20,300303,20,1.163610244173391,5.0,50.0,0.5,injected
0.8,20,300304,19,0.8455411639605559,5.0,50.0,0.5,injected
0.8,20,300305,20,0.927728013764286,5.0,50.0,0.5,injected
0.8,20,300306,20,1.015821659519622,5.0,50.0,0.5,injected
0.8,20,300307,19,1.0839053958859446,5.0,50.0,0.5,injected
0.8,20,300308,20,1.0017038681364212,5.0,50.0,0.5,injected
0.8,20,300309,19,1.044284970166259,5.0,50.0,0.5,injected
0.8,20,300310,20,0.9784244846582754,5.0,50.0,0.5,injected
0.8,20,300311,20,0.8771313609692475,5.0,50.0,0.5,injected
0.8,20,300312,20,0.9860143591276663,5.0,50.0,0.5,injected
0.8,20,300313,19,1.0612600221111008,5.0,50.0,0.5,injected
0.8,20,300314,19,0.9991541897147216,5.0,50.0,0.5,injected
0.8,20,300315,20,0.9361623817338498,5.0,50.0,0.5,injected
0.8,20,300316,20,0.9034830432160421,5.0,50.0,0.5,injected
0.8,20,300317,20,0.7858524828756781,5.0,50.0,0.5,injected
0.8,20,300318,19,1.0591128391937825,5.0,50.0,0.5,injected
0.8,20,300319,22,0.9342987413733859,5.0,50.0,0.5,injected
0.8,20,300320,19,0.7687563398826939,5.0,50.0,0.5,injected
0.8,20,300321,21,0.8966184598607179,5.0,50.0,0.5,injected
0.8,20,300322,20,1.0023875934805175,5.0,50.0,0.5,injected
0.8,20,300323,20,0.9774904019860251,5.0,50.0,0.5,injected
0.8,20,300324,20,0.962121578060941,5.0,50.0,0.5,injected
0.8,30,300325,30,1.0556600201745063,5.0,50.0,0.5,injected
0.8,30,300326,30,0.9141465249222025,5.0,50.0,0.5,injected
0.8,30,300327,29,0.9942200488525285,5.0,50.0,0.5,injected
0.8,30,300328,31,1.0272729986143456,5.0,50.0,0.5,injected
0.8,30,300329,30,1.028192330461177,5.0,50.0,0.5,injected
0.8,30,300330,29,1.0767249576871687,5.0,50.0,0.5,injected
0.8,30,300331,31,1.137209539434678,5.0,50.0,0.5,injected
0.8,30,300332,29,0.8586568578256716,5.0,50.0,0.5,injected
0.8,30,300333,29,0.9151118259963735,5.0,50.0,0.5,injected
0.8,30,300334,31,0.7505373322237205,5.0,50.0,0.5,injected
0.8,30,300335,29,1.1026450396505505,5.0,50.0,0.5,injected
0.8,30,300336,31,1.0356208679316405,5.0,50.0,0.5,injected
0.8,30,300337,31,0.9186789945318395,5.0,50.0,0.5,injected
0.8,30,300338,29,0.838993251580258,5.0,50.0,0.5,injected
0.8,30,300339,31,0.789199853625855,5.0,50.0,0.5,injected
0.8,30,300340,29,0.7478168921014413,5.0,50.0,0.5,injected
0.8,30,300341,30,0.7337817405211267,5.0,50.0,0.5,injected
0.8,30,300342,31,0.9528730957689877,5.0,50.0,0.5,injected
0.8,30,300343,30,1.0564925870870991,5.0,50.0,0.5,injected
0.8,30,300344,32,0.9574793225045065,5.0,50.0,0.5,injected
0.8,30,300345,29,1.0049513786025492,5.0,50.0,0.5,injected
0.8,30,300346,31,0.857914276550565,5.0,50.0,0.5,injected
0.8,30,300347,29,0.8767654196655938,5.0,50.0,0.5,injected
0.8,30,300348,32,0.8097195760896219,5.0,50.0,0.5,injected
0.8,30,300349,30,0.7985147060327868,5.0,50.0,0.5,injected
1.0,10,300350,10,1.0480919461099132,5.0,50.0,0.5,injected
1.0,10,300351,10,1.0001078888102812,5.0,50.0,0.5,injected
1.0,10,300352,10,1.1489416835171318,5.0,50.0,0.5,injected
1.0,10,300353,10,1.281012201625954,5.0,50.0,0.5,injected
1.0,10,300354,10,1.3300525428741832,5.0,50.0,0.5,injected
1.0,10,300355,11,0.9774034577294108,5.0,50.0,0.5,injected
1.0,10,300356,10,1.1329716847231388,5.0,50.0,0.5,injected
1.0,10,300357,10,1.248783265754721,5.0,50.0,0.5,injected
1.0,10,300358,11,1.0520380713296469,5.0,50.0,0.5,injected
1.0,10,300359,11,1.2643661083566655,5.0,50.0,0.5,injected
1.0,10,300360,10,1.0301942889325997,5.0,50.0,0.5,injected
1.0,10,300361,9,1.1505853823536856,5.0,50.0,0.5,injected
1.0,10,300362,11,1.0378688933663505,5.0,50.0,0.5,injected
1.0,10,300363,9,1.1018137823968708,5.0,50.0,0.5,injected
1.0,10,300364,10,1.051300101757793,5.0,50.0,0.5,injected
1.0,10,300365,10,0.9954400968258171,5.0,50.0,0.5,injected
1.0,10,300366,9,1.1440742198044773,5.0,50.0,0.5,injected
1.0,10,300367,10,1.0899159524451956,5.0,50.0,0.5,injected
1.0,10,300368,11,1.200245425208569,5.0,50.0,0.5,injected
1.0,10,300369,10,1.1799287536212169,5.0,50.0,0.5,injected
1.0,10,300370,10,1.0425223106872745,5.0,50.0,0.5,injected
1.0,10,300371,10,1.1608820001011302,5.0,50.0,0.5,injected
1.0,10,300372,9,1.1326390134757238,5.0,50.0,0.5,injected
1.0,10,300373,10,1.0186423196655756,5.0,50.0,0.5,injected
1.0,10,300374,10,1.189871343509675,5.0,50.0,0.5,injected
1.0,20,300375,20,1.0537884537362925,5.0,50.0,0.5,injected
1.0,20,300376,20,1.1465701678850682,5.0,50.0,0.5,injected
1.0,20,300377,20,1.2905585710237573,5.0,50.0,0.5,injected
1.0,20,300378,20,1.2272083151694673,5.0,50.0,0.5,injected
1.0,20,300379,21,1.140122271042056,5.0,50.0,0.5,injected
1.0,20,300380,20,1.1326570377958938,5.0,50.0,0.5,injected
1.0,20,300381,20,1.0638083580764934,5.0,50.0,0.5,injected
1.0,20,300382,20,1.247333061496742,5.0,50.0,0.5,injected
1.0,20,300383,20,1.12514858586748,5.0,50.0,0.5,injected
1.0,20,300384,20,1.1058468125853855,5.0,50.0,0.5,injected
1.0,20,300385,20,1.1087710477848436,5.0,50.0,0.5,injected
1.0,20,300386,20,1.1381494507361194,5.0,50.0,0.5,injected
1.0,20,300387,20,1.024993965510464,5.0,50.0,0.5,injected
1.0,20,300388,21,0.9947402958361027,5.0,50.0,0.5,injected
1.0,20,300389,20,1.0233077896656102,5.0,50.0,0.5,injected
1.0,20,300390,20,0.9940374418784268,5.0,50.0,0.5,injected
1.0,20,300391,20,1.0639241648205613,5.0,50.0,0.5,injected
1.0,20,300392,20,0.9247722858339507,5.0,50.0,0.5,injected
1.0,20,300393,20,1.0097667149363003,5.0,50.0,0.5,injected
1.0,20,300394,21,1.1359643231422933,5.0,50.0,0.5,injected
1.0,20,300395,20,1.073843648186279,5.0,50.0,0.5,injected
1.0,20,300396,21,1.1130388414952281,5.0,50.0,0.5,injected
1.0,20,300397,20,1.2851033930767113,5.0,50.0,0.5,injected
1.0,20,300398,20,1.1926885600703958,5.0,50.0,0.5,injected
1.0,20,300399,21,1.1578020481074227,5.0,50.0,0.5,injected
1.0,30,300400,31,1.0916260706673855,5.0,50.0,0.5,injected
1.0,30,300401,30,1.0219102497368686,5.0,50.0,0.5,injected
1.0,30,300402,31,1.093570710339907,5.0,50.0,0.5,injected
1.0,30,300403,29,1.1870901176374165,5.0,50.0,0.5,injected
1.0,30,300404,30,1.2188430550318905,5.0,50.0,0.5,injected
1.0,30,300405,30,1.1609518357342854,5.0,50.0,0.5,injected
1.0,30,300406,31,1.1892404364919071,5.0,50.0,0.5,injected
1.0,30,300407,31,1.155242661577719,5.0,50.0,0.5,injected
1.0,30,300408,29,1.1022679300069098,5.0,50.0,0.5,injected
1.0,30,300409,30,1.1194488739086208,5.0,50.0,0.5,injected
1.0,30,300410,31,1.1559241585163147,5.0,50.0,0.5,injected
1.0,30,300411,29,1.1501227574452253,5.0,50.0,0.5,injected
1.0,30,300412,31,1.2578683615204562,5.0,50.0,0.5,injected
1.0,30,300413,29,1.1014212643621315,5.0,50.0,0.5,injected
1.0,30,300414,30,1.1078996772584724,5.0,50.0,0.5,injected
1.0,30,300415,31,1.2864364530021342,5.0,50.0,0.5,injected
1.0,30,300416,30,1.058302921911786,5.0,50.0,0.5,injected
1.0,30,300417,30,1.207915000840682,5.0,50.0,0.5,injected
1.0,30,300418,31,1.112991583550789,5.0,50.0,0.5,injected
1.0,30,300419,30,1.0416964846846264,5.0,50.0,0.5,injected
1.0,30,300420,30,1.049917147862439,5.0,50.0,0.5,injected
1.0,30,300421,30,1.2317129828842657,5.0,50.0,0.5,injected
1.0,30,300422,30,1.1688007433752736,5.0,50.0,0.5,injected
1.0,30,300423,30,0.8422055678673923,5.0,50.0,0.5,injected
1.0,30,300424,31,1.1715816446768221,5.0,50.0,0.5,injected
