method,target,statistic,peak_lag_days,peak_value,peak_tuple_count,scanned_lags
daily,blue,joint_mi_bits,58,0.7009642153397738,1686,201
daily,blue,synergy_bits,58,0.5897841830532748,1686,201
daily,blue,synergy_fraction,36,0.887963837405882,1708,201
daily,core,joint_mi_bits,0,0.7511556261632438,1732,201
daily,core,synergy_bits,146,0.5940198274222552,1598,201
daily,core,synergy_fraction,48,0.8857930686472572,1696,201
daily,red,joint_mi_bits,61,0.5897901810923852,1683,201
daily,red,synergy_bits,27,0.5138945751461942,1717,201
daily,red,synergy_fraction,133,0.8961867165932954,1611,201
gap_limited,blue,joint_mi_bits,200,0.8493429711378645,840,201
gap_limited,blue,synergy_bits,172,0.6340157336314197,857,201
gap_limited,blue,synergy_fraction,78,0.8991088899626049,1003,201
gap_limited,core,joint_mi_bits,188,0.8914979819555805,841,201
gap_limited,core,synergy_bits,199,0.7120612980652417,840,201
gap_limited,core,synergy_fraction,47,0.9224235716190187,1087,201
gap_limited,red,joint_mi_bits,141,0.8148186908837858,930,201
gap_limited,red,synergy_bits,141,0.6715054082148808,930,201
gap_limited,red,synergy_fraction,183,0.9216867007137327,846,201
native,blue,joint_mi_bits,197,1.7273644004865663,48,201
native,blue,synergy_bits,197,1.424289169398702,48,201
native,blue,synergy_fraction,28,0.9011246085302557,85,201
native,core,joint_mi_bits,197,1.7626739454230569,48,201
native,core,synergy_bits,148,1.446990429943602,66,201
native,core,synergy_fraction,148,0.9341598773205304,66,201
native,red,joint_mi_bits,39,1.6953551991962803,58,201
native,red,synergy_bits,36,1.360507752312202,73,201
native,red,synergy_fraction,96,0.9027434046326518,66,201
within_season,blue,joint_mi_bits,200,0.8404877953926628,778,201
within_season,blue,synergy_bits,172,0.6254625390284545,823,201
within_season,blue,synergy_fraction,78,0.8991088899626049,1003,201
within_season,core,joint_mi_bits,188,0.9108919054767711,791,201
within_season,core,synergy_bits,142,0.6995021953310749,907,201
within_season,core,synergy_fraction,47,0.9224235716190187,1087,201
within_season,red,joint_mi_bits,141,0.8398346236097515,910,201
within_season,red,synergy_bits,141,0.6948665166118131,910,201
within_season,red,synergy_fraction,186,0.9083665168958602,795,201
