epoch,subset,target,scenario,bins,lag_days,tuple_count,target_dates_sha256,reference_maximum_error,maximum_total_variation,maximum_absolute_component_change,changed_orders,maximum_joint_mi_change_bits,maximum_leakage_change
1992,continuum_wings,continuum,common,2,1,36,0dbfa6ffd3721bacefc10896cb447ec67b86b668f5442fe998b49a4befe3cb6e,9.974659986866641e-17,0.005112717551970269,0.0051127175519693245,20,1.1102230246251565e-16,2.220446049250313e-16
1992,continuum_wings,continuum,common,2,2,36,0dbfa6ffd3721bacefc10896cb447ec67b86b668f5442fe998b49a4befe3cb6e,8.326672684688674e-17,1.7163601304009935e-15,7.216449660063518e-16,0,0.0,6.661338147750939e-16
1992,continuum_wings,continuum,common,2,3,36,0dbfa6ffd3721bacefc10896cb447ec67b86b668f5442fe998b49a4befe3cb6e,6.331740687315346e-17,0.04733677234483554,0.03611740469922171,19,1.1102230246251565e-16,2.220446049250313e-16
1992,continuum_wings,continuum,common,2,4,36,0dbfa6ffd3721bacefc10896cb447ec67b86b668f5442fe998b49a4befe3cb6e,9.020562075079397e-17,5.306685826714598e-15,4.328735467132678e-15,0,1.1102230246251565e-16,4.440892098500626e-16
1992,continuum_wings,continuum,common,2,5,36,0dbfa6ffd3721bacefc10896cb447ec67b86b668f5442fe998b49a4befe3cb6e,5.442694905877232e-17,0.01801551149799383,0.018015511497916806,18,1.1102230246251565e-16,4.440892098500626e-16
1992,continuum_wings,continuum,common,2,6,36,0dbfa6ffd3721bacefc10896cb447ec67b86b668f5442fe998b49a4befe3cb6e,5.551115123125783e-17,2.188655078582748e-15,1.7208456881689926e-15,0,0.0,4.440892098500626e-16
1992,continuum_wings,continuum,common,2,7,36,0dbfa6ffd3721bacefc10896cb447ec67b86b668f5442fe998b49a4befe3cb6e,6.938893903907228e-17,1.265772147493019e-13,1.2341256618972608e-13,0,1.1102230246251565e-16,2.220446049250313e-16
1992,continuum_wings,continuum,common,2,8,36,0dbfa6ffd3721bacefc10896cb447ec67b86b668f5442fe998b49a4befe3cb6e,5.551115123125783e-17,2.346180145038089e-15,1.3877787807814457e-15,0,0.0,4.440892098500626e-16
1992,continuum_wings,continuum,common,2,9,36,0dbfa6ffd3721bacefc10896cb447ec67b86b668f5442fe998b49a4befe3cb6e,8.326672684688674e-17,2.1950592599564154e-15,1.5543122344752192e-15,0,1.1102230246251565e-16,2.220446049250313e-16
1992,continuum_wings,continuum,common,2,10,36,0dbfa6ffd3721bacefc10896cb447ec67b86b668f5442fe998b49a4befe3cb6e,9.71445146547012e-17,2.5558901634799808e-15,1.3322676295501878e-15,0,2.220446049250313e-16,6.661338147750939e-16
1992,continuum_wings,continuum,common,2,11,36,0dbfa6ffd3721bacefc10896cb447ec67b86b668f5442fe998b49a4befe3cb6e,8.326672684688674e-17,2.029819102500761e-15,1.27675647831893e-15,0,1.1102230246251565e-16,1.3322676295501878e-15
1992,continuum_wings,continuum,common,2,12,36,0dbfa6ffd3721bacefc10896cb447ec67b86b668f5442fe998b49a4befe3cb6e,9.454242944073599e-17,2.3560119783924693e-15,1.609823385706477e-15,0,0.0,6.661338147750939e-16
1992,continuum_wings,continuum,common,2,13,36,0dbfa6ffd3721bacefc10896cb447ec67b86b668f5442fe998b49a4befe3cb6e,9.454242944073599e-17,0.04559403179513501,0.04559403179513288,13,0.0,4.440892098500626e-16
1992,continuum_wings,continuum,common,2,14,36,0dbfa6ffd3721bacefc10896cb447ec67b86b668f5442fe998b49a4befe3cb6e,8.326672684688674e-17,1.1320611765611868e-15,8.881784197001252e-16,0,2.220446049250313e-16,8.881784197001252e-16
1992,continuum_wings,continuum,common,2,15,36,0dbfa6ffd3721bacefc10896cb447ec67b86b668f5442fe998b49a4befe3cb6e,9.020562075079397e-17,1.4303180330644585e-15,1.1657341758564144e-15,0,2.220446049250313e-16,8.881784197001252e-16
1992,continuum_wings,continuum,common,2,16,36,0dbfa6ffd3721bacefc10896cb447ec67b86b668f5442fe998b49a4befe3cb6e,6.938893903907228e-17,1.6878438409068462e-15,1.4432899320127035e-15,0,1.1102230246251565e-16,2.220446049250313e-16
1992,continuum_wings,continuum,common,2,17,36,0dbfa6ffd3721bacefc10896cb447ec67b86b668f5442fe998b49a4befe3cb6e,8.326672684688674e-17,0.06469888497839188,0.06469888497834995,12,1.1102230246251565e-16,4.440892098500626e-16
1992,continuum_wings,continuum,common,2,18,36,0dbfa6ffd3721bacefc10896cb447ec67b86b668f5442fe998b49a4befe3cb6e,9.71445146547012e-17,2.2700951787701126e-15,1.1102230246251565e-15,0,1.1102230246251565e-16,8.881784197001252e-16
1992,continuum_wings,continuum,common,2,19,36,0dbfa6ffd3721bacefc10896cb447ec67b86b668f5442fe998b49a4befe3cb6e,7.28583859910259e-17,1.8492078954112225e-15,1.4432899320127035e-15,0,1.6653345369377348e-16,4.440892098500626e-16
1992,continuum_wings,continuum,common,2,20,36,0dbfa6ffd3721bacefc10896cb447ec67b86b668f5442fe998b49a4befe3cb6e,8.326672684688674e-17,3.3577273438376966e-15,2.55351295663786e-15,0,1.6653345369377348e-16,8.881784197001252e-16
1992,continuum_wings,continuum,common,2,21,36,0dbfa6ffd3721bacefc10896cb447ec67b86b668f5442fe998b49a4befe3cb6e,8.326672684688674e-17,3.3239858362154167e-15,2.886579864025407e-15,0,1.1102230246251565e-16,2.220446049250313e-16
1992,continuum_wings,continuum,common,2,22,36,0dbfa6ffd3721bacefc10896cb447ec67b86b668f5442fe998b49a4befe3cb6e,9.020562075079397e-17,3.951266397406172e-15,2.886579864025407e-15,0,2.220446049250313e-16,8.881784197001252e-16
1992,continuum_wings,continuum,common,2,23,36,0dbfa6ffd3721bacefc10896cb447ec67b86b668f5442fe998b49a4befe3cb6e,8.673617379884035e-17,3.367250962426983e-15,1.9984014443252818e-15,0,1.1102230246251565e-16,4.440892098500626e-16
1992,continuum_wings,continuum,common,2,24,36,0dbfa6ffd3721bacefc10896cb447ec67b86b668f5442fe998b49a4befe3cb6e,9.215718466126788e-17,2.8250783464072873e-15,1.609823385706477e-15,0,1.1102230246251565e-16,4.440892098500626e-16
1992,continuum_wings,continuum,common,2,25,36,0dbfa6ffd3721bacefc10896cb447ec67b86b668f5442fe998b49a4befe3cb6e,8.933825901280557e-17,2.9937994279487246e-15,1.6028844918025698e-15,0,2.7755575615628914e-16,8.881784197001252e-16
1992,continuum_wings,continuum,common,2,26,36,0dbfa6ffd3721bacefc10896cb447ec67b86b668f5442fe998b49a4befe3cb6e,9.71445146547012e-17,4.279606348508671e-15,2.4424906541753444e-15,0,2.220446049250313e-16,8.881784197001252e-16
1992,continuum_wings,continuum,common,2,27,36,0dbfa6ffd3721bacefc10896cb447ec67b86b668f5442fe998b49a4befe3cb6e,7.632783294297951e-17,5.072006183104438e-15,3.247402347028583e-15,0,1.6653345369377348e-16,4.440892098500626e-16
1992,continuum_wings,continuum,common,2,28,36,0dbfa6ffd3721bacefc10896cb447ec67b86b668f5442fe998b49a4befe3cb6e,8.673617379884035e-17,8.384840131242521e-15,4.475586568020162e-15,0,5.551115123125783e-16,8.881784197001252e-16
1992,continuum_wings,continuum,common,2,29,36,0dbfa6ffd3721bacefc10896cb447ec67b86b668f5442fe998b49a4befe3cb6e,8.326672684688674e-17,4.6601719878858194e-15,3.4035274598664955e-15,0,6.106226635438361e-16,5.551115123125783e-16
1992,continuum_wings,continuum,common,2,30,36,0dbfa6ffd3721bacefc10896cb447ec67b86b668f5442fe998b49a4befe3cb6e,9.8879238130678e-17,4.233125386690048e-15,2.4980018054066022e-15,0,2.220446049250313e-16,1.3322676295501878e-15
1992,continuum_wings,continuum,common,3,1,36,0dbfa6ffd3721bacefc10896cb447ec67b86b668f5442fe998b49a4befe3cb6e,9.974659986866641e-17,7.134412193223367e-16,2.220446049250313e-16,0,2.220446049250313e-16,1.1379786002407855e-15
1992,continuum_wings,continuum,common,3,2,36,0dbfa6ffd3721bacefc10896cb447ec67b86b668f5442fe998b49a4befe3cb6e,9.71445146547012e-17,9.371577115172312e-16,3.0531133177191805e-16,0,2.220446049250313e-16,5.828670879282072e-16
1992,continuum_wings,continuum,common,3,3,36,0dbfa6ffd3721bacefc10896cb447ec67b86b668f5442fe998b49a4befe3cb6e,9.71445146547012e-17,6.164545292999721e-16,2.498001805406602e-16,0,0.0,2.7755575615628914e-16
1992,continuum_wings,continuum,common,3,4,36,0dbfa6ffd3721bacefc10896cb447ec67b86b668f5442fe998b49a4befe3cb6e,8.326672684688674e-17,7.602425633468357e-16,3.3306690738754696e-16,0,4.440892098500626e-16,8.881784197001252e-16
1992,continuum_wings,continuum,common,3,5,36,0dbfa6ffd3721bacefc10896cb447ec67b86b668f5442fe998b49a4befe3cb6e,9.71445146547012e-17,5.05625731935353e-16,2.0816681711721685e-16,0,0.0,2.7755575615628914e-16
1992,continuum_wings,continuum,common,3,6,36,0dbfa6ffd3721bacefc10896cb447ec67b86b668f5442fe998b49a4befe3cb6e,9.020562075079397e-17,1.0145053045501182e-15,3.3306690738754696e-16,0,4.440892098500626e-16,8.049116928532385e-16
1992,continuum_wings,continuum,common,3,7,36,0dbfa6ffd3721bacefc10896cb447ec67b86b668f5442fe998b49a4befe3cb6e,9.71445146547012e-17,8.091422477952347e-16,2.220446049250313e-16,0,2.220446049250313e-16,5.828670879282072e-16
1992,continuum_wings,continuum,common,3,8,36,0dbfa6ffd3721bacefc10896cb447ec67b86b668f5442fe998b49a4befe3cb6e,9.71445146547012e-17,3.728489732299284e-15,2.1788126858268697e-15,0,4.440892098500626e-16,2.7755575615628914e-16
1992,continuum_wings,continuum,common,3,9,36,0dbfa6ffd3721bacefc10896cb447ec67b86b668f5442fe998b49a4befe3cb6e,9.454242944073599e-17,3.782330156041061e-15,2.1545265571631944e-15,0,2.220446049250313e-16,5.828670879282072e-16
1992,continuum_wings,continuum,common,3,10,36,0dbfa6ffd3721bacefc10896cb447ec67b86b668f5442fe998b49a4befe3cb6e,9.71445146547012e-17,1.6015983732552475e-13,1.5605745862234954e-13,0,2.220446049250313e-16,2.7755575615628914e-16
1992,continuum_wings,continuum,common,3,11,36,0dbfa6ffd3721bacefc10896cb447ec67b86b668f5442fe998b49a4befe3cb6e,8.326672684688674e-17,0.03999070716097826,0.03999070716081508,14,2.220446049250313e-16,5.551115123125783e-16
1992,continuum_wings,continuum,common,3,12,36,0dbfa6ffd3721bacefc10896cb447ec67b86b668f5442fe998b49a4befe3cb6e,7.28583859910259e-17,5.1587290699184936e-15,1.923808334858279e-15,0,2.220446049250313e-16,2.7755575615628914e-16
1992,continuum_wings,continuum,common,3,13,36,0dbfa6ffd3721bacefc10896cb447ec67b86b668f5442fe998b49a4befe3cb6e,9.367506770274758e-17,0.033233959556761464,0.033233959556655104,5,2.220446049250313e-16,2.7755575615628914e-16
1992,continuum_wings,continuum,common,3,14,36,0dbfa6ffd3721bacefc10896cb447ec67b86b668f5442fe998b49a4befe3cb6e,9.020562075079397e-17,3.86064300002938e-15,1.9012569296705806e-15,0,2.220446049250313e-16,2.7755575615628914e-16
1992,continuum_wings,continuum,common,3,15,36,0dbfa6ffd3721bacefc10896cb447ec67b86b668f5442fe998b49a4befe3cb6e,9.71445146547012e-17,3.8628679725485256e-15,1.915134717478395e-15,0,2.220446049250313e-16,2.7755575615628914e-16
1992,continuum_wings,continuum,common,3,16,36,0dbfa6ffd3721bacefc10896cb447ec67b86b668f5442fe998b49a4befe3cb6e,8.326672684688674e-17,3.842605318511703e-15,1.8735013540549517e-15,0,2.220446049250313e-16,2.7755575615628914e-16
1992,continuum_wings,continuum,common,3,17,36,0dbfa6ffd3721bacefc10896cb447ec67b86b668f5442fe998b49a4befe3cb6e,8.326672684688674e-17,1.0722660764540289e-13,1.0682600637412776e-13,0,2.220446049250313e-16,2.7755575615628914e-16
1992,continuum_wings,continuum,common,3,18,36,0dbfa6ffd3721bacefc10896cb447ec67b86b668f5442fe998b49a4befe3cb6e,9.367506770274758e-17,1.364403892015434e-15,5.967448757360216e-16,0,2.220446049250313e-16,5.551115123125783e-16
1992,continuum_wings,continuum,common,3,19,36,0dbfa6ffd3721bacefc10896cb447ec67b86b668f5442fe998b49a4befe3cb6e,9.974659986866641e-17,1.4278942611634093e-15,5.551115123125783e-16,0,1.1102230246251565e-16,5.551115123125783e-16
1992,continuum_wings,continuum,common,3,20,36,0dbfa6ffd3721bacefc10896cb447ec67b86b668f5442fe998b49a4befe3cb6e,8.326672684688674e-17,1.415588566505699e-15,7.494005416219807e-16,0,2.220446049250313e-16,6.106226635438361e-16
1992,continuum_wings,continuum,common,3,21,36,0dbfa6ffd3721bacefc10896cb447ec67b86b668f5442fe998b49a4befe3cb6e,9.71445146547012e-17,1.5496501651335315e-15,8.881784197001252e-16,0,1.1102230246251565e-16,0.0
1992,continuum_wings,continuum,common,3,22,36,0dbfa6ffd3721bacefc10896cb447ec67b86b668f5442fe998b49a4befe3cb6e,9.71445146547012e-17,1.7314166593507263e-15,1.0824674490095276e-15,0,0.0,2.220446049250313e-16
1992,continuum_wings,continuum,common,3,23,36,0dbfa6ffd3721bacefc10896cb447ec67b86b668f5442fe998b49a4befe3cb6e,9.8879238130678e-17,0.0024452155349837454,0.0024452155349818094,14,3.3306690738754696e-16,3.3306690738754696e-16
1992,continuum_wings,continuum,common,3,24,36,0dbfa6ffd3721bacefc10896cb447ec67b86b668f5442fe998b49a4befe3cb6e,8.874194781793854e-17,5.785735493327249e-14,5.6527699188180236e-14,0,1.1102230246251565e-16,0.0
1992,continuum_wings,continuum,common,3,25,36,0dbfa6ffd3721bacefc10896cb447ec67b86b668f5442fe998b49a4befe3cb6e,8.326672684688674e-17,2.3131453349978237e-15,8.049116928532385e-16,0,3.3306690738754696e-16,5.551115123125783e-16
1992,continuum_wings,continuum,common,3,26,36,0dbfa6ffd3721bacefc10896cb447ec67b86b668f5442fe998b49a4befe3cb6e,8.326672684688674e-17,2.7906163466177536e-15,1.2628786905111156e-15,0,1.1102230246251565e-16,8.326672684688674e-16
1992,continuum_wings,continuum,common,3,27,36,0dbfa6ffd3721bacefc10896cb447ec67b86b668f5442fe998b49a4befe3cb6e,9.71445146547012e-17,2.856655884064807e-15,1.5959455978986625e-15,0,1.1102230246251565e-16,8.881784197001252e-16
1992,continuum_wings,continuum,common,3,28,36,0dbfa6ffd3721bacefc10896cb447ec67b86b668f5442fe998b49a4befe3cb6e,9.71445146547012e-17,3.7043122475682866e-15,1.7763568394002505e-15,0,4.440892098500626e-16,5.551115123125783e-16
1992,continuum_wings,continuum,common,3,29,36,0dbfa6ffd3721bacefc10896cb447ec67b86b668f5442fe998b49a4befe3cb6e,9.71445146547012e-17,4.0683608963657844e-15,1.313185671314443e-15,0,1.1102230246251565e-16,8.881784197001252e-16
1992,continuum_wings,continuum,common,3,30,36,0dbfa6ffd3721bacefc10896cb447ec67b86b668f5442fe998b49a4befe3cb6e,9.71445146547012e-17,4.1256061067418415e-15,1.6158949178723958e-15,0,2.220446049250313e-16,6.106226635438361e-16
1993,continuum_wings,continuum,common,2,1,90,461577f6bb5695368d538ce5add9ee4bca063b52031d7cec646e436cb28c6c0a,9.71445146547012e-17,1.1777155793039491e-15,5.828670879282072e-16,0,2.220446049250313e-16,5.551115123125783e-16
1993,continuum_wings,continuum,common,2,2,90,461577f6bb5695368d538ce5add9ee4bca063b52031d7cec646e436cb28c6c0a,7.632783294297951e-17,4.154662724964453e-16,3.3306690738754696e-16,0,1.1102230246251565e-16,9.992007221626409e-16
1993,continuum_wings,continuum,common,2,3,90,461577f6bb5695368d538ce5add9ee4bca063b52031d7cec646e436cb28c6c0a,9.71445146547012e-17,1.829265905417543e-15,8.153200337090993e-16,0,1.1102230246251565e-16,9.43689570931383e-16
1993,continuum_wings,continuum,common,2,4,90,461577f6bb5695368d538ce5add9ee4bca063b52031d7cec646e436cb28c6c0a,9.367506770274758e-17,1.4312010777894901e-15,1.1379786002407855e-15,0,2.7755575615628914e-16,9.992007221626409e-16
1993,continuum_wings,continuum,common,2,5,90,461577f6bb5695368d538ce5add9ee4bca063b52031d7cec646e436cb28c6c0a,7.632783294297951e-17,1.291935308733727e-15,5.898059818321144e-16,0,3.3306690738754696e-16,9.992007221626409e-16
1993,continuum_wings,continuum,common,2,6,90,461577f6bb5695368d538ce5add9ee4bca063b52031d7cec646e436cb28c6c0a,8.326672684688674e-17,1.7132156153801259e-15,1.1102230246251565e-15,0,3.3306690738754696e-16,5.551115123125783e-16
1993,continuum_wings,continuum,common,2,7,90,461577f6bb5695368d538ce5add9ee4bca063b52031d7cec646e436cb28c6c0a,9.486769009248164e-17,1.6032639625629397e-15,1.0624097088185458e-15,0,3.3306690738754696e-16,9.43689570931383e-16
1993,continuum_wings,continuum,common,2,8,90,461577f6bb5695368d538ce5add9ee4bca063b52031d7cec646e436cb28c6c0a,9.71445146547012e-17,9.35015953551499e-16,3.0531133177191805e-16,0,1.6653345369377348e-16,5.551115123125783e-16
1993,continuum_wings,continuum,common,2,9,90,461577f6bb5695368d538ce5add9ee4bca063b52031d7cec646e436cb28c6c0a,9.71445146547012e-17,1.5942108744226857e-15,8.430756093247282e-16,0,2.220446049250313e-16,1.4432899320127035e-15
1993,continuum_wings,continuum,common,2,10,90,461577f6bb5695368d538ce5add9ee4bca063b52031d7cec646e436cb28c6c0a,8.326672684688674e-17,1.3644684340730073e-15,6.106226635438361e-16,0,3.3306690738754696e-16,1.0547118733938987e-15
1993,continuum_wings,continuum,common,2,11,90,461577f6bb5695368d538ce5add9ee4bca063b52031d7cec646e436cb28c6c0a,8.326672684688674e-17,1.3782378016635732e-15,6.661338147750939e-16,0,4.440892098500626e-16,3.885780586188048e-16
1993,continuum_wings,continuum,common,2,12,90,461577f6bb5695368d538ce5add9ee4bca063b52031d7cec646e436cb28c6c0a,9.020562075079397e-17,1.1750583145397897e-15,8.187894806610529e-16,0,4.440892098500626e-16,9.992007221626409e-16
1993,continuum_wings,continuum,common,2,13,90,461577f6bb5695368d538ce5add9ee4bca063b52031d7cec646e436cb28c6c0a,9.020562075079397e-17,2.07407875596477e-15,1.4779844015322396e-15,0,3.3306690738754696e-16,5.551115123125783e-16
1993,continuum_wings,continuum,common,2,14,90,461577f6bb5695368d538ce5add9ee4bca063b52031d7cec646e436cb28c6c0a,8.500145032286355e-17,3.1953606427492787e-15,2.175343238874916e-15,0,4.996003610813204e-16,6.661338147750939e-16
1993,continuum_wings,continuum,common,2,15,90,461577f6bb5695368d538ce5add9ee4bca063b52031d7cec646e436cb28c6c0a,9.71445146547012e-17,1.661648249551284e-15,9.992007221626409e-16,0,1.6653345369377348e-16,1.1102230246251565e-15
1993,continuum_wings,continuum,common,2,16,90,461577f6bb5695368d538ce5add9ee4bca063b52031d7cec646e436cb28c6c0a,9.71445146547012e-17,2.261212050935768e-15,1.7486012637846216e-15,0,4.996003610813204e-16,9.992007221626409e-16
1993,continuum_wings,continuum,common,2,17,90,461577f6bb5695368d538ce5add9ee4bca063b52031d7cec646e436cb28c6c0a,8.326672684688674e-17,2.8141551589033753e-15,1.313185671314443e-15,0,3.885780586188048e-16,5.551115123125783e-16
1993,continuum_wings,continuum,common,2,18,90,461577f6bb5695368d538ce5add9ee4bca063b52031d7cec646e436cb28c6c0a,9.454242944073599e-17,2.050226308170089e-15,1.598981363981622e-15,0,6.661338147750939e-16,6.661338147750939e-16
1993,continuum_wings,continuum,common,2,19,90,461577f6bb5695368d538ce5add9ee4bca063b52031d7cec646e436cb28c6c0a,8.326672684688674e-17,3.666121226042485e-15,2.321060010856968e-15,0,6.661338147750939e-16,6.661338147750939e-16
1993,continuum_wings,continuum,common,2,20,90,461577f6bb5695368d538ce5add9ee4bca063b52031d7cec646e436cb28c6c0a,9.020562075079397e-17,2.407579344221311e-15,1.096345236817342e-15,0,3.3306690738754696e-16,1.1102230246251565e-15
1993,continuum_wings,continuum,common,2,21,90,461577f6bb5695368d538ce5add9ee4bca063b52031d7cec646e436cb28c6c0a,9.71445146547012e-17,3.045307062077285e-15,1.908195823574488e-15,0,5.551115123125783e-16,5.551115123125783e-16
1993,continuum_wings,continuum,common,2,22,90,461577f6bb5695368d538ce5add9ee4bca063b52031d7cec646e436cb28c6c0a,8.326672684688674e-17,2.63390654772766e-15,1.6375789613221059e-15,0,4.440892098500626e-16,9.992007221626409e-16
1993,continuum_wings,continuum,common,2,23,90,461577f6bb5695368d538ce5add9ee4bca063b52031d7cec646e436cb28c6c0a,9.063930161978817e-17,1.9091716055297248e-15,7.771561172376096e-16,0,1.1102230246251565e-16,5.551115123125783e-16
1993,continuum_wings,continuum,common,2,24,90,461577f6bb5695368d538ce5add9ee4bca063b52031d7cec646e436cb28c6c0a,9.71445146547012e-17,2.2261923207644863e-15,1.1379786002407855e-15,0,3.885780586188048e-16,1.1102230246251565e-15
1993,continuum_wings,continuum,common,2,25,90,461577f6bb5695368d538ce5add9ee4bca063b52031d7cec646e436cb28c6c0a,6.938893903907228e-17,2.0822102722584113e-15,9.43689570931383e-16,0,2.220446049250313e-16,9.992007221626409e-16
1993,continuum_wings,continuum,common,2,26,90,461577f6bb5695368d538ce5add9ee4bca063b52031d7cec646e436cb28c6c0a,8.500145032286355e-17,2.505808061048498e-15,1.5543122344752192e-15,0,1.6653345369377348e-16,6.661338147750939e-16
1993,continuum_wings,continuum,common,2,27,90,461577f6bb5695368d538ce5add9ee4bca063b52031d7cec646e436cb28c6c0a,8.326672684688674e-17,2.0448052973076614e-15,8.187894806610529e-16,0,1.1102230246251565e-16,9.992007221626409e-16
1993,continuum_wings,continuum,common,2,28,90,461577f6bb5695368d538ce5add9ee4bca063b52031d7cec646e436cb28c6c0a,9.020562075079397e-17,1.8364216397559474e-15,5.689893001203927e-16,0,1.6653345369377348e-16,5.551115123125783e-16
1993,continuum_wings,continuum,common,2,29,90,461577f6bb5695368d538ce5add9ee4bca063b52031d7cec646e436cb28c6c0a,9.020562075079397e-17,1.983873135213976e-15,9.020562075079397e-16,0,3.3306690738754696e-16,1.1102230246251565e-15
1993,continuum_wings,continuum,common,2,30,90,461577f6bb5695368d538ce5add9ee4bca063b52031d7cec646e436cb28c6c0a,9.367506770274758e-17,1.6467811272610766e-15,5.273559366969494e-16,0,1.6653345369377348e-16,5.551115123125783e-16
1993,continuum_wings,continuum,common,3,1,90,461577f6bb5695368d538ce5add9ee4bca063b52031d7cec646e436cb28c6c0a,9.71445146547012e-17,1.3929287411007518e-15,5.828670879282072e-16,0,3.3306690738754696e-16,1.3322676295501878e-15
1993,continuum_wings,continuum,common,3,2,90,461577f6bb5695368d538ce5add9ee4bca063b52031d7cec646e436cb28c6c0a,9.367506770274758e-17,1.4567340389515238e-15,5.065392549852277e-16,0,3.3306690738754696e-16,7.216449660063518e-16
1993,continuum_wings,continuum,common,3,3,90,461577f6bb5695368d538ce5add9ee4bca063b52031d7cec646e436cb28c6c0a,9.020562075079397e-17,1.4187886569804256e-15,8.049116928532385e-16,0,4.440892098500626e-16,6.661338147750939e-16
1993,continuum_wings,continuum,common,3,4,90,461577f6bb5695368d538ce5add9ee4bca063b52031d7cec646e436cb28c6c0a,9.616873269946424e-17,1.1570876635308425e-15,4.85722573273506e-16,0,4.440892098500626e-16,9.43689570931383e-16
1993,continuum_wings,continuum,common,3,5,90,461577f6bb5695368d538ce5add9ee4bca063b52031d7cec646e436cb28c6c0a,9.71445146547012e-17,1.451868681702495e-15,4.926614671774132e-16,0,3.3306690738754696e-16,1.2212453270876722e-15
1993,continuum_wings,continuum,common,3,6,90,461577f6bb5695368d538ce5add9ee4bca063b52031d7cec646e436cb28c6c0a,9.71445146547012e-17,1.1272178936788668e-15,3.3046482217358175e-16,0,4.440892098500626e-16,6.106226635438361e-16
1993,continuum_wings,continuum,common,3,7,90,461577f6bb5695368d538ce5add9ee4bca063b52031d7cec646e436cb28c6c0a,8.847089727481716e-17,7.84528692010511e-16,2.7755575615628914e-16,0,2.220446049250313e-16,8.881784197001252e-16
1993,continuum_wings,continuum,common,3,8,90,461577f6bb5695368d538ce5add9ee4bca063b52031d7cec646e436cb28c6c0a,9.367506770274758e-17,1.0257636753885357e-15,4.996003610813204e-16,0,4.440892098500626e-16,6.106226635438361e-16
1993,continuum_wings,continuum,common,3,9,90,461577f6bb5695368d538ce5add9ee4bca063b52031d7cec646e436cb28c6c0a,9.020562075079397e-17,9.191120629338523e-16,3.677613769070831e-16,0,3.3306690738754696e-16,6.106226635438361e-16
1993,continuum_wings,continuum,common,3,10,90,461577f6bb5695368d538ce5add9ee4bca063b52031d7cec646e436cb28c6c0a,8.326672684688674e-17,1.2463988174893359e-15,4.85722573273506e-16,0,3.3306690738754696e-16,9.43689570931383e-16
1993,continuum_wings,continuum,common,3,11,90,461577f6bb5695368d538ce5add9ee4bca063b52031d7cec646e436cb28c6c0a,9.71445146547012e-17,1.4751654758837773e-15,6.800116025829084e-16,0,4.440892098500626e-16,9.992007221626409e-16
1993,continuum_wings,continuum,common,3,12,90,461577f6bb5695368d538ce5add9ee4bca063b52031d7cec646e436cb28c6c0a,8.326672684688674e-17,1.111090386363145e-15,5.273559366969494e-16,0,2.220446049250313e-16,1.2212453270876722e-15
1993,continuum_wings,continuum,common,3,13,90,461577f6bb5695368d538ce5add9ee4bca063b52031d7cec646e436cb28c6c0a,8.673617379884035e-17,1.1570832649336904e-15,5.030698080332741e-16,0,4.440892098500626e-16,6.661338147750939e-16
1993,continuum_wings,continuum,common,3,14,90,461577f6bb5695368d538ce5add9ee4bca063b52031d7cec646e436cb28c6c0a,9.904186845655083e-17,1.4987062155538688e-15,7.494005416219807e-16,0,2.220446049250313e-16,6.106226635438361e-16
1993,continuum_wings,continuum,common,3,15,90,461577f6bb5695368d538ce5add9ee4bca063b52031d7cec646e436cb28c6c0a,9.454242944073599e-17,1.5659188995050996e-15,5.967448757360216e-16,0,4.440892098500626e-16,1.27675647831893e-15
1993,continuum_wings,continuum,common,3,16,90,461577f6bb5695368d538ce5add9ee4bca063b52031d7cec646e436cb28c6c0a,9.367506770274758e-17,1.0647119147321963e-15,3.3306690738754696e-16,0,3.3306690738754696e-16,6.661338147750939e-16
1993,continuum_wings,continuum,common,3,17,90,461577f6bb5695368d538ce5add9ee4bca063b52031d7cec646e436cb28c6c0a,9.020562075079397e-17,1.4955484767265048e-15,5.828670879282072e-16,0,4.440892098500626e-16,1.4988010832439613e-15
1993,continuum_wings,continuum,common,3,18,90,461577f6bb5695368d538ce5add9ee4bca063b52031d7cec646e436cb28c6c0a,8.326672684688674e-17,1.0417014473240727e-15,3.5908775952719907e-16,0,2.220446049250313e-16,7.216449660063518e-16
1993,continuum_wings,continuum,common,3,19,90,461577f6bb5695368d538ce5add9ee4bca063b52031d7cec646e436cb28c6c0a,9.71445146547012e-17,1.6262626011467884e-15,7.494005416219807e-16,0,3.3306690738754696e-16,9.992007221626409e-16
1993,continuum_wings,continuum,common,3,20,90,461577f6bb5695368d538ce5add9ee4bca063b52031d7cec646e436cb28c6c0a,8.326672684688674e-17,1.3478801408339791e-15,3.608224830031759e-16,0,2.220446049250313e-16,5.551115123125783e-16
1993,continuum_wings,continuum,common,3,21,90,461577f6bb5695368d538ce5add9ee4bca063b52031d7cec646e436cb28c6c0a,9.71445146547012e-17,1.091791587692903e-15,4.718447854656915e-16,0,3.3306690738754696e-16,6.661338147750939e-16
1993,continuum_wings,continuum,common,3,22,90,461577f6bb5695368d538ce5add9ee4bca063b52031d7cec646e436cb28c6c0a,9.367506770274758e-17,1.199127602768968e-15,6.938893903907228e-16,0,4.440892098500626e-16,1.3322676295501878e-15
1993,continuum_wings,continuum,common,3,23,90,461577f6bb5695368d538ce5add9ee4bca063b52031d7cec646e436cb28c6c0a,9.71445146547012e-17,1.6475536213089725e-15,4.2327252813834093e-16,0,2.220446049250313e-16,7.771561172376096e-16
1993,continuum_wings,continuum,common,3,24,90,461577f6bb5695368d538ce5add9ee4bca063b52031d7cec646e436cb28c6c0a,9.71445146547012e-17,1.5911751083397263e-15,8.881784197001252e-16,0,6.661338147750939e-16,9.43689570931383e-16
1993,continuum_wings,continuum,common,3,25,90,461577f6bb5695368d538ce5add9ee4bca063b52031d7cec646e436cb28c6c0a,9.71445146547012e-17,1.7017637299332478e-15,9.159339953157541e-16,0,4.440892098500626e-16,6.661338147750939e-16
1993,continuum_wings,continuum,common,3,26,90,461577f6bb5695368d538ce5add9ee4bca063b52031d7cec646e436cb28c6c0a,9.71445146547012e-17,1.3721662694976544e-15,6.522560269672795e-16,0,4.440892098500626e-16,1.2212453270876722e-15
1993,continuum_wings,continuum,common,3,27,90,461577f6bb5695368d538ce5add9ee4bca063b52031d7cec646e436cb28c6c0a,9.8879238130678e-17,1.5049810356271287e-15,5.551115123125783e-16,0,3.3306690738754696e-16,8.881784197001252e-16
1993,continuum_wings,continuum,common,3,28,90,461577f6bb5695368d538ce5add9ee4bca063b52031d7cec646e436cb28c6c0a,9.020562075079397e-17,1.339179418399783e-15,4.440892098500626e-16,0,2.220446049250313e-16,3.885780586188048e-16
1993,continuum_wings,continuum,common,3,29,90,461577f6bb5695368d538ce5add9ee4bca063b52031d7cec646e436cb28c6c0a,9.71445146547012e-17,1.2020278435803666e-15,6.106226635438361e-16,0,3.3306690738754696e-16,6.106226635438361e-16
1993,continuum_wings,continuum,common,3,30,90,461577f6bb5695368d538ce5add9ee4bca063b52031d7cec646e436cb28c6c0a,9.367506770274758e-17,1.1049104339799776e-15,7.129713486264677e-16,0,1.1102230246251565e-16,6.106226635438361e-16
1993,continuum_wings,continuum,blue_earlier,2,1,78,bd2bcd752e51d4af67b3408a0b7f6b7e103a288197f4acc3e44180930733ee98,6.938893903907228e-17,1.2826446278517683e-15,7.771561172376096e-16,0,1.6653345369377348e-16,4.996003610813204e-16
1993,continuum_wings,continuum,blue_earlier,2,2,78,bd2bcd752e51d4af67b3408a0b7f6b7e103a288197f4acc3e44180930733ee98,8.326672684688674e-17,0.10700782665429256,0.07951978814823024,19,4.440892098500626e-16,1.4988010832439613e-15
1993,continuum_wings,continuum,blue_earlier,2,3,78,bd2bcd752e51d4af67b3408a0b7f6b7e103a288197f4acc3e44180930733ee98,9.540979117872439e-17,1.991354130204126e-15,1.2706849461530112e-15,0,3.3306690738754696e-16,4.996003610813204e-16
1993,continuum_wings,continuum,blue_earlier,2,4,78,bd2bcd752e51d4af67b3408a0b7f6b7e103a288197f4acc3e44180930733ee98,9.367506770274758e-17,1.9845236565174673e-15,1.1744077932362984e-15,0,3.3306690738754696e-16,1.4432899320127035e-15
1993,continuum_wings,continuum,blue_earlier,2,5,78,bd2bcd752e51d4af67b3408a0b7f6b7e103a288197f4acc3e44180930733ee98,9.71445146547012e-17,2.874355484530633e-15,1.2351231148954867e-15,0,3.3306690738754696e-16,9.992007221626409e-16
1993,continuum_wings,continuum,blue_earlier,2,6,78,bd2bcd752e51d4af67b3408a0b7f6b7e103a288197f4acc3e44180930733ee98,9.020562075079397e-17,2.1344688169722126e-15,8.881784197001252e-16,0,3.3306690738754696e-16,1.3877787807814457e-15
1993,continuum_wings,continuum,blue_earlier,2,7,78,bd2bcd752e51d4af67b3408a0b7f6b7e103a288197f4acc3e44180930733ee98,9.71445146547012e-17,1.53479659537048e-15,7.112366251504909e-16,0,3.3306690738754696e-16,5.551115123125783e-16
1993,continuum_wings,continuum,blue_earlier,2,8,78,bd2bcd752e51d4af67b3408a0b7f6b7e103a288197f4acc3e44180930733ee98,9.020562075079397e-17,2.0436457092028702e-15,8.604228440844963e-16,0,1.1102230246251565e-16,4.996003610813204e-16
1993,continuum_wings,continuum,blue_earlier,2,9,78,bd2bcd752e51d4af67b3408a0b7f6b7e103a288197f4acc3e44180930733ee98,8.326672684688674e-17,2.7290452883632632e-15,1.1741909528018013e-15,0,3.3306690738754696e-16,9.43689570931383e-16
1993,continuum_wings,continuum,blue_earlier,2,10,78,bd2bcd752e51d4af67b3408a0b7f6b7e103a288197f4acc3e44180930733ee98,8.326672684688674e-17,2.822178254979768e-15,1.2607102861661446e-15,0,3.3306690738754696e-16,4.996003610813204e-16
1993,continuum_wings,continuum,blue_earlier,2,11,78,bd2bcd752e51d4af67b3408a0b7f6b7e103a288197f4acc3e44180930733ee98,9.259086553026208e-17,1.9651164376299768e-15,9.71445146547012e-16,0,2.220446049250313e-16,4.996003610813204e-16
1993,continuum_wings,continuum,blue_earlier,2,12,78,bd2bcd752e51d4af67b3408a0b7f6b7e103a288197f4acc3e44180930733ee98,9.020562075079397e-17,2.209170346656464e-15,8.743006318923108e-16,0,2.220446049250313e-16,9.43689570931383e-16
1993,continuum_wings,continuum,blue_earlier,2,13,78,bd2bcd752e51d4af67b3408a0b7f6b7e103a288197f4acc3e44180930733ee98,9.020562075079397e-17,2.1094237467877974e-15,1.1102230246251565e-15,0,2.220446049250313e-16,9.43689570931383e-16
1993,continuum_wings,continuum,blue_earlier,2,14,78,bd2bcd752e51d4af67b3408a0b7f6b7e103a288197f4acc3e44180930733ee98,9.020562075079397e-17,2.3739690768742605e-15,1.2784912017949068e-15,0,2.220446049250313e-16,9.992007221626409e-16
1993,continuum_wings,continuum,blue_earlier,2,15,78,bd2bcd752e51d4af67b3408a0b7f6b7e103a288197f4acc3e44180930733ee98,9.020562075079397e-17,2.873786278390078e-15,1.1657341758564144e-15,0,2.220446049250313e-16,9.43689570931383e-16
1993,continuum_wings,continuum,blue_earlier,2,16,78,bd2bcd752e51d4af67b3408a0b7f6b7e103a288197f4acc3e44180930733ee98,9.020562075079397e-17,2.6664868230108496e-15,1.124100812432971e-15,0,2.220446049250313e-16,5.551115123125783e-16
1993,continuum_wings,continuum,blue_earlier,2,17,78,bd2bcd752e51d4af67b3408a0b7f6b7e103a288197f4acc3e44180930733ee98,9.020562075079397e-17,3.0353324020904182e-15,1.9359513991901167e-15,0,6.106226635438361e-16,6.661338147750939e-16
1993,continuum_wings,continuum,blue_earlier,2,18,78,bd2bcd752e51d4af67b3408a0b7f6b7e103a288197f4acc3e44180930733ee98,9.71445146547012e-17,2.415819280732201e-15,1.1379786002407855e-15,0,1.6653345369377348e-16,9.43689570931383e-16
1993,continuum_wings,continuum,blue_earlier,2,19,78,bd2bcd752e51d4af67b3408a0b7f6b7e103a288197f4acc3e44180930733ee98,8.326672684688674e-17,3.529647277580872e-15,1.609823385706477e-15,0,3.3306690738754696e-16,8.881784197001252e-16
1993,continuum_wings,continuum,blue_earlier,2,20,78,bd2bcd752e51d4af67b3408a0b7f6b7e103a288197f4acc3e44180930733ee98,8.326672684688674e-17,3.393986480748623e-15,1.3322676295501878e-15,0,3.3306690738754696e-16,8.881784197001252e-16
1993,continuum_wings,continuum,blue_earlier,2,21,78,bd2bcd752e51d4af67b3408a0b7f6b7e103a288197f4acc3e44180930733ee98,8.326672684688674e-17,3.136455936708494e-15,1.1449174941446927e-15,0,2.220446049250313e-16,9.992007221626409e-16
1993,continuum_wings,continuum,blue_earlier,2,22,78,bd2bcd752e51d4af67b3408a0b7f6b7e103a288197f4acc3e44180930733ee98,4.85722573273506e-17,0.03236670826000691,0.032366708260004706,22,4.996003610813204e-16,5.551115123125783e-16
1993,continuum_wings,continuum,blue_earlier,2,23,78,bd2bcd752e51d4af67b3408a0b7f6b7e103a288197f4acc3e44180930733ee98,9.194034422677078e-17,3.0470146804989495e-15,1.6930901125533637e-15,0,3.3306690738754696e-16,1.4432899320127035e-15
1993,continuum_wings,continuum,blue_earlier,2,24,78,bd2bcd752e51d4af67b3408a0b7f6b7e103a288197f4acc3e44180930733ee98,9.020562075079397e-17,3.899658373995862e-15,1.6930901125533637e-15,0,3.885780586188048e-16,5.551115123125783e-16
1993,continuum_wings,continuum,blue_earlier,2,25,78,bd2bcd752e51d4af67b3408a0b7f6b7e103a288197f4acc3e44180930733ee98,9.71445146547012e-17,5.410168840702667e-15,2.4980018054066022e-15,0,4.440892098500626e-16,5.551115123125783e-16
1993,continuum_wings,continuum,blue_earlier,2,26,78,bd2bcd752e51d4af67b3408a0b7f6b7e103a288197f4acc3e44180930733ee98,8.326672684688674e-17,3.7947076036992655e-15,1.609823385706477e-15,0,4.996003610813204e-16,5.551115123125783e-16
1993,continuum_wings,continuum,blue_earlier,2,27,78,bd2bcd752e51d4af67b3408a0b7f6b7e103a288197f4acc3e44180930733ee98,9.194034422677078e-17,3.6524907718552685e-15,1.8318679906315083e-15,0,3.3306690738754696e-16,7.771561172376096e-16
1993,continuum_wings,continuum,blue_earlier,2,28,78,bd2bcd752e51d4af67b3408a0b7f6b7e103a288197f4acc3e44180930733ee98,9.540979117872439e-17,3.815741125845484e-15,1.3322676295501878e-15,0,3.3306690738754696e-16,1.1102230246251565e-15
1993,continuum_wings,continuum,blue_earlier,2,29,78,bd2bcd752e51d4af67b3408a0b7f6b7e103a288197f4acc3e44180930733ee98,5.551115123125783e-17,2.8666305440516737e-15,1.2351231148954867e-15,0,5.551115123125783e-16,9.992007221626409e-16
1993,continuum_wings,continuum,blue_earlier,2,30,78,bd2bcd752e51d4af67b3408a0b7f6b7e103a288197f4acc3e44180930733ee98,9.71445146547012e-17,3.1693397906096266e-15,1.5959455978986625e-15,0,4.440892098500626e-16,1.4432899320127035e-15
1993,continuum_wings,continuum,blue_earlier,3,1,78,bd2bcd752e51d4af67b3408a0b7f6b7e103a288197f4acc3e44180930733ee98,9.71445146547012e-17,3.534228031759623e-15,1.8318679906315083e-15,0,2.220446049250313e-16,9.43689570931383e-16
1993,continuum_wings,continuum,blue_earlier,3,2,78,bd2bcd752e51d4af67b3408a0b7f6b7e103a288197f4acc3e44180930733ee98,9.020562075079397e-17,5.21055366822093e-15,2.4424906541753444e-15,0,2.220446049250313e-16,8.881784197001252e-16
1993,continuum_wings,continuum,blue_earlier,3,3,78,bd2bcd752e51d4af67b3408a0b7f6b7e103a288197f4acc3e44180930733ee98,9.71445146547012e-17,4.528712474471952e-15,1.4849232954361469e-15,0,4.440892098500626e-16,6.106226635438361e-16
1993,continuum_wings,continuum,blue_earlier,3,4,78,bd2bcd752e51d4af67b3408a0b7f6b7e103a288197f4acc3e44180930733ee98,9.71445146547012e-17,4.047489340214261e-15,1.734723475976807e-15,0,5.551115123125783e-16,8.881784197001252e-16
1993,continuum_wings,continuum,blue_earlier,3,5,78,bd2bcd752e51d4af67b3408a0b7f6b7e103a288197f4acc3e44180930733ee98,9.367506770274758e-17,4.3964398094287205e-15,1.3426759704060487e-15,0,3.3306690738754696e-16,8.881784197001252e-16
1993,continuum_wings,continuum,blue_earlier,3,6,78,bd2bcd752e51d4af67b3408a0b7f6b7e103a288197f4acc3e44180930733ee98,9.71445146547012e-17,5.283317186521863e-15,2.432949675057472e-15,0,1.1102230246251565e-16,1.1657341758564144e-15
1993,continuum_wings,continuum,blue_earlier,3,7,78,bd2bcd752e51d4af67b3408a0b7f6b7e103a288197f4acc3e44180930733ee98,7.632783294297951e-17,4.491632760172948e-15,1.8769708010069053e-15,0,4.440892098500626e-16,1.2212453270876722e-15
1993,continuum_wings,continuum,blue_earlier,3,8,78,bd2bcd752e51d4af67b3408a0b7f6b7e103a288197f4acc3e44180930733ee98,9.020562075079397e-17,5.51165016404731e-15,1.8596235662471372e-15,0,2.220446049250313e-16,8.881784197001252e-16
1993,continuum_wings,continuum,blue_earlier,3,9,78,bd2bcd752e51d4af67b3408a0b7f6b7e103a288197f4acc3e44180930733ee98,9.71445146547012e-17,5.195063129681543e-15,1.880440247958859e-15,0,4.440892098500626e-16,1.1657341758564144e-15
1993,continuum_wings,continuum,blue_earlier,3,10,78,bd2bcd752e51d4af67b3408a0b7f6b7e103a288197f4acc3e44180930733ee98,8.326672684688674e-17,5.812191006260292e-15,2.067790383364354e-15,0,2.220446049250313e-16,1.2212453270876722e-15
1993,continuum_wings,continuum,blue_earlier,3,11,78,bd2bcd752e51d4af67b3408a0b7f6b7e103a288197f4acc3e44180930733ee98,8.847089727481716e-17,6.246739236992482e-15,2.7131075164277263e-15,0,4.440892098500626e-16,8.881784197001252e-16
1993,continuum_wings,continuum,blue_earlier,3,12,78,bd2bcd752e51d4af67b3408a0b7f6b7e103a288197f4acc3e44180930733ee98,9.71445146547012e-17,7.392957773744158e-15,3.426078865054194e-15,0,2.220446049250313e-16,1.27675647831893e-15
1993,continuum_wings,continuum,blue_earlier,3,13,78,bd2bcd752e51d4af67b3408a0b7f6b7e103a288197f4acc3e44180930733ee98,8.326672684688674e-17,6.500008864485096e-15,2.5326962749261384e-15,0,2.220446049250313e-16,9.43689570931383e-16
1993,continuum_wings,continuum,blue_earlier,3,14,78,bd2bcd752e51d4af67b3408a0b7f6b7e103a288197f4acc3e44180930733ee98,9.020562075079397e-17,6.4340893723979775e-15,3.9065972678997696e-15,0,4.440892098500626e-16,1.1657341758564144e-15
1993,continuum_wings,continuum,blue_earlier,3,15,78,bd2bcd752e51d4af67b3408a0b7f6b7e103a288197f4acc3e44180930733ee98,9.71445146547012e-17,6.25064236481343e-15,4.15639744844043e-15,0,2.220446049250313e-16,8.881784197001252e-16
1993,continuum_wings,continuum,blue_earlier,3,16,78,bd2bcd752e51d4af67b3408a0b7f6b7e103a288197f4acc3e44180930733ee98,9.020562075079397e-17,6.775396216296414e-15,3.920475055707584e-15,0,1.1102230246251565e-16,6.661338147750939e-16
1993,continuum_wings,continuum,blue_earlier,3,17,78,bd2bcd752e51d4af67b3408a0b7f6b7e103a288197f4acc3e44180930733ee98,9.71445146547012e-17,5.557620336160696e-15,2.987193825632062e-15,0,2.220446049250313e-16,6.661338147750939e-16
1993,continuum_wings,continuum,blue_earlier,3,18,78,bd2bcd752e51d4af67b3408a0b7f6b7e103a288197f4acc3e44180930733ee98,8.326672684688674e-17,4.002007059078494e-15,2.5118795932144167e-15,0,2.220446049250313e-16,6.661338147750939e-16
1993,continuum_wings,continuum,blue_earlier,3,19,78,bd2bcd752e51d4af67b3408a0b7f6b7e103a288197f4acc3e44180930733ee98,9.432558900623889e-17,5.3286910474403815e-15,1.8255796180310924e-15,0,3.3306690738754696e-16,8.881784197001252e-16
1993,continuum_wings,continuum,blue_earlier,3,20,78,bd2bcd752e51d4af67b3408a0b7f6b7e103a288197f4acc3e44180930733ee98,9.367506770274758e-17,4.84898579622417e-15,2.0088097851811426e-15,0,3.3306690738754696e-16,8.326672684688674e-16
1993,continuum_wings,continuum,blue_earlier,3,21,78,bd2bcd752e51d4af67b3408a0b7f6b7e103a288197f4acc3e44180930733ee98,9.71445146547012e-17,3.973384121724877e-15,1.3600232051658168e-15,0,3.3306690738754696e-16,8.881784197001252e-16
1993,continuum_wings,continuum,blue_earlier,3,22,78,bd2bcd752e51d4af67b3408a0b7f6b7e103a288197f4acc3e44180930733ee98,8.326672684688674e-17,4.853539445348609e-15,2.6367796834847468e-15,0,2.220446049250313e-16,6.106226635438361e-16
1993,continuum_wings,continuum,blue_earlier,3,23,78,bd2bcd752e51d4af67b3408a0b7f6b7e103a288197f4acc3e44180930733ee98,9.71445146547012e-17,4.545842868797223e-15,2.3869795029440866e-15,0,3.3306690738754696e-16,6.661338147750939e-16
1993,continuum_wings,continuum,blue_earlier,3,24,78,bd2bcd752e51d4af67b3408a0b7f6b7e103a288197f4acc3e44180930733ee98,9.367506770274758e-17,4.7555275689559195e-15,2.831068712794149e-15,0,2.220446049250313e-16,1.27675647831893e-15
1993,continuum_wings,continuum,blue_earlier,3,25,78,bd2bcd752e51d4af67b3408a0b7f6b7e103a288197f4acc3e44180930733ee98,8.673617379884035e-17,4.643421064320918e-15,2.9698465908722937e-15,0,2.220446049250313e-16,3.3306690738754696e-16
1993,continuum_wings,continuum,blue_earlier,3,26,78,bd2bcd752e51d4af67b3408a0b7f6b7e103a288197f4acc3e44180930733ee98,6.765421556309548e-17,3.9900808351811534e-15,2.3314683517128287e-15,0,2.220446049250313e-16,6.106226635438361e-16
1993,continuum_wings,continuum,blue_earlier,3,27,78,bd2bcd752e51d4af67b3408a0b7f6b7e103a288197f4acc3e44180930733ee98,9.584347204771859e-17,3.3243807012750537e-15,1.2628786905111156e-15,0,4.440892098500626e-16,6.106226635438361e-16
1993,continuum_wings,continuum,blue_earlier,3,28,78,bd2bcd752e51d4af67b3408a0b7f6b7e103a288197f4acc3e44180930733ee98,9.71445146547012e-17,3.193463288947429e-15,1.7208456881689926e-15,0,3.3306690738754696e-16,6.661338147750939e-16
1993,continuum_wings,continuum,blue_earlier,3,29,78,bd2bcd752e51d4af67b3408a0b7f6b7e103a288197f4acc3e44180930733ee98,9.71445146547012e-17,2.925611142234885e-15,1.4016565685892601e-15,0,3.3306690738754696e-16,8.881784197001252e-16
1993,continuum_wings,continuum,blue_earlier,3,30,78,bd2bcd752e51d4af67b3408a0b7f6b7e103a288197f4acc3e44180930733ee98,8.326672684688674e-17,3.5256086244883633e-15,2.338407245616736e-15,0,4.440892098500626e-16,6.106226635438361e-16
1993,continuum_wings,continuum,red_earlier,2,1,78,bd2bcd752e51d4af67b3408a0b7f6b7e103a288197f4acc3e44180930733ee98,9.71445146547012e-17,3.138971620409771e-15,1.115427195053087e-15,0,1.1102230246251565e-16,4.440892098500626e-16
1993,continuum_wings,continuum,red_earlier,2,2,78,bd2bcd752e51d4af67b3408a0b7f6b7e103a288197f4acc3e44180930733ee98,9.71445146547012e-17,2.0383000842727483e-15,1.0607834055598175e-15,0,1.6653345369377348e-16,9.43689570931383e-16
1993,continuum_wings,continuum,red_earlier,2,3,78,bd2bcd752e51d4af67b3408a0b7f6b7e103a288197f4acc3e44180930733ee98,8.847089727481716e-17,2.003980850348846e-15,1.2212453270876722e-15,0,1.1102230246251565e-16,5.551115123125783e-16
1993,continuum_wings,continuum,red_earlier,2,4,78,bd2bcd752e51d4af67b3408a0b7f6b7e103a288197f4acc3e44180930733ee98,9.367506770274758e-17,1.9768283357026847e-15,1.2041149327624012e-15,0,1.6653345369377348e-16,5.551115123125783e-16
1993,continuum_wings,continuum,red_earlier,2,5,78,bd2bcd752e51d4af67b3408a0b7f6b7e103a288197f4acc3e44180930733ee98,9.540979117872439e-17,1.81992676120001e-15,8.881784197001252e-16,0,1.6653345369377348e-16,4.440892098500626e-16
1993,continuum_wings,continuum,red_earlier,2,6,78,bd2bcd752e51d4af67b3408a0b7f6b7e103a288197f4acc3e44180930733ee98,7.470152968425126e-17,1.7980906957603592e-15,8.743006318923108e-16,0,2.220446049250313e-16,9.43689570931383e-16
1993,continuum_wings,continuum,red_earlier,2,7,78,bd2bcd752e51d4af67b3408a0b7f6b7e103a288197f4acc3e44180930733ee98,7.806255641895632e-17,3.9266071065359854e-15,1.6653345369377348e-15,0,3.3306690738754696e-16,4.440892098500626e-16
1993,continuum_wings,continuum,red_earlier,2,8,78,bd2bcd752e51d4af67b3408a0b7f6b7e103a288197f4acc3e44180930733ee98,7.632783294297951e-17,3.836340967122709e-15,2.1510571102112408e-15,0,1.1102230246251565e-16,5.551115123125783e-16
1993,continuum_wings,continuum,red_earlier,2,9,78,bd2bcd752e51d4af67b3408a0b7f6b7e103a288197f4acc3e44180930733ee98,8.326672684688674e-17,3.875372245332187e-15,1.9984014443252818e-15,0,1.6653345369377348e-16,5.551115123125783e-16
1993,continuum_wings,continuum,red_earlier,2,10,78,bd2bcd752e51d4af67b3408a0b7f6b7e103a288197f4acc3e44180930733ee98,8.326672684688674e-17,4.0870085094013575e-15,2.0539125955565396e-15,0,2.7755575615628914e-16,9.992007221626409e-16
1993,continuum_wings,continuum,red_earlier,2,11,78,bd2bcd752e51d4af67b3408a0b7f6b7e103a288197f4acc3e44180930733ee98,9.367506770274758e-17,3.516284485804988e-15,1.7555401576885288e-15,0,4.440892098500626e-16,9.992007221626409e-16
1993,continuum_wings,continuum,red_earlier,2,12,78,bd2bcd752e51d4af67b3408a0b7f6b7e103a288197f4acc3e44180930733ee98,9.71445146547012e-17,3.5006719745211967e-15,1.5681900222830336e-15,0,4.440892098500626e-16,5.551115123125783e-16
1993,continuum_wings,continuum,red_earlier,2,13,78,bd2bcd752e51d4af67b3408a0b7f6b7e103a288197f4acc3e44180930733ee98,8.673617379884035e-17,3.462941738918701e-15,1.5543122344752192e-15,0,4.440892098500626e-16,5.551115123125783e-16
1993,continuum_wings,continuum,red_earlier,2,14,78,bd2bcd752e51d4af67b3408a0b7f6b7e103a288197f4acc3e44180930733ee98,8.326672684688674e-17,3.5291864916575655e-15,2.192690473634684e-15,0,5.551115123125783e-16,4.440892098500626e-16
1993,continuum_wings,continuum,red_earlier,2,15,78,bd2bcd752e51d4af67b3408a0b7f6b7e103a288197f4acc3e44180930733ee98,8.326672684688674e-17,3.627957309570995e-15,2.3592239273284576e-15,0,3.3306690738754696e-16,4.440892098500626e-16
1993,continuum_wings,continuum,red_earlier,2,16,78,bd2bcd752e51d4af67b3408a0b7f6b7e103a288197f4acc3e44180930733ee98,8.326672684688674e-17,4.077318452484768e-15,2.609024107869118e-15,0,3.885780586188048e-16,9.992007221626409e-16
1993,continuum_wings,continuum,red_earlier,2,17,78,bd2bcd752e51d4af67b3408a0b7f6b7e103a288197f4acc3e44180930733ee98,8.868773770931426e-17,5.101659112521917e-15,2.886579864025407e-15,0,4.440892098500626e-16,5.551115123125783e-16
1993,continuum_wings,continuum,red_earlier,2,18,78,bd2bcd752e51d4af67b3408a0b7f6b7e103a288197f4acc3e44180930733ee98,5.551115123125783e-17,3.0669572242091048e-15,1.609823385706477e-15,0,3.3306690738754696e-16,8.881784197001252e-16
1993,continuum_wings,continuum,red_earlier,2,19,78,bd2bcd752e51d4af67b3408a0b7f6b7e103a288197f4acc3e44180930733ee98,7.632783294297951e-17,4.308673643566019e-15,2.1649348980190553e-15,0,2.220446049250313e-16,8.881784197001252e-16
1993,continuum_wings,continuum,red_earlier,2,20,78,bd2bcd752e51d4af67b3408a0b7f6b7e103a288197f4acc3e44180930733ee98,8.326672684688674e-17,3.854121882751471e-15,2.0261570199409107e-15,0,2.220446049250313e-16,8.881784197001252e-16
1993,continuum_wings,continuum,red_earlier,2,21,78,bd2bcd752e51d4af67b3408a0b7f6b7e103a288197f4acc3e44180930733ee98,9.020562075079397e-17,4.9434469105019696e-15,2.22066288968481e-15,0,3.885780586188048e-16,5.551115123125783e-16
1993,continuum_wings,continuum,red_earlier,2,22,78,bd2bcd752e51d4af67b3408a0b7f6b7e103a288197f4acc3e44180930733ee98,9.71445146547012e-17,6.29401045171285e-15,2.5656560209696977e-15,0,5.551115123125783e-16,1.1102230246251565e-15
1993,continuum_wings,continuum,red_earlier,2,23,78,bd2bcd752e51d4af67b3408a0b7f6b7e103a288197f4acc3e44180930733ee98,9.71445146547012e-17,3.8398104140746625e-15,2.0122792321330962e-15,0,6.661338147750939e-16,1.1102230246251565e-15
1993,continuum_wings,continuum,red_earlier,2,24,78,bd2bcd752e51d4af67b3408a0b7f6b7e103a288197f4acc3e44180930733ee98,9.71445146547012e-17,3.316357605198661e-15,1.7763568394002505e-15,0,5.551115123125783e-16,9.992007221626409e-16
1993,continuum_wings,continuum,red_earlier,2,25,78,bd2bcd752e51d4af67b3408a0b7f6b7e103a288197f4acc3e44180930733ee98,5.551115123125783e-17,2.7417304537813436e-15,1.4502288259166107e-15,0,6.661338147750939e-16,4.440892098500626e-16
1993,continuum_wings,continuum,red_earlier,2,26,78,bd2bcd752e51d4af67b3408a0b7f6b7e103a288197f4acc3e44180930733ee98,9.020562075079397e-17,4.036159427511787e-15,2.1094237467877974e-15,0,6.106226635438361e-16,9.992007221626409e-16
1993,continuum_wings,continuum,red_earlier,2,27,78,bd2bcd752e51d4af67b3408a0b7f6b7e103a288197f4acc3e44180930733ee98,9.020562075079397e-17,2.7058975719806977e-15,1.8839096949108125e-15,0,6.106226635438361e-16,1.4432899320127035e-15
1993,continuum_wings,continuum,red_earlier,2,28,78,bd2bcd752e51d4af67b3408a0b7f6b7e103a288197f4acc3e44180930733ee98,6.938893903907228e-17,3.564062226227814e-15,2.2360585605341043e-15,0,2.7755575615628914e-16,9.992007221626409e-16
1993,continuum_wings,continuum,red_earlier,2,29,78,bd2bcd752e51d4af67b3408a0b7f6b7e103a288197f4acc3e44180930733ee98,9.280770596475918e-17,4.873055084453348e-15,1.949829186997931e-15,0,2.7755575615628914e-16,4.440892098500626e-16
1993,continuum_wings,continuum,red_earlier,2,30,78,bd2bcd752e51d4af67b3408a0b7f6b7e103a288197f4acc3e44180930733ee98,9.194034422677078e-17,3.959100252478723e-15,1.582067810090848e-15,0,3.885780586188048e-16,5.551115123125783e-16
1993,continuum_wings,continuum,red_earlier,3,1,78,bd2bcd752e51d4af67b3408a0b7f6b7e103a288197f4acc3e44180930733ee98,9.71445146547012e-17,4.040875706962099e-15,1.7763568394002505e-15,0,2.220446049250313e-16,1.8318679906315083e-15
1993,continuum_wings,continuum,red_earlier,3,2,78,bd2bcd752e51d4af67b3408a0b7f6b7e103a288197f4acc3e44180930733ee98,9.020562075079397e-17,4.019787974707256e-15,2.2273849431542203e-15,0,2.220446049250313e-16,6.661338147750939e-16
1993,continuum_wings,continuum,red_earlier,3,3,78,bd2bcd752e51d4af67b3408a0b7f6b7e103a288197f4acc3e44180930733ee98,8.673617379884035e-17,5.152128723651117e-15,1.8457457784393227e-15,0,5.551115123125783e-16,1.2212453270876722e-15
1993,continuum_wings,continuum,red_earlier,3,4,78,bd2bcd752e51d4af67b3408a0b7f6b7e103a288197f4acc3e44180930733ee98,8.586881206085195e-17,4.898371205180885e-15,1.790234627208065e-15,0,3.3306690738754696e-16,9.43689570931383e-16
1993,continuum_wings,continuum,red_earlier,3,5,78,bd2bcd752e51d4af67b3408a0b7f6b7e103a288197f4acc3e44180930733ee98,9.535558107010011e-17,4.660063567668571e-15,1.781561009828181e-15,0,4.440892098500626e-16,3.885780586188048e-16
1993,continuum_wings,continuum,red_earlier,3,6,78,bd2bcd752e51d4af67b3408a0b7f6b7e103a288197f4acc3e44180930733ee98,9.194034422677078e-17,5.934489011316657e-15,1.9567680809018384e-15,0,2.220446049250313e-16,8.881784197001252e-16
1993,continuum_wings,continuum,red_earlier,3,7,78,bd2bcd752e51d4af67b3408a0b7f6b7e103a288197f4acc3e44180930733ee98,9.194034422677078e-17,5.723952816969744e-15,2.2620794126737565e-15,0,6.661338147750939e-16,6.106226635438361e-16
1993,continuum_wings,continuum,red_earlier,3,8,78,bd2bcd752e51d4af67b3408a0b7f6b7e103a288197f4acc3e44180930733ee98,9.71445146547012e-17,5.215503497206177e-15,2.3869795029440866e-15,0,4.440892098500626e-16,6.106226635438361e-16
1993,continuum_wings,continuum,red_earlier,3,9,78,bd2bcd752e51d4af67b3408a0b7f6b7e103a288197f4acc3e44180930733ee98,9.194034422677078e-17,5.377405606302871e-15,2.220446049250313e-15,0,4.440892098500626e-16,1.2212453270876722e-15
1993,continuum_wings,continuum,red_earlier,3,10,78,bd2bcd752e51d4af67b3408a0b7f6b7e103a288197f4acc3e44180930733ee98,8.326672684688674e-17,6.9326055313068125e-15,3.747002708109903e-15,0,2.220446049250313e-16,6.106226635438361e-16
1993,continuum_wings,continuum,red_earlier,3,11,78,bd2bcd752e51d4af67b3408a0b7f6b7e103a288197f4acc3e44180930733ee98,9.367506770274758e-17,6.605393315650687e-15,3.1676050671336498e-15,0,2.220446049250313e-16,1.4988010832439613e-15
1993,continuum_wings,continuum,red_earlier,3,12,78,bd2bcd752e51d4af67b3408a0b7f6b7e103a288197f4acc3e44180930733ee98,8.673617379884035e-17,6.003877950355729e-15,2.9073965457371287e-15,0,6.661338147750939e-16,6.106226635438361e-16
1993,continuum_wings,continuum,red_earlier,3,13,78,bd2bcd752e51d4af67b3408a0b7f6b7e103a288197f4acc3e44180930733ee98,8.326672684688674e-17,3.899224693126868e-15,2.4841240175987878e-15,0,4.440892098500626e-16,6.661338147750939e-16
1993,continuum_wings,continuum,red_earlier,3,14,78,bd2bcd752e51d4af67b3408a0b7f6b7e103a288197f4acc3e44180930733ee98,9.71445146547012e-17,5.6538974890774085e-15,2.456368441983159e-15,0,3.3306690738754696e-16,9.43689570931383e-16
1993,continuum_wings,continuum,red_earlier,3,15,78,bd2bcd752e51d4af67b3408a0b7f6b7e103a288197f4acc3e44180930733ee98,9.280770596475918e-17,6.240234023957569e-15,2.7330568364014596e-15,0,4.440892098500626e-16,8.881784197001252e-16
1993,continuum_wings,continuum,red_earlier,3,16,78,bd2bcd752e51d4af67b3408a0b7f6b7e103a288197f4acc3e44180930733ee98,9.367506770274758e-17,4.5319650809894085e-15,2.1840168562548e-15,0,4.440892098500626e-16,1.27675647831893e-15
1993,continuum_wings,continuum,red_earlier,3,17,78,bd2bcd752e51d4af67b3408a0b7f6b7e103a288197f4acc3e44180930733ee98,8.326672684688674e-17,5.334925209932173e-15,2.373101715136272e-15,0,4.440892098500626e-16,6.106226635438361e-16
1993,continuum_wings,continuum,red_earlier,3,18,78,bd2bcd752e51d4af67b3408a0b7f6b7e103a288197f4acc3e44180930733ee98,9.71445146547012e-17,3.8267999880048365e-15,1.582067810090848e-15,0,2.220446049250313e-16,6.106226635438361e-16
1993,continuum_wings,continuum,red_earlier,3,19,78,bd2bcd752e51d4af67b3408a0b7f6b7e103a288197f4acc3e44180930733ee98,8.673617379884035e-17,6.29401045171285e-15,1.6844164951734797e-15,0,4.440892098500626e-16,1.2212453270876722e-15
1993,continuum_wings,continuum,red_earlier,3,20,78,bd2bcd752e51d4af67b3408a0b7f6b7e103a288197f4acc3e44180930733ee98,9.8879238130678e-17,4.118667212837934e-15,1.8318679906315083e-15,0,2.220446049250313e-16,1.2212453270876722e-15
1993,continuum_wings,continuum,red_earlier,3,21,78,bd2bcd752e51d4af67b3408a0b7f6b7e103a288197f4acc3e44180930733ee98,9.280770596475918e-17,5.911503925259964e-15,2.5569824035898137e-15,0,2.220446049250313e-16,1.1657341758564144e-15
1993,continuum_wings,continuum,red_earlier,3,22,78,bd2bcd752e51d4af67b3408a0b7f6b7e103a288197f4acc3e44180930733ee98,8.326672684688674e-17,0.1878142284666404,0.0893115959172561,22,1.1102230246251565e-16,5.551115123125783e-16
1993,continuum_wings,continuum,red_earlier,3,23,78,bd2bcd752e51d4af67b3408a0b7f6b7e103a288197f4acc3e44180930733ee98,9.71445146547012e-17,4.225135866176011e-15,1.5681900222830336e-15,0,1.1102230246251565e-16,8.881784197001252e-16
1993,continuum_wings,continuum,red_earlier,3,24,78,bd2bcd752e51d4af67b3408a0b7f6b7e103a288197f4acc3e44180930733ee98,8.326672684688674e-17,4.121702978920894e-15,2.1649348980190553e-15,0,2.220446049250313e-16,3.885780586188048e-16
1993,continuum_wings,continuum,red_earlier,3,25,78,bd2bcd752e51d4af67b3408a0b7f6b7e103a288197f4acc3e44180930733ee98,9.71445146547012e-17,4.641198449867323e-15,2.1371793224034263e-15,0,4.440892098500626e-16,6.661338147750939e-16
1993,continuum_wings,continuum,red_earlier,3,26,78,bd2bcd752e51d4af67b3408a0b7f6b7e103a288197f4acc3e44180930733ee98,8.326672684688674e-17,4.501390579725317e-15,2.130240428499519e-15,0,2.220446049250313e-16,8.326672684688674e-16
1993,continuum_wings,continuum,red_earlier,3,27,78,bd2bcd752e51d4af67b3408a0b7f6b7e103a288197f4acc3e44180930733ee98,9.71445146547012e-17,3.4872278675823765e-15,1.4953316362920077e-15,0,3.3306690738754696e-16,5.551115123125783e-16
1993,continuum_wings,continuum,red_earlier,3,28,78,bd2bcd752e51d4af67b3408a0b7f6b7e103a288197f4acc3e44180930733ee98,9.540979117872439e-17,3.6698075134289354e-15,1.4988010832439613e-15,0,3.3306690738754696e-16,3.885780586188048e-16
1993,continuum_wings,continuum,red_earlier,3,29,78,bd2bcd752e51d4af67b3408a0b7f6b7e103a288197f4acc3e44180930733ee98,9.71445146547012e-17,3.956334882308693e-15,1.3600232051658168e-15,0,4.440892098500626e-16,6.106226635438361e-16
1993,continuum_wings,continuum,red_earlier,3,30,78,bd2bcd752e51d4af67b3408a0b7f6b7e103a288197f4acc3e44180930733ee98,9.416295868036606e-17,3.3331898439264984e-15,1.9133999940024182e-15,0,2.220446049250313e-16,6.106226635438361e-16
