amplitude,true_delay,detection_power,detection_power_ci_low,detection_power_ci_high,recovery_within_3d,recovery_within_3d_ci_low,recovery_within_3d_ci_high,mean_recovered_lag,lag_bias,lag_bias_ci_low,lag_bias_ci_high,lag_rmse,lag_rmse_ci_low,lag_rmse_ci_high,mean_peak_mi,n_realizations
0.0,0,0.16,0.0640345145667644,0.3465362160717886,,,,38.6,,,,,,,0.08456140071147722,25
0.2,10,0.16,0.0640345145667644,0.3465362160717886,0.24,0.11496313693401444,0.4342968335542908,34.8,24.8,17.16,32.72,32.0599438552222,25.694298975980523,37.59647587804352,0.10223126993083972,25
0.2,20,0.04,0.007096233501987265,0.19544063736193734,0.24,0.11496313693401444,0.4342968335542908,30.48,10.48,4.08,16.92,19.438106903708498,14.005713120009277,24.149699768948157,0.1007529402993759,25
0.2,30,0.16,0.0640345145667644,0.3465362160717886,0.32,0.17205190306907978,0.5158973072689775,31.72,1.72,-5.72,9.32,19.20520762709948,15.061175251520526,22.578773216914943,0.10154536671314285,25
0.4,10,0.68,0.48410269273102247,0.8279480969309202,0.8,0.6086904963045967,0.9113941531319742,12.6,2.6,-0.76,7.36,11.054410884348384,2.4,18.140672521328042,0.19457392192729103,25
0.4,20,0.68,0.48410269273102247,0.8279480969309202,0.72,0.5242339480963842,0.8571614614904344,19.68,-0.32,-2.56,1.72,5.314132102234569,2.6151479060233207,7.445938443006621,0.2355453656145426,25
0.4,30,0.72,0.5242339480963842,0.8571614614904344,0.76,0.5657031664457093,0.8850368630659855,29.44,-0.56,-1.96,0.84,3.6441734316577197,2.4899799195977463,4.669047011971501,0.2272266936621265,25
0.6,10,1.0,0.8668077490609515,0.9999999999999999,1.0,0.8668077490609515,0.9999999999999999,9.88,-0.12,-0.52,0.28,1.0392304845413265,0.7745966692414834,1.2810129297914392,0.4732190928358166,25
0.6,20,1.0,0.8668077490609515,0.9999999999999999,1.0,0.8668077490609515,0.9999999999999999,19.8,-0.2,-0.72,0.28,1.3114877048604001,0.9159629402913869,1.6733200530681511,0.49027870429843956,25
0.6,30,1.0,0.8668077490609515,0.9999999999999999,1.0,0.8668077490609515,0.9999999999999999,30.16,0.16,-0.24,0.48,0.938083151964686,0.6324555320336759,1.2806248474865698,0.5012160021987121,25
0.8,10,1.0,0.8668077490609515,0.9999999999999999,1.0,0.8668077490609515,0.9999999999999999,10.04,0.04,-0.24,0.28,0.6633249580710799,0.4898979485566356,0.8,0.7961222682796288,25
0.8,20,1.0,0.8668077490609515,0.9999999999999999,1.0,0.8668077490609515,0.9999999999999999,19.76,-0.24,-0.44,-0.04,0.565685424949238,0.4,0.7211102550927979,0.8319108931467106,25
0.8,30,1.0,0.8668077490609515,0.9999999999999999,1.0,0.8668077490609515,0.9999999999999999,30.12,0.12,-0.2,0.4,0.7745966692414834,0.6324555320336759,0.8944271909999159,0.7842596088026549,25
1.0,10,1.0,0.8668077490609515,0.9999999999999999,1.0,0.8668077490609515,0.9999999999999999,9.88,-0.12,-0.32,0.12,0.6,0.282842712474619,0.8717797887081347,0.9348371723774588,25
1.0,20,1.0,0.8668077490609515,0.9999999999999999,1.0,0.8668077490609515,0.9999999999999999,19.92,-0.08,-0.32,0.16,0.6324555320336759,0.4472135954999579,0.7745966692414834,0.9244482056023999,25
1.0,30,1.0,0.8668077490609515,0.9999999999999999,1.0,0.8668077490609515,0.9999999999999999,30.16,0.16,-0.16,0.48,0.8,0.6,1.0,0.9424255622451966,25
