method,target,peak_mi_lag_days,peak_mi_value,min_leak_lag_days,min_leak_value,peak_tuple_count,scanned_lags,case,seed
daily,blue,121,0.13792544207562302,121,0.9272319033520362,1623,201,independent,91001
daily,core,199,0.11748300662275646,199,0.9410875853754267,1545,201,independent,91001
daily,red,181,0.12093183335849031,181,0.9380560307249125,1563,201,independent,91001
gap_limited,blue,114,0.262264436195228,114,0.8652493785424924,976,201,independent,91001
gap_limited,core,123,0.07753737646367176,123,0.9609367445804609,975,201,independent,91001
gap_limited,red,137,0.15627175445545505,137,0.9215637262198043,942,201,independent,91001
native,blue,154,0.5395085608016001,154,0.6966907490528663,51,201,independent,91001
native,core,175,0.3606605078580571,175,0.8167805146314313,52,201,independent,91001
native,red,136,0.487919464283069,136,0.7481556161641676,59,201,independent,91001
within_season,blue,114,0.26793617176551315,114,0.8626694707096874,966,201,independent,91001
within_season,core,123,0.08200579207372297,123,0.95867780244108,956,201,independent,91001
within_season,red,137,0.15473758046560232,137,0.9222204991320812,922,201,independent,91001
daily,blue,141,0.17950993576227264,141,0.9077541868152806,1603,201,independent,91002
daily,core,166,0.08095456202607118,166,0.9587370722522287,1578,201,independent,91002
daily,red,40,0.13131483487897574,40,0.9334570749896937,1704,201,independent,91002
gap_limited,blue,166,0.2242259502648703,166,0.8796161962175889,864,201,independent,91002
gap_limited,core,160,0.1729198284975839,164,0.9101480136534374,876,201,independent,91002
gap_limited,red,39,0.1632903319826961,196,0.9158283684082243,1127,201,independent,91002
native,blue,183,0.4873186865157791,183,0.7414838212857475,47,201,independent,91002
native,core,155,0.494394942683122,155,0.7429671317494437,49,201,independent,91002
native,red,188,0.477268693917118,197,0.7378659857186092,46,201,independent,91002
within_season,blue,166,0.26719784029328747,166,0.8538995262608297,836,201,independent,91002
within_season,core,159,0.1910853590784459,160,0.9012325124027522,857,201,independent,91002
within_season,red,39,0.1632903319826961,39,0.9166748826310244,1127,201,independent,91002
daily,blue,7,0.12257105378613053,7,0.9379244370804002,1732,201,independent,91003
daily,core,127,0.07870755834494358,127,0.9586992688077095,1617,201,independent,91003
daily,red,0,0.1853536692959516,0,0.9066191798206821,1732,201,independent,91003
gap_limited,blue,7,0.15285306319368114,7,0.9233253093698066,1320,201,independent,91003
gap_limited,core,139,0.12701090299001624,139,0.9337678890499451,936,201,independent,91003
gap_limited,red,8,0.21259574062307982,8,0.8934835939926506,1314,201,independent,91003
native,blue,169,0.394884818701973,169,0.7996171063980142,53,201,independent,91003
native,core,188,0.4801290351601829,188,0.7514117414789521,46,201,independent,91003
native,red,197,0.44575755542430723,197,0.7748549978745645,48,201,independent,91003
within_season,blue,7,0.15285306319368114,7,0.9233253093698066,1320,201,independent,91003
within_season,core,139,0.13157853377081102,139,0.9315432968519985,916,201,independent,91003
within_season,red,8,0.21259574062307982,8,0.8934835939926506,1314,201,independent,91003
daily,blue,59,0.09909818418786702,59,0.9501798054941558,1685,201,independent,91004
daily,core,1,0.12278890243842924,1,0.9384647985711358,1732,201,independent,91004
daily,red,103,0.10265528957026901,103,0.9481541628729658,1641,201,independent,91004
gap_limited,blue,44,0.12320533375516102,44,0.9381741409538502,1102,201,independent,91004
gap_limited,core,153,0.15104874077295002,153,0.9240662557282345,894,201,independent,91004
gap_limited,red,42,0.11173802310422029,42,0.942951801571688,1112,201,independent,91004
native,blue,45,0.409591664706182,45,0.7930338774677164,71,201,independent,91004
native,core,180,0.3770626052625382,180,0.8064294877749417,48,201,independent,91004
native,red,73,0.3597758037296337,73,0.8167271690390425,63,201,independent,91004
within_season,blue,44,0.12320533375516102,44,0.9381741409538502,1102,201,independent,91004
within_season,core,156,0.16477125153730654,156,0.916891710995627,866,201,independent,91004
within_season,red,42,0.11173802310422029,42,0.942951801571688,1112,201,independent,91004
daily,blue,22,0.26202291571833497,22,0.8680118803011898,1722,201,delayed_shared_driver,91001
daily,core,17,0.32721153143048315,17,0.833568990422811,1727,201,delayed_shared_driver,91001
daily,red,19,0.35892660729901904,19,0.8204473013794614,1725,201,delayed_shared_driver,91001
gap_limited,blue,22,0.26106400711842936,22,0.8693567233270179,1222,201,delayed_shared_driver,91001
gap_limited,core,17,0.4039314489273184,17,0.7976953396200552,1255,201,delayed_shared_driver,91001
gap_limited,red,19,0.31601439015861615,19,0.8415900982371525,1241,201,delayed_shared_driver,91001
native,blue,123,0.4297669439843591,123,0.7833081605285142,56,201,delayed_shared_driver,91001
native,core,12,0.601619264329889,12,0.6949145973671804,84,201,delayed_shared_driver,91001
native,red,22,0.5034888095742978,22,0.7468517691937407,85,201,delayed_shared_driver,91001
within_season,blue,22,0.26106400711842936,22,0.8693567233270179,1222,201,delayed_shared_driver,91001
within_season,core,17,0.4039314489273184,17,0.7976953396200552,1255,201,delayed_shared_driver,91001
within_season,red,19,0.31601439015861615,19,0.8415900982371525,1241,201,delayed_shared_driver,91001
daily,blue,18,0.31559221124182546,18,0.8411169432541175,1726,201,delayed_shared_driver,91002
daily,core,21,0.3074456572558144,21,0.8449119240594666,1723,201,delayed_shared_driver,91002
daily,red,21,0.4017317456883579,21,0.7978145347329465,1723,201,delayed_shared_driver,91002
gap_limited,blue,22,0.3454479764806159,22,0.8271473063456396,1222,201,delayed_shared_driver,91002
gap_limited,core,21,0.27244153313203634,21,0.8589904255998058,1228,201,delayed_shared_driver,91002
gap_limited,red,38,0.42037092762271194,38,0.7886164376876015,1132,201,delayed_shared_driver,91002
native,blue,23,0.5490837978972354,23,0.7243650685846846,73,201,delayed_shared_driver,91002
native,core,112,0.48854411435785783,112,0.7539164715839078,69,201,delayed_shared_driver,91002
native,red,19,0.5089321254364392,19,0.744429469703645,66,201,delayed_shared_driver,91002
within_season,blue,22,0.3454479764806159,22,0.8271473063456396,1222,201,delayed_shared_driver,91002
within_season,core,21,0.27244153313203634,21,0.8589904255998058,1228,201,delayed_shared_driver,91002
within_season,red,38,0.42037092762271194,38,0.7886164376876015,1132,201,delayed_shared_driver,91002
daily,blue,25,0.14042339496893416,25,0.9296034384362498,1719,201,delayed_shared_driver,91003
daily,core,16,0.3223576883849495,16,0.8371031539090685,1728,201,delayed_shared_driver,91003
daily,red,20,0.15631065171230313,20,0.9217528702864494,1724,201,delayed_shared_driver,91003
gap_limited,blue,25,0.27644159027387316,25,0.8607258014435273,1204,201,delayed_shared_driver,91003
gap_limited,core,16,0.4130385774423865,16,0.7907450673447475,1262,201,delayed_shared_driver,91003
gap_limited,red,21,0.26661104967447596,21,0.865046122733038,1228,201,delayed_shared_driver,91003
native,blue,25,0.4696866986767313,25,0.7647293500109366,61,201,delayed_shared_driver,91003
native,core,23,0.49090780219379326,23,0.753006173235927,73,201,delayed_shared_driver,91003
native,red,17,0.44558135557103884,17,0.7748602433077043,71,201,delayed_shared_driver,91003
within_season,blue,25,0.27644159027387316,25,0.8607258014435273,1204,201,delayed_shared_driver,91003
within_season,core,16,0.4130385774423865,16,0.7907450673447475,1262,201,delayed_shared_driver,91003
within_season,red,21,0.26661104967447596,21,0.865046122733038,1228,201,delayed_shared_driver,91003
daily,blue,17,0.4703251899557916,17,0.7638140123745201,1727,201,delayed_shared_driver,91004
daily,core,18,0.3800720514107527,18,0.8084087640921254,1726,201,delayed_shared_driver,91004
daily,red,18,0.3293319017202808,18,0.8349431248282777,1726,201,delayed_shared_driver,91004
gap_limited,blue,18,0.47733254388859875,18,0.7594823456652378,1248,201,delayed_shared_driver,91004
gap_limited,core,19,0.44786172720618805,19,0.7757247875210009,1241,201,delayed_shared_driver,91004
gap_limited,red,21,0.5212871984869134,21,0.7367441588159761,1228,201,delayed_shared_driver,91004
native,blue,11,0.5258348922633667,11,0.7213482945853268,66,201,delayed_shared_driver,91004
native,core,15,0.5547752611692018,15,0.7200110795483339,93,201,delayed_shared_driver,91004
native,red,25,0.657372298562198,25,0.6640913960467717,61,201,delayed_shared_driver,91004
within_season,blue,18,0.47733254388859875,18,0.7594823456652378,1248,201,delayed_shared_driver,91004
within_season,core,19,0.44786172720618805,19,0.7757247875210009,1241,201,delayed_shared_driver,91004
within_season,red,21,0.5212871984869134,21,0.7367441588159761,1228,201,delayed_shared_driver,91004
