target,candidate,conditions,lag_days,tuple_count,cmi_hist_3bin_bits,hist_empty_fraction,cmi_ksg_k3_bits,cmi_ksg_k5_bits
red,blue,continuum;red,1,1356,0.018181255024543628,0.345679012345679,0.0,0.0
red,blue,continuum;red,2,1350,0.03061960098151249,0.3333333333333333,0.0,0.0
red,blue,continuum;red,3,1344,0.053077674369766625,0.345679012345679,0.0,0.0
red,blue,continuum;red,4,1338,0.057468673319393954,0.2962962962962963,0.0,0.0
red,blue,continuum;red,5,1332,0.07685725400268074,0.30864197530864196,0.0,0.0
red,blue,continuum;red,6,1326,0.08261990499831405,0.2962962962962963,0.0,0.018311920800953275
red,blue,continuum;red,7,1320,0.08808465363009732,0.2839506172839506,0.0,0.054209965671318514
red,blue,continuum;red,8,1314,0.0926726437299399,0.2716049382716049,0.0,0.08686115938468869
red,blue,continuum;red,9,1308,0.09715464957855866,0.2716049382716049,0.0,0.10453454615298748
red,blue,continuum;red,10,1302,0.09961082164523911,0.2716049382716049,0.0,0.13000130228324236
red,blue,continuum;red,11,1296,0.10854607954700804,0.25925925925925924,0.0,0.15701448782549293
red,blue,continuum;red,12,1290,0.11835472369145382,0.2716049382716049,0.0,0.1794900372779327
red,blue,continuum;red,13,1283,0.12650298299579613,0.2839506172839506,0.0,0.19607757886101487
red,blue,continuum;red,14,1276,0.13348262792795237,0.2839506172839506,0.0,0.19287814545182802
red,blue,continuum;red,15,1269,0.13716366070608535,0.2962962962962963,0.0,0.2145251298144445
red,blue,continuum;red,16,1262,0.14392037929763704,0.30864197530864196,0.0013325476613772825,0.22669734525757096
red,blue,continuum;red,17,1255,0.1446429797924014,0.32098765432098764,0.014222271926648792,0.24261621839044545
red,blue,continuum;red,18,1248,0.15336655016874995,0.3333333333333333,0.021728472577089677,0.2381485915329605
red,blue,continuum;red,19,1241,0.15182820333266966,0.3333333333333333,0.02539528886818584,0.24402496266188967
red,blue,continuum;red,20,1234,0.15147691042821682,0.35802469135802467,0.022724718321893884,0.2530465870479447
red,blue,continuum;red,21,1228,0.1579957233319065,0.35802469135802467,0.011696692697309451,0.25567612646754023
red,blue,continuum;red,22,1222,0.16821077294586714,0.35802469135802467,0.0,0.24163746697775612
red,blue,continuum;red,23,1216,0.179695516562023,0.345679012345679,0.0,0.23190728730464708
red,blue,continuum;red,24,1210,0.17827089481809674,0.3333333333333333,0.0,0.23638968421401027
red,blue,continuum;red,25,1204,0.1851377027057563,0.35802469135802467,0.0,0.2395417146825815
red,blue,continuum;red,26,1198,0.18768867021825758,0.345679012345679,0.0,0.24719258860032292
red,blue,continuum;red,27,1192,0.1980674004779891,0.35802469135802467,0.0,0.2455713693287387
red,blue,continuum;red,28,1186,0.20660903239417094,0.3333333333333333,0.002123005352771594,0.25581433938417486
red,blue,continuum;red,29,1180,0.2039676190089822,0.30864197530864196,0.01077841307684644,0.2698441186828312
red,blue,continuum;red,30,1174,0.20178162912951553,0.32098765432098764,0.02311296781408556,0.2709909298440122
red,blue,continuum;red,31,1168,0.19941715765941267,0.32098765432098764,0.03120279131464405,0.2687959083830044
red,blue,continuum;red,32,1162,0.19807197179460093,0.32098765432098764,0.02291592843417512,0.24966545034461596
red,blue,continuum;red,33,1157,0.19627625630957213,0.30864197530864196,0.0,0.2213195118755058
red,blue,continuum;red,34,1151,0.20035340052667586,0.2839506172839506,0.0,0.19439105716982194
red,blue,continuum;red,35,1147,0.20687182499830642,0.2962962962962963,0.0,0.17846056188329537
red,blue,continuum;red,36,1142,0.2088217932909536,0.32098765432098764,0.0,0.18479025071884206
red,blue,continuum;red,37,1137,0.20993808064649302,0.3333333333333333,0.0,0.18546905886022388
red,blue,continuum;red,38,1132,0.21114481297337273,0.35802469135802467,0.0,0.19198030047698636
red,blue,continuum;red,39,1127,0.21116758942299022,0.35802469135802467,0.0,0.18523779645663788
red,blue,continuum;red,40,1122,0.2007441602638933,0.37037037037037035,0.0,0.19899749467452
red,blue,continuum;red,41,1117,0.20161686936948311,0.37037037037037035,0.008193650951968647,0.18757538392861803
red,blue,continuum;red,42,1112,0.1966967847081959,0.37037037037037035,0.0,0.16557404481375187
red,blue,continuum;red,43,1107,0.19623897899186984,0.37037037037037035,0.0,0.14921544256397293
red,blue,continuum;red,44,1102,0.1926105020030528,0.38271604938271603,0.0,0.14466258438454865
red,blue,continuum;red,45,1097,0.1916249648892638,0.38271604938271603,0.0,0.13443336618405274
red,blue,continuum;red,46,1092,0.19002456358014524,0.3950617283950617,0.0,0.12254902987931225
red,blue,continuum;red,47,1087,0.1873364220874771,0.3950617283950617,0.0,0.11988878783180731
red,blue,continuum;red,48,1082,0.18414561673174754,0.38271604938271603,0.0,0.09978282680548328
red,blue,continuum;red,49,1077,0.17859783613295663,0.38271604938271603,0.0,0.07268165452575327
red,blue,continuum;red,50,1072,0.16965732531207695,0.37037037037037035,0.0,0.0806171213727264
red,blue,continuum;red,51,1067,0.16462835934621617,0.37037037037037035,0.0,0.10346590040700715
red,blue,continuum;red,52,1063,0.1650662346167858,0.35802469135802467,0.0,0.11546267513086843
red,blue,continuum;red,53,1059,0.17684265494719986,0.37037037037037035,0.0,0.11568531713391458
red,blue,continuum;red,54,1055,0.1837979932776541,0.38271604938271603,0.0,0.11777619523199966
red,blue,continuum;red,55,1050,0.17989059823788112,0.3950617283950617,0.0,0.14911403520074654
red,blue,continuum;red,56,1046,0.17912835601504146,0.37037037037037035,0.0,0.17101653895458935
red,blue,continuum;red,57,1042,0.185384889572088,0.37037037037037035,0.0,0.17752242991011968
red,blue,continuum;red,58,1038,0.1914156215354205,0.37037037037037035,0.0,0.1828070737077207
red,blue,continuum;red,59,1035,0.19132213765586123,0.37037037037037035,0.0,0.17556078430815414
red,blue,continuum;red,60,1032,0.1846689589251654,0.37037037037037035,0.0,0.18450609864704906
red,blue,continuum;red,61,1029,0.18314718951020248,0.37037037037037035,0.0,0.19599036204886655
red,blue,continuum;red,62,1026,0.17838976273487597,0.35802469135802467,0.0,0.22321231991511947
red,blue,continuum;red,63,1023,0.17785018995262583,0.38271604938271603,0.0,0.2268172339990473
red,blue,continuum;red,64,1020,0.1758629766343687,0.37037037037037035,0.0,0.23341092339980404
red,blue,continuum;red,65,1018,0.17360647303130233,0.37037037037037035,0.0,0.23649705309888086
red,blue,continuum;red,66,1016,0.17454823464764546,0.345679012345679,0.0,0.2416688943638502
red,blue,continuum;red,67,1014,0.1809202175791707,0.35802469135802467,0.0,0.23870652476814216
red,blue,continuum;red,68,1013,0.1877606624746294,0.37037037037037035,0.0,0.22889114978796513
red,blue,continuum;red,69,1012,0.19162158900466575,0.35802469135802467,0.0,0.2327874837314681
red,blue,continuum;red,70,1011,0.19184998354658792,0.345679012345679,0.0,0.22935927532775574
red,blue,continuum;red,71,1010,0.18873768647164368,0.3333333333333333,0.0,0.20558799868465708
red,blue,continuum;red,72,1009,0.18635779438294114,0.3333333333333333,0.0,0.20726675682043083
red,blue,continuum;red,73,1008,0.1832697215747768,0.3333333333333333,0.0,0.19368814796538605
red,blue,continuum;red,74,1007,0.18369566206356638,0.3333333333333333,0.0,0.19361244277296294
red,blue,continuum;red,75,1006,0.1837837748712275,0.3333333333333333,0.0,0.18276011088952082
red,blue,continuum;red,76,1005,0.18458066142423785,0.30864197530864196,0.0,0.1807255829508392
red,blue,continuum;red,77,1004,0.18816290523630846,0.30864197530864196,0.0,0.1800806718927608
red,blue,continuum;red,78,1003,0.18377798916263607,0.2962962962962963,0.0,0.17962700363788467
red,blue,continuum;red,79,1002,0.18104794825245146,0.2962962962962963,0.0,0.17667725766690365
red,blue,continuum;red,80,1001,0.18737986181588945,0.30864197530864196,0.0,0.191146441416241
red,blue,continuum;red,81,1000,0.18659344165346142,0.2716049382716049,0.0,0.204963512844224
red,blue,continuum;red,82,999,0.16444873751393613,0.24691358024691357,0.0,0.21547195020425178
red,blue,continuum;red,83,998,0.15132608851663443,0.2345679012345679,0.0,0.21025296683937925
red,blue,continuum;red,84,997,0.1386444943925494,0.2222222222222222,0.0,0.175422998746538
red,blue,continuum;red,85,996,0.13936651199412764,0.2222222222222222,0.0,0.15960429227715497
red,blue,continuum;red,86,995,0.13163196255757073,0.20987654320987653,0.0,0.1605718580213164
red,blue,continuum;red,87,994,0.13120031266723495,0.2222222222222222,0.0,0.1789551216965225
red,blue,continuum;red,88,993,0.1428974679192801,0.2222222222222222,0.0,0.19104081388308847
red,blue,continuum;red,89,992,0.1478082229906359,0.2222222222222222,0.0,0.19192484975271928
red,blue,continuum;red,90,991,0.14842509139310042,0.20987654320987653,0.0,0.18383666473601304
red,blue,continuum;red,91,990,0.14705258012381667,0.2222222222222222,0.0,0.16773613990905692
red,blue,continuum;red,92,989,0.1485678718277997,0.2345679012345679,0.0,0.15624320025093885
red,blue,continuum;red,93,988,0.1461085854164471,0.2345679012345679,0.0,0.1545846562573803
red,blue,continuum;red,94,987,0.1284144198894559,0.19753086419753085,0.0,0.148414620632243
red,blue,continuum;red,95,986,0.13280555760395865,0.20987654320987653,0.0,0.16828601045542455
red,blue,continuum;red,96,985,0.13777790329112607,0.2345679012345679,0.0,0.1854503422257268
red,blue,continuum;red,97,983,0.13509909226904987,0.2222222222222222,0.0,0.19413960472364114
red,blue,continuum;red,98,982,0.14537969355828226,0.2222222222222222,0.0,0.22506299118375347
red,blue,continuum;red,99,981,0.14458307980076374,0.2345679012345679,0.006298484508110979,0.2509084044570075
red,blue,continuum;red,100,980,0.14579109877680554,0.2345679012345679,0.0,0.25161167932644457
