method,lag_days,tuple_count,line_observed_dates,continuum_observed_dates,unique_target_times,unique_line_predictor_dates,unique_continuum_predictor_dates
daily,0,1732,224,557,1732,,
gap_limited,0,1363,224,557,1363,,
within_season,0,1363,224,557,1363,,
native,0,223,224,557,223,223.0,217.0
daily,1,1732,224,557,1732,,
gap_limited,1,1356,224,557,1356,,
within_season,1,1356,224,557,1356,,
native,1,205,224,557,205,175.0,196.0
daily,2,1732,224,557,1732,,
gap_limited,2,1350,224,557,1350,,
within_season,2,1350,224,557,1350,,
native,2,83,224,557,83,72.0,77.0
daily,3,1732,224,557,1732,,
gap_limited,3,1344,224,557,1344,,
within_season,3,1344,224,557,1344,,
native,3,75,224,557,75,60.0,69.0
daily,4,1732,224,557,1732,,
gap_limited,4,1338,224,557,1338,,
within_season,4,1338,224,557,1338,,
native,4,75,224,557,75,61.0,66.0
daily,5,1732,224,557,1732,,
gap_limited,5,1332,224,557,1332,,
within_season,5,1332,224,557,1332,,
native,5,79,224,557,79,64.0,68.0
daily,6,1732,224,557,1732,,
gap_limited,6,1326,224,557,1326,,
within_season,6,1326,224,557,1326,,
native,6,97,224,557,97,81.0,87.0
daily,7,1732,224,557,1732,,
gap_limited,7,1320,224,557,1320,,
within_season,7,1320,224,557,1320,,
native,7,103,224,557,103,90.0,96.0
daily,8,1732,224,557,1732,,
gap_limited,8,1314,224,557,1314,,
within_season,8,1314,224,557,1314,,
native,8,100,224,557,100,86.0,93.0
daily,9,1732,224,557,1732,,
gap_limited,9,1308,224,557,1308,,
within_season,9,1308,224,557,1308,,
native,9,84,224,557,84,71.0,79.0
daily,10,1732,224,557,1732,,
gap_limited,10,1302,224,557,1302,,
within_season,10,1302,224,557,1302,,
native,10,66,224,557,66,55.0,63.0
daily,11,1732,224,557,1732,,
gap_limited,11,1296,224,557,1296,,
within_season,11,1296,224,557,1296,,
native,11,66,224,557,66,57.0,62.0
daily,12,1732,224,557,1732,,
gap_limited,12,1290,224,557,1290,,
within_season,12,1290,224,557,1290,,
native,12,84,224,557,84,71.0,77.0
daily,13,1731,224,557,1731,,
gap_limited,13,1283,224,557,1283,,
within_season,13,1283,224,557,1283,,
native,13,102,224,557,102,84.0,90.0
daily,14,1730,224,557,1730,,
gap_limited,14,1276,224,557,1276,,
within_season,14,1276,224,557,1276,,
native,14,108,224,557,108,91.0,101.0
daily,15,1729,224,557,1729,,
gap_limited,15,1269,224,557,1269,,
within_season,15,1269,224,557,1269,,
native,15,93,224,557,93,80.0,85.0
daily,16,1728,224,557,1728,,
gap_limited,16,1262,224,557,1262,,
within_season,16,1262,224,557,1262,,
native,16,86,224,557,86,73.0,79.0
daily,17,1727,224,557,1727,,
gap_limited,17,1255,224,557,1255,,
within_season,17,1255,224,557,1255,,
native,17,71,224,557,71,58.0,66.0
daily,18,1726,224,557,1726,,
gap_limited,18,1248,224,557,1248,,
within_season,18,1248,224,557,1248,,
native,18,70,224,557,70,60.0,65.0
daily,19,1725,224,557,1725,,
gap_limited,19,1241,224,557,1241,,
within_season,19,1241,224,557,1241,,
native,19,66,224,557,66,58.0,64.0
daily,20,1724,224,557,1724,,
gap_limited,20,1234,224,557,1234,,
within_season,20,1234,224,557,1234,,
native,20,90,224,557,90,79.0,83.0
daily,21,1723,224,557,1723,,
gap_limited,21,1228,224,557,1228,,
within_season,21,1228,224,557,1228,,
native,21,90,224,557,90,77.0,85.0
daily,22,1722,224,557,1722,,
gap_limited,22,1222,224,557,1222,,
within_season,22,1222,224,557,1222,,
native,22,85,224,557,85,69.0,78.0
daily,23,1721,224,557,1721,,
gap_limited,23,1216,224,557,1216,,
within_season,23,1216,224,557,1216,,
native,23,73,224,557,73,65.0,70.0
daily,24,1720,224,557,1720,,
gap_limited,24,1210,224,557,1210,,
within_season,24,1210,224,557,1210,,
native,24,65,224,557,65,56.0,58.0
daily,25,1719,224,557,1719,,
gap_limited,25,1204,224,557,1204,,
within_season,25,1204,224,557,1204,,
native,25,61,224,557,61,50.0,55.0
daily,26,1718,224,557,1718,,
gap_limited,26,1198,224,557,1198,,
within_season,26,1198,224,557,1198,,
native,26,68,224,557,68,58.0,64.0
daily,27,1717,224,557,1717,,
gap_limited,27,1192,224,557,1192,,
within_season,27,1192,224,557,1192,,
native,27,81,224,557,81,69.0,76.0
daily,28,1716,224,557,1716,,
gap_limited,28,1186,224,557,1186,,
within_season,28,1186,224,557,1186,,
native,28,85,224,557,85,71.0,83.0
daily,29,1715,224,557,1715,,
gap_limited,29,1180,224,557,1180,,
within_season,29,1180,224,557,1180,,
native,29,83,224,557,83,71.0,81.0
daily,30,1714,224,557,1714,,
gap_limited,30,1174,224,557,1174,,
within_season,30,1174,224,557,1174,,
native,30,74,224,557,74,60.0,68.0
daily,31,1713,224,557,1713,,
gap_limited,31,1168,224,557,1168,,
within_season,31,1168,224,557,1168,,
native,31,68,224,557,68,57.0,63.0
daily,32,1712,224,557,1712,,
gap_limited,32,1162,224,557,1162,,
within_season,32,1162,224,557,1162,,
native,32,66,224,557,66,57.0,59.0
daily,33,1711,224,557,1711,,
gap_limited,33,1157,224,557,1157,,
within_season,33,1157,224,557,1157,,
native,33,66,224,557,66,59.0,62.0
daily,34,1710,224,557,1710,,
gap_limited,34,1151,224,557,1151,,
within_season,34,1151,224,557,1151,,
native,34,72,224,557,72,63.0,66.0
daily,35,1709,224,557,1709,,
gap_limited,35,1147,224,557,1147,,
within_season,35,1147,224,557,1147,,
native,35,77,224,557,77,68.0,71.0
daily,36,1708,224,557,1708,,
gap_limited,36,1142,224,557,1142,,
within_season,36,1142,224,557,1142,,
native,36,73,224,557,73,64.0,67.0
daily,37,1707,224,557,1707,,
gap_limited,37,1137,224,557,1137,,
within_season,37,1137,224,557,1137,,
native,37,68,224,557,68,57.0,62.0
daily,38,1706,224,557,1706,,
gap_limited,38,1132,224,557,1132,,
within_season,38,1132,224,557,1132,,
native,38,61,224,557,61,52.0,55.0
daily,39,1705,224,557,1705,,
gap_limited,39,1127,224,557,1127,,
within_season,39,1127,224,557,1127,,
native,39,58,224,557,58,50.0,53.0
daily,40,1704,224,557,1704,,
gap_limited,40,1122,224,557,1122,,
within_season,40,1122,224,557,1122,,
native,40,66,224,557,66,57.0,62.0
daily,41,1703,224,557,1703,,
gap_limited,41,1117,224,557,1117,,
within_season,41,1117,224,557,1117,,
native,41,75,224,557,75,64.0,70.0
daily,42,1702,224,557,1702,,
gap_limited,42,1112,224,557,1112,,
within_season,42,1112,224,557,1112,,
native,42,82,224,557,82,67.0,73.0
daily,43,1701,224,557,1701,,
gap_limited,43,1107,224,557,1107,,
within_season,43,1107,224,557,1107,,
native,43,74,224,557,74,64.0,68.0
daily,44,1700,224,557,1700,,
gap_limited,44,1102,224,557,1102,,
within_season,44,1102,224,557,1102,,
native,44,72,224,557,72,62.0,66.0
daily,45,1699,224,557,1699,,
gap_limited,45,1097,224,557,1097,,
within_season,45,1097,224,557,1097,,
native,45,71,224,557,71,56.0,60.0
daily,46,1698,224,557,1698,,
gap_limited,46,1092,224,557,1092,,
within_season,46,1092,224,557,1092,,
native,46,72,224,557,72,55.0,62.0
daily,47,1697,224,557,1697,,
gap_limited,47,1087,224,557,1087,,
within_season,47,1087,224,557,1087,,
native,47,74,224,557,74,59.0,63.0
daily,48,1696,224,557,1696,,
gap_limited,48,1082,224,557,1082,,
within_season,48,1082,224,557,1082,,
native,48,68,224,557,68,56.0,62.0
daily,49,1695,224,557,1695,,
gap_limited,49,1077,224,557,1077,,
within_season,49,1077,224,557,1077,,
native,49,72,224,557,72,63.0,66.0
daily,50,1694,224,557,1694,,
gap_limited,50,1072,224,557,1072,,
within_season,50,1072,224,557,1072,,
native,50,76,224,557,76,69.0,71.0
daily,51,1693,224,557,1693,,
gap_limited,51,1067,224,557,1067,,
within_season,51,1067,224,557,1067,,
native,51,79,224,557,79,66.0,72.0
daily,52,1692,224,557,1692,,
gap_limited,52,1063,224,557,1063,,
within_season,52,1063,224,557,1063,,
native,52,74,224,557,74,58.0,65.0
daily,53,1691,224,557,1691,,
gap_limited,53,1059,224,557,1059,,
within_season,53,1059,224,557,1059,,
native,53,76,224,557,76,63.0,68.0
daily,54,1690,224,557,1690,,
gap_limited,54,1055,224,557,1055,,
within_season,54,1055,224,557,1055,,
native,54,75,224,557,75,62.0,69.0
daily,55,1689,224,557,1689,,
gap_limited,55,1050,224,557,1050,,
within_season,55,1050,224,557,1050,,
native,55,83,224,557,83,72.0,76.0
daily,56,1688,224,557,1688,,
gap_limited,56,1046,224,557,1046,,
within_season,56,1046,224,557,1046,,
native,56,88,224,557,88,73.0,81.0
daily,57,1687,224,557,1687,,
gap_limited,57,1042,224,557,1042,,
within_season,57,1042,224,557,1042,,
native,57,91,224,557,91,73.0,82.0
daily,58,1686,224,557,1686,,
gap_limited,58,1038,224,557,1038,,
within_season,58,1038,224,557,1038,,
native,58,87,224,557,87,66.0,74.0
daily,59,1685,224,557,1685,,
gap_limited,59,1035,224,557,1035,,
within_season,59,1035,224,557,1035,,
native,59,83,224,557,83,64.0,73.0
daily,60,1684,224,557,1684,,
gap_limited,60,1032,224,557,1032,,
within_season,60,1032,224,557,1032,,
native,60,68,224,557,68,58.0,61.0
daily,61,1683,224,557,1683,,
gap_limited,61,1029,224,557,1029,,
within_season,61,1029,224,557,1029,,
native,61,72,224,557,72,60.0,65.0
daily,62,1682,224,557,1682,,
gap_limited,62,1026,224,557,1026,,
within_season,62,1026,224,557,1026,,
native,62,74,224,557,74,61.0,67.0
daily,63,1681,224,557,1681,,
gap_limited,63,1023,224,557,1023,,
within_season,63,1023,224,557,1023,,
native,63,77,224,557,77,66.0,73.0
daily,64,1680,224,557,1680,,
gap_limited,64,1020,224,557,1020,,
within_season,64,1020,224,557,1020,,
native,64,69,224,557,69,59.0,66.0
daily,65,1679,224,557,1679,,
gap_limited,65,1018,224,557,1018,,
within_season,65,1018,224,557,1018,,
native,65,68,224,557,68,56.0,64.0
daily,66,1678,224,557,1678,,
gap_limited,66,1016,224,557,1016,,
within_season,66,1016,224,557,1016,,
native,66,73,224,557,73,59.0,64.0
daily,67,1677,224,557,1677,,
gap_limited,67,1014,224,557,1014,,
within_season,67,1014,224,557,1014,,
native,67,63,224,557,63,51.0,58.0
daily,68,1676,224,557,1676,,
gap_limited,68,1013,224,557,1013,,
within_season,68,1013,224,557,1013,,
native,68,68,224,557,68,57.0,63.0
daily,69,1675,224,557,1675,,
gap_limited,69,1012,224,557,1012,,
within_season,69,1012,224,557,1012,,
native,69,72,224,557,72,55.0,62.0
daily,70,1674,224,557,1674,,
gap_limited,70,1011,224,557,1011,,
within_season,70,1011,224,557,1011,,
native,70,86,224,557,86,74.0,78.0
daily,71,1673,224,557,1673,,
gap_limited,71,1010,224,557,1010,,
within_season,71,1010,224,557,1010,,
native,71,81,224,557,81,64.0,72.0
daily,72,1672,224,557,1672,,
gap_limited,72,1009,224,557,1009,,
within_season,72,1009,224,557,1009,,
native,72,71,224,557,71,58.0,63.0
daily,73,1671,224,557,1671,,
gap_limited,73,1008,224,557,1008,,
within_season,73,1008,224,557,1008,,
native,73,63,224,557,63,50.0,55.0
daily,74,1670,224,557,1670,,
gap_limited,74,1007,224,557,1007,,
within_season,74,1007,224,557,1007,,
native,74,62,224,557,62,53.0,57.0
daily,75,1669,224,557,1669,,
gap_limited,75,1006,224,557,1006,,
within_season,75,1006,224,557,1006,,
native,75,68,224,557,68,59.0,64.0
daily,76,1668,224,557,1668,,
gap_limited,76,1005,224,557,1005,,
within_season,76,1005,224,557,1005,,
native,76,72,224,557,72,58.0,65.0
daily,77,1667,224,557,1667,,
gap_limited,77,1004,224,557,1004,,
within_season,77,1004,224,557,1004,,
native,77,78,224,557,78,66.0,72.0
daily,78,1666,224,557,1666,,
gap_limited,78,1003,224,557,1003,,
within_season,78,1003,224,557,1003,,
native,78,77,224,557,77,65.0,69.0
daily,79,1665,224,557,1665,,
gap_limited,79,1002,224,557,1002,,
within_season,79,1002,224,557,1002,,
native,79,72,224,557,72,60.0,66.0
daily,80,1664,224,557,1664,,
gap_limited,80,1001,224,557,1001,,
within_season,80,1001,224,557,1001,,
native,80,70,224,557,70,57.0,62.0
daily,81,1663,224,557,1663,,
gap_limited,81,1000,224,557,1000,,
within_season,81,1000,224,557,1000,,
native,81,70,224,557,70,60.0,65.0
daily,82,1662,224,557,1662,,
gap_limited,82,999,224,557,999,,
within_season,82,999,224,557,999,,
native,82,76,224,557,76,64.0,71.0
daily,83,1661,224,557,1661,,
gap_limited,83,998,224,557,998,,
within_season,83,998,224,557,998,,
native,83,83,224,557,83,67.0,77.0
daily,84,1660,224,557,1660,,
gap_limited,84,997,224,557,997,,
within_season,84,997,224,557,997,,
native,84,75,224,557,75,64.0,70.0
daily,85,1659,224,557,1659,,
gap_limited,85,996,224,557,996,,
within_season,85,996,224,557,996,,
native,85,67,224,557,67,58.0,61.0
daily,86,1658,224,557,1658,,
gap_limited,86,995,224,557,995,,
within_season,86,995,224,557,995,,
native,86,59,224,557,59,53.0,57.0
daily,87,1657,224,557,1657,,
gap_limited,87,994,224,557,994,,
within_season,87,994,224,557,994,,
native,87,59,224,557,59,49.0,57.0
daily,88,1656,224,557,1656,,
gap_limited,88,993,224,557,993,,
within_season,88,993,224,557,993,,
native,88,69,224,557,69,57.0,67.0
daily,89,1655,224,557,1655,,
gap_limited,89,992,224,557,992,,
within_season,89,992,224,557,992,,
native,89,68,224,557,68,58.0,62.0
daily,90,1654,224,557,1654,,
gap_limited,90,991,224,557,991,,
within_season,90,991,224,557,991,,
native,90,76,224,557,76,67.0,72.0
daily,91,1653,224,557,1653,,
gap_limited,91,990,224,557,990,,
within_season,91,990,224,557,990,,
native,91,79,224,557,79,72.0,74.0
daily,92,1652,224,557,1652,,
gap_limited,92,989,224,557,989,,
within_season,92,989,224,557,989,,
native,92,78,224,557,78,66.0,72.0
daily,93,1651,224,557,1651,,
gap_limited,93,988,224,557,988,,
within_season,93,988,224,557,988,,
native,93,67,224,557,67,56.0,62.0
daily,94,1650,224,557,1650,,
gap_limited,94,987,224,557,987,,
within_season,94,987,224,557,987,,
native,94,64,224,557,64,51.0,56.0
daily,95,1649,224,557,1649,,
gap_limited,95,986,224,557,986,,
within_season,95,986,224,557,986,,
native,95,58,224,557,58,49.0,54.0
daily,96,1648,224,557,1648,,
gap_limited,96,985,224,557,985,,
within_season,96,985,224,557,985,,
native,96,66,224,557,66,55.0,62.0
daily,97,1647,224,557,1647,,
gap_limited,97,983,224,557,983,,
within_season,97,983,224,557,983,,
native,97,64,224,557,64,53.0,60.0
daily,98,1646,224,557,1646,,
gap_limited,98,982,224,557,982,,
within_season,98,982,224,557,982,,
native,98,70,224,557,70,63.0,68.0
daily,99,1645,224,557,1645,,
gap_limited,99,981,224,557,981,,
within_season,99,981,224,557,981,,
native,99,68,224,557,68,58.0,61.0
daily,100,1644,224,557,1644,,
gap_limited,100,980,224,557,980,,
within_season,100,980,224,557,980,,
native,100,60,224,557,60,49.0,54.0
daily,101,1643,224,557,1643,,
gap_limited,101,979,224,557,979,,
within_season,101,979,224,557,979,,
native,101,55,224,557,55,47.0,50.0
daily,102,1642,224,557,1642,,
gap_limited,102,978,224,557,978,,
within_season,102,978,224,557,978,,
native,102,59,224,557,59,51.0,54.0
daily,103,1641,224,557,1641,,
gap_limited,103,977,224,557,977,,
within_season,103,977,224,557,977,,
native,103,62,224,557,62,54.0,59.0
daily,104,1640,224,557,1640,,
gap_limited,104,976,224,557,976,,
within_season,104,976,224,557,976,,
native,104,65,224,557,65,55.0,58.0
daily,105,1639,224,557,1639,,
gap_limited,105,976,224,557,976,,
within_season,105,975,224,557,975,,
native,105,70,224,557,70,60.0,64.0
daily,106,1638,224,557,1638,,
gap_limited,106,976,224,557,976,,
within_season,106,974,224,557,974,,
native,106,74,224,557,74,65.0,69.0
daily,107,1637,224,557,1637,,
gap_limited,107,976,224,557,976,,
within_season,107,973,224,557,973,,
native,107,79,224,557,79,68.0,70.0
daily,108,1636,224,557,1636,,
gap_limited,108,976,224,557,976,,
within_season,108,972,224,557,972,,
native,108,64,224,557,64,53.0,58.0
daily,109,1635,224,557,1635,,
gap_limited,109,976,224,557,976,,
within_season,109,971,224,557,971,,
native,109,62,224,557,62,50.0,54.0
daily,110,1634,224,557,1634,,
gap_limited,110,976,224,557,976,,
within_season,110,970,224,557,970,,
native,110,59,224,557,59,49.0,52.0
daily,111,1633,224,557,1633,,
gap_limited,111,976,224,557,976,,
within_season,111,969,224,557,969,,
native,111,62,224,557,62,51.0,53.0
daily,112,1632,224,557,1632,,
gap_limited,112,976,224,557,976,,
within_season,112,968,224,557,968,,
native,112,69,224,557,69,58.0,63.0
daily,113,1631,224,557,1631,,
gap_limited,113,976,224,557,976,,
within_season,113,967,224,557,967,,
native,113,65,224,557,65,54.0,59.0
daily,114,1630,224,557,1630,,
gap_limited,114,976,224,557,976,,
within_season,114,966,224,557,966,,
native,114,67,224,557,67,61.0,64.0
daily,115,1629,224,557,1629,,
gap_limited,115,976,224,557,976,,
within_season,115,965,224,557,965,,
native,115,68,224,557,68,56.0,61.0
daily,116,1628,224,557,1628,,
gap_limited,116,976,224,557,976,,
within_season,116,964,224,557,964,,
native,116,59,224,557,59,49.0,52.0
daily,117,1627,224,557,1627,,
gap_limited,117,976,224,557,976,,
within_season,117,963,224,557,963,,
native,117,58,224,557,58,49.0,51.0
daily,118,1626,224,557,1626,,
gap_limited,118,976,224,557,976,,
within_season,118,962,224,557,962,,
native,118,63,224,557,63,54.0,57.0
daily,119,1625,224,557,1625,,
gap_limited,119,976,224,557,976,,
within_season,119,961,224,557,961,,
native,119,71,224,557,71,64.0,69.0
daily,120,1624,224,557,1624,,
gap_limited,120,976,224,557,976,,
within_season,120,960,224,557,960,,
native,120,72,224,557,72,61.0,65.0
daily,121,1623,224,557,1623,,
gap_limited,121,976,224,557,976,,
within_season,121,959,224,557,959,,
native,121,65,224,557,65,54.0,55.0
daily,122,1622,224,557,1622,,
gap_limited,122,976,224,557,976,,
within_season,122,958,224,557,958,,
native,122,60,224,557,60,50.0,54.0
daily,123,1621,224,557,1621,,
gap_limited,123,975,224,557,975,,
within_season,123,956,224,557,956,,
native,123,56,224,557,56,46.0,47.0
daily,124,1620,224,557,1620,,
gap_limited,124,974,224,557,974,,
within_season,124,954,224,557,954,,
native,124,55,224,557,55,45.0,47.0
daily,125,1619,224,557,1619,,
gap_limited,125,972,224,557,972,,
within_season,125,952,224,557,952,,
native,125,57,224,557,57,51.0,52.0
daily,126,1618,224,557,1618,,
gap_limited,126,970,224,557,970,,
within_season,126,950,224,557,950,,
native,126,60,224,557,60,50.0,54.0
daily,127,1617,224,557,1617,,
gap_limited,127,968,224,557,968,,
within_season,127,948,224,557,948,,
native,127,62,224,557,62,53.0,58.0
daily,128,1616,224,557,1616,,
gap_limited,128,966,224,557,966,,
within_season,128,946,224,557,946,,
native,128,61,224,557,61,51.0,54.0
daily,129,1615,224,557,1615,,
gap_limited,129,964,224,557,964,,
within_season,129,944,224,557,944,,
native,129,52,224,557,52,45.0,48.0
daily,130,1614,224,557,1614,,
gap_limited,130,962,224,557,962,,
within_season,130,942,224,557,942,,
native,130,55,224,557,55,50.0,52.0
daily,131,1613,224,557,1613,,
gap_limited,131,960,224,557,960,,
within_season,131,940,224,557,940,,
native,131,59,224,557,59,50.0,55.0
daily,132,1612,224,557,1612,,
gap_limited,132,957,224,557,957,,
within_season,132,937,224,557,937,,
native,132,65,224,557,65,58.0,62.0
daily,133,1611,224,557,1611,,
gap_limited,133,954,224,557,954,,
within_season,133,934,224,557,934,,
native,133,71,224,557,71,65.0,66.0
daily,134,1610,224,557,1610,,
gap_limited,134,951,224,557,951,,
within_season,134,931,224,557,931,,
native,134,68,224,557,68,60.0,64.0
daily,135,1609,224,557,1609,,
gap_limited,135,948,224,557,948,,
within_season,135,928,224,557,928,,
native,135,72,224,557,72,56.0,60.0
daily,136,1608,224,557,1608,,
gap_limited,136,945,224,557,945,,
within_season,136,925,224,557,925,,
native,136,59,224,557,59,49.0,49.0
daily,137,1607,224,557,1607,,
gap_limited,137,942,224,557,942,,
within_season,137,922,224,557,922,,
native,137,57,224,557,57,47.0,48.0
daily,138,1606,224,557,1606,,
gap_limited,138,939,224,557,939,,
within_season,138,919,224,557,919,,
native,138,55,224,557,55,48.0,49.0
daily,139,1605,224,557,1605,,
gap_limited,139,936,224,557,936,,
within_season,139,916,224,557,916,,
native,139,58,224,557,58,50.0,53.0
daily,140,1604,224,557,1604,,
gap_limited,140,933,224,557,933,,
within_season,140,913,224,557,913,,
native,140,66,224,557,66,57.0,59.0
daily,141,1603,224,557,1603,,
gap_limited,141,930,224,557,930,,
within_season,141,910,224,557,910,,
native,141,65,224,557,65,55.0,60.0
daily,142,1602,224,557,1602,,
gap_limited,142,927,224,557,927,,
within_season,142,907,224,557,907,,
native,142,59,224,557,59,49.0,56.0
daily,143,1601,224,557,1601,,
gap_limited,143,924,224,557,924,,
within_season,143,904,224,557,904,,
native,143,56,224,557,56,48.0,53.0
daily,144,1600,224,557,1600,,
gap_limited,144,921,224,557,921,,
within_season,144,901,224,557,901,,
native,144,57,224,557,57,48.0,53.0
daily,145,1599,224,557,1599,,
gap_limited,145,918,224,557,918,,
within_season,145,898,224,557,898,,
native,145,58,224,557,58,53.0,56.0
daily,146,1598,224,557,1598,,
gap_limited,146,915,224,557,915,,
within_season,146,895,224,557,895,,
native,146,55,224,557,55,48.0,51.0
daily,147,1597,224,557,1597,,
gap_limited,147,912,224,557,912,,
within_season,147,892,224,557,892,,
native,147,60,224,557,60,52.0,57.0
daily,148,1596,224,557,1596,,
gap_limited,148,909,224,557,909,,
within_season,148,889,224,557,889,,
native,148,66,224,557,66,54.0,59.0
daily,149,1595,224,557,1595,,
gap_limited,149,906,224,557,906,,
within_season,149,886,224,557,886,,
native,149,64,224,557,64,56.0,57.0
daily,150,1594,224,557,1594,,
gap_limited,150,903,224,557,903,,
within_season,150,883,224,557,883,,
native,150,57,224,557,57,48.0,52.0
daily,151,1593,224,557,1593,,
gap_limited,151,900,224,557,900,,
within_season,151,880,224,557,880,,
native,151,52,224,557,52,46.0,48.0
daily,152,1592,224,557,1592,,
gap_limited,152,897,224,557,897,,
within_season,152,877,224,557,877,,
native,152,54,224,557,54,51.0,51.0
daily,153,1591,224,557,1591,,
gap_limited,153,894,224,557,894,,
within_season,153,874,224,557,874,,
native,153,52,224,557,52,47.0,48.0
daily,154,1590,224,557,1590,,
gap_limited,154,891,224,557,891,,
within_season,154,871,224,557,871,,
native,154,51,224,557,51,48.0,49.0
daily,155,1589,224,557,1589,,
gap_limited,155,889,224,557,889,,
within_season,155,869,224,557,869,,
native,155,49,224,557,49,43.0,44.0
daily,156,1588,224,557,1588,,
gap_limited,156,886,224,557,886,,
within_season,156,866,224,557,866,,
native,156,51,224,557,51,46.0,47.0
daily,157,1587,224,557,1587,,
gap_limited,157,883,224,557,883,,
within_season,157,863,224,557,863,,
native,157,47,224,557,47,41.0,44.0
daily,158,1586,224,557,1586,,
gap_limited,158,880,224,557,880,,
within_season,158,860,224,557,860,,
native,158,48,224,557,48,43.0,45.0
daily,159,1585,224,557,1585,,
gap_limited,159,878,224,557,878,,
within_season,159,857,224,557,857,,
native,159,53,224,557,53,49.0,50.0
daily,160,1584,224,557,1584,,
gap_limited,160,876,224,557,876,,
within_season,160,854,224,557,854,,
native,160,58,224,557,58,48.0,52.0
daily,161,1583,224,557,1583,,
gap_limited,161,874,224,557,874,,
within_season,161,851,224,557,851,,
native,161,59,224,557,59,50.0,53.0
daily,162,1582,224,557,1582,,
gap_limited,162,872,224,557,872,,
within_season,162,848,224,557,848,,
native,162,63,224,557,63,54.0,56.0
daily,163,1581,224,557,1581,,
gap_limited,163,870,224,557,870,,
within_season,163,845,224,557,845,,
native,163,59,224,557,59,54.0,55.0
daily,164,1580,224,557,1580,,
gap_limited,164,868,224,557,868,,
within_season,164,842,224,557,842,,
native,164,54,224,557,54,48.0,48.0
daily,165,1579,224,557,1579,,
gap_limited,165,866,224,557,866,,
within_season,165,839,224,557,839,,
native,165,60,224,557,60,50.0,54.0
daily,166,1578,224,557,1578,,
gap_limited,166,864,224,557,864,,
within_season,166,836,224,557,836,,
native,166,57,224,557,57,47.0,52.0
daily,167,1577,224,557,1577,,
gap_limited,167,862,224,557,862,,
within_season,167,833,224,557,833,,
native,167,55,224,557,55,49.0,52.0
daily,168,1576,224,557,1576,,
gap_limited,168,861,224,557,861,,
within_season,168,831,224,557,831,,
native,168,52,224,557,52,44.0,48.0
daily,169,1575,224,557,1575,,
gap_limited,169,860,224,557,860,,
within_season,169,829,224,557,829,,
native,169,53,224,557,53,46.0,48.0
daily,170,1574,224,557,1574,,
gap_limited,170,859,224,557,859,,
within_season,170,827,224,557,827,,
native,170,50,224,557,50,46.0,48.0
daily,171,1573,224,557,1573,,
gap_limited,171,858,224,557,858,,
within_season,171,825,224,557,825,,
native,171,51,224,557,51,46.0,48.0
daily,172,1572,224,557,1572,,
gap_limited,172,857,224,557,857,,
within_season,172,823,224,557,823,,
native,172,50,224,557,50,46.0,48.0
daily,173,1571,224,557,1571,,
gap_limited,173,856,224,557,856,,
within_season,173,821,224,557,821,,
native,173,50,224,557,50,48.0,49.0
daily,174,1570,224,557,1570,,
gap_limited,174,855,224,557,855,,
within_season,174,819,224,557,819,,
native,174,50,224,557,50,43.0,44.0
daily,175,1569,224,557,1569,,
gap_limited,175,854,224,557,854,,
within_season,175,817,224,557,817,,
native,175,52,224,557,52,44.0,46.0
daily,176,1568,224,557,1568,,
gap_limited,176,853,224,557,853,,
within_season,176,815,224,557,815,,
native,176,56,224,557,56,49.0,51.0
daily,177,1567,224,557,1567,,
gap_limited,177,852,224,557,852,,
within_season,177,813,224,557,813,,
native,177,58,224,557,58,50.0,52.0
daily,178,1566,224,557,1566,,
gap_limited,178,851,224,557,851,,
within_season,178,811,224,557,811,,
native,178,54,224,557,54,51.0,54.0
daily,179,1565,224,557,1565,,
gap_limited,179,850,224,557,850,,
within_season,179,809,224,557,809,,
native,179,56,224,557,56,49.0,51.0
daily,180,1564,224,557,1564,,
gap_limited,180,849,224,557,849,,
within_season,180,807,224,557,807,,
native,180,48,224,557,48,40.0,43.0
daily,181,1563,224,557,1563,,
gap_limited,181,848,224,557,848,,
within_season,181,805,224,557,805,,
native,181,55,224,557,55,48.0,49.0
daily,182,1562,224,557,1562,,
gap_limited,182,847,224,557,847,,
within_season,182,803,224,557,803,,
native,182,52,224,557,52,45.0,46.0
daily,183,1561,224,557,1561,,
gap_limited,183,846,224,557,846,,
within_season,183,801,224,557,801,,
native,183,47,224,557,47,44.0,44.0
daily,184,1560,224,557,1560,,
gap_limited,184,845,224,557,845,,
within_season,184,799,224,557,799,,
native,184,55,224,557,55,48.0,50.0
daily,185,1559,224,557,1559,,
gap_limited,185,844,224,557,844,,
within_season,185,797,224,557,797,,
native,185,56,224,557,56,50.0,52.0
daily,186,1558,224,557,1558,,
gap_limited,186,843,224,557,843,,
within_season,186,795,224,557,795,,
native,186,53,224,557,53,45.0,47.0
daily,187,1557,224,557,1557,,
gap_limited,187,842,224,557,842,,
within_season,187,793,224,557,793,,
native,187,46,224,557,46,41.0,42.0
daily,188,1556,224,557,1556,,
gap_limited,188,841,224,557,841,,
within_season,188,791,224,557,791,,
native,188,46,224,557,46,41.0,41.0
daily,189,1555,224,557,1555,,
gap_limited,189,840,224,557,840,,
within_season,189,789,224,557,789,,
native,189,54,224,557,54,46.0,48.0
daily,190,1554,224,557,1554,,
gap_limited,190,840,224,557,840,,
within_season,190,788,224,557,788,,
native,190,66,224,557,66,54.0,55.0
daily,191,1553,224,557,1553,,
gap_limited,191,840,224,557,840,,
within_season,191,787,224,557,787,,
native,191,63,224,557,63,49.0,51.0
daily,192,1552,224,557,1552,,
gap_limited,192,840,224,557,840,,
within_season,192,786,224,557,786,,
native,192,59,224,557,59,45.0,50.0
daily,193,1551,224,557,1551,,
gap_limited,193,840,224,557,840,,
within_season,193,785,224,557,785,,
native,193,54,224,557,54,47.0,48.0
daily,194,1550,224,557,1550,,
gap_limited,194,840,224,557,840,,
within_season,194,784,224,557,784,,
native,194,56,224,557,56,48.0,50.0
daily,195,1549,224,557,1549,,
gap_limited,195,840,224,557,840,,
within_season,195,783,224,557,783,,
native,195,53,224,557,53,47.0,47.0
daily,196,1548,224,557,1548,,
gap_limited,196,840,224,557,840,,
within_season,196,782,224,557,782,,
native,196,52,224,557,52,46.0,48.0
daily,197,1547,224,557,1547,,
gap_limited,197,840,224,557,840,,
within_season,197,781,224,557,781,,
native,197,48,224,557,48,43.0,46.0
daily,198,1546,224,557,1546,,
gap_limited,198,840,224,557,840,,
within_season,198,780,224,557,780,,
native,198,51,224,557,51,43.0,44.0
daily,199,1545,224,557,1545,,
gap_limited,199,840,224,557,840,,
within_season,199,779,224,557,779,,
native,199,54,224,557,54,46.0,47.0
daily,200,1544,224,557,1544,,
gap_limited,200,840,224,557,840,,
within_season,200,778,224,557,778,,
native,200,51,224,557,51,45.0,46.0
